2025-03-09 10:53:15,047 - verilog_tb_gen - INFO - Save graph to ./outputs/lang/graph.mmd You can paste this code to https://mermaid.live to generate the chart.
2025-03-09 10:53:15,683 - verilog_tb_gen - INFO - ==================== Generate data: 1340 ====================
2025-03-09 10:53:20,460 - verilog_tb_gen - INFO - Finished llm_function_points in 4.67 seconds
2025-03-09 10:53:25,823 - verilog_tb_gen - INFO - Finished llm_testcases in 5.36 seconds
2025-03-09 10:53:39,226 - verilog_tb_gen - INFO - Finished llm_testbench in 13.40 seconds
2025-03-09 10:53:42,189 - verilog_tb_gen - INFO - Finished vcs_compile in 2.96 seconds
2025-03-09 10:53:44,528 - verilog_tb_gen - INFO - Line coverage at iteration 0 is 66.15%
2025-03-09 10:53:44,528 - verilog_tb_gen - INFO - Finished vcs_coverage in 2.34 seconds
2025-03-09 10:53:58,369 - verilog_tb_gen - INFO - Finished llm_coverage in 13.84 seconds
2025-03-09 10:54:01,977 - verilog_tb_gen - INFO - Line coverage at iteration 1 is 76.92%
2025-03-09 10:54:01,977 - verilog_tb_gen - INFO - Finished vcs_coverage in 3.60 seconds
2025-03-09 10:54:17,833 - verilog_tb_gen - INFO - Finished llm_coverage in 15.85 seconds
2025-03-09 10:54:19,711 - verilog_tb_gen - INFO - Line coverage at iteration 2 is 76.92%
2025-03-09 10:54:19,712 - verilog_tb_gen - INFO - Finished vcs_coverage in 1.88 seconds
2025-03-09 10:54:35,943 - verilog_tb_gen - INFO - Finished llm_coverage in 16.23 seconds
2025-03-09 10:54:37,827 - verilog_tb_gen - INFO - Line coverage at iteration 3 is 76.92%
2025-03-09 10:54:37,827 - verilog_tb_gen - INFO - Finished vcs_coverage in 1.88 seconds
2025-03-09 10:54:37,827 - verilog_tb_gen - INFO - Reached maximum iterations (3). Stopping retry loop.
2025-03-09 10:54:37,832 - verilog_tb_gen - INFO - ===== Error for 1340 =====
2025-03-09 10:54:37,832 - verilog_tb_gen - INFO - list index out of range
2025-03-09 10:54:37,832 - verilog_tb_gen - INFO - ==================== Time Cost: 82.14914202690125 ====================
2025-03-09 10:54:37,832 - verilog_tb_gen - INFO - ==================== Generate data: 1341 ====================
2025-03-09 10:54:42,888 - verilog_tb_gen - INFO - Finished llm_function_points in 4.96 seconds
2025-03-09 10:54:47,361 - verilog_tb_gen - INFO - Finished llm_testcases in 4.47 seconds
2025-03-09 10:54:55,664 - verilog_tb_gen - INFO - Finished llm_testbench in 8.30 seconds
2025-03-09 10:54:58,604 - verilog_tb_gen - INFO - Finished vcs_compile in 2.94 seconds
2025-03-09 10:55:00,925 - verilog_tb_gen - INFO - Line coverage at iteration 0 is 100.0%
2025-03-09 10:55:00,925 - verilog_tb_gen - INFO - Finished vcs_coverage in 2.32 seconds
2025-03-09 10:55:01,432 - verilog_tb_gen - INFO - Finished vcs_simulate in 0.51 seconds
2025-03-09 10:55:12,134 - verilog_tb_gen - INFO - Finished llm_testbench_align in 10.70 seconds
2025-03-09 10:55:15,154 - verilog_tb_gen - INFO - Finished vcs_simulate_align in 3.02 seconds
2025-03-09 10:55:15,156 - verilog_tb_gen - INFO - Successfully generated testbench for 1341
2025-03-09 10:55:15,169 - verilog_tb_gen - INFO - ==================== Time Cost: 37.3363516330719 ====================
2025-03-09 10:55:15,169 - verilog_tb_gen - INFO - ==================== Generate data: 1342 ====================
2025-03-09 10:55:19,726 - verilog_tb_gen - INFO - Finished llm_function_points in 4.46 seconds
2025-03-09 10:55:24,719 - verilog_tb_gen - INFO - Finished llm_testcases in 4.99 seconds
2025-03-09 10:55:44,844 - verilog_tb_gen - INFO - Finished llm_testbench in 20.12 seconds
2025-03-09 10:55:47,810 - verilog_tb_gen - INFO - Finished vcs_compile in 2.96 seconds
2025-03-09 10:55:50,068 - verilog_tb_gen - INFO - Line coverage at iteration 0 is 100.0%
2025-03-09 10:55:50,068 - verilog_tb_gen - INFO - Finished vcs_coverage in 2.26 seconds
2025-03-09 10:55:50,572 - verilog_tb_gen - INFO - Finished vcs_simulate in 0.50 seconds
2025-03-09 10:56:16,014 - verilog_tb_gen - INFO - Finished llm_testbench_align in 25.44 seconds
2025-03-09 10:56:18,991 - verilog_tb_gen - INFO - Finished vcs_simulate_align in 2.98 seconds
2025-03-09 10:56:18,993 - verilog_tb_gen - INFO - Successfully generated testbench for 1342
2025-03-09 10:56:19,005 - verilog_tb_gen - INFO - ==================== Time Cost: 63.83592915534973 ====================
2025-03-09 10:56:19,005 - verilog_tb_gen - INFO - ==================== Generate data: 1343 ====================
2025-03-09 10:56:23,665 - verilog_tb_gen - INFO - Finished llm_function_points in 4.56 seconds
2025-03-09 10:56:28,598 - verilog_tb_gen - INFO - Finished llm_testcases in 4.93 seconds
2025-03-09 10:56:28,840 - verilog_tb_gen - INFO - Save graph to ./outputs/lang/graph.mmd You can paste this code to https://mermaid.live to generate the chart.
2025-03-09 10:56:29,479 - verilog_tb_gen - INFO - ==================== Generate data: 2001 ====================
2025-03-09 10:56:33,989 - verilog_tb_gen - INFO - Finished llm_function_points in 4.40 seconds
2025-03-09 10:56:39,309 - verilog_tb_gen - INFO - Finished llm_testcases in 5.32 seconds
2025-03-09 10:56:51,035 - verilog_tb_gen - INFO - Finished llm_testbench in 11.72 seconds
2025-03-09 10:56:54,083 - verilog_tb_gen - INFO - ===== Error for 2001 =====
2025-03-09 10:56:54,083 - verilog_tb_gen - INFO - 'utf-8' codec can't decode byte 0xa5 in position 0: invalid start byte
2025-03-09 10:56:54,083 - verilog_tb_gen - INFO - ==================== Time Cost: 24.60479235649109 ====================
2025-03-09 10:56:54,084 - verilog_tb_gen - INFO - ==================== Generate data: 2002 ====================
2025-03-09 10:56:58,962 - verilog_tb_gen - INFO - Finished llm_function_points in 4.78 seconds
2025-03-09 10:56:59,874 - verilog_tb_gen - INFO - Finished llm_testbench in 31.28 seconds
2025-03-09 10:57:02,769 - verilog_tb_gen - INFO - Finished vcs_compile in 2.89 seconds
2025-03-09 10:57:04,680 - verilog_tb_gen - INFO - Finished llm_testcases in 5.72 seconds
2025-03-09 10:57:05,128 - verilog_tb_gen - INFO - Line coverage at iteration 0 is 100.0%
2025-03-09 10:57:05,128 - verilog_tb_gen - INFO - Finished vcs_coverage in 2.36 seconds
2025-03-09 10:57:05,642 - verilog_tb_gen - INFO - Finished vcs_simulate in 0.51 seconds
2025-03-09 10:57:18,192 - verilog_tb_gen - INFO - Finished llm_testbench in 13.51 seconds
2025-03-09 10:57:21,003 - verilog_tb_gen - INFO - Finished vcs_compile in 2.81 seconds
2025-03-09 10:57:22,861 - verilog_tb_gen - INFO - Line coverage at iteration 0 is 60.0%
2025-03-09 10:57:22,861 - verilog_tb_gen - INFO - Finished vcs_coverage in 1.86 seconds
2025-03-09 10:57:24,630 - verilog_tb_gen - INFO - Finished llm_testbench_align in 18.99 seconds
2025-03-09 10:57:26,951 - verilog_tb_gen - INFO - Finished vcs_simulate_align in 2.32 seconds
2025-03-09 10:57:26,953 - verilog_tb_gen - INFO - Successfully generated testbench for 1343
2025-03-09 10:57:26,962 - verilog_tb_gen - INFO - ==================== Time Cost: 67.95681595802307 ====================
2025-03-09 10:57:26,962 - verilog_tb_gen - INFO - ==================== Generate data: 1344 ====================
2025-03-09 10:57:30,994 - verilog_tb_gen - INFO - Finished llm_function_points in 3.94 seconds
2025-03-09 10:57:35,915 - verilog_tb_gen - INFO - Finished llm_testcases in 4.92 seconds
2025-03-09 10:57:42,237 - verilog_tb_gen - INFO - Finished llm_coverage in 19.37 seconds
2025-03-09 10:57:45,823 - verilog_tb_gen - INFO - Line coverage at iteration 1 is 70.0%
2025-03-09 10:57:45,824 - verilog_tb_gen - INFO - Finished vcs_coverage in 3.58 seconds
2025-03-09 10:57:51,245 - verilog_tb_gen - INFO - Finished llm_testbench in 15.33 seconds
2025-03-09 10:57:54,233 - verilog_tb_gen - INFO - Finished vcs_compile in 2.99 seconds
2025-03-09 10:57:56,547 - verilog_tb_gen - INFO - Line coverage at iteration 0 is 100.0%
2025-03-09 10:57:56,547 - verilog_tb_gen - INFO - Finished vcs_coverage in 2.31 seconds
2025-03-09 10:57:57,063 - verilog_tb_gen - INFO - Finished vcs_simulate in 0.51 seconds
2025-03-09 10:58:03,595 - verilog_tb_gen - INFO - Finished llm_coverage in 17.77 seconds
2025-03-09 10:58:07,233 - verilog_tb_gen - INFO - Line coverage at iteration 2 is 70.0%
2025-03-09 10:58:07,233 - verilog_tb_gen - INFO - Finished vcs_coverage in 3.64 seconds
2025-03-09 10:58:08,189 - verilog_tb_gen - INFO - Finished llm_testbench_align in 11.13 seconds
2025-03-09 10:58:11,229 - verilog_tb_gen - INFO - Finished vcs_simulate_align in 3.04 seconds
2025-03-09 10:58:11,231 - verilog_tb_gen - INFO - Successfully generated testbench for 1344
2025-03-09 10:58:11,244 - verilog_tb_gen - INFO - ==================== Time Cost: 44.28164219856262 ====================
2025-03-09 10:58:11,244 - verilog_tb_gen - INFO - ==================== Generate data: 1345 ====================
2025-03-09 10:58:16,798 - verilog_tb_gen - INFO - Finished llm_function_points in 5.46 seconds
2025-03-09 10:58:21,813 - verilog_tb_gen - INFO - Finished llm_testcases in 5.01 seconds
2025-03-09 10:58:28,723 - verilog_tb_gen - INFO - Finished llm_coverage in 21.49 seconds
2025-03-09 10:58:32,372 - verilog_tb_gen - INFO - Line coverage at iteration 3 is 70.0%
2025-03-09 10:58:32,373 - verilog_tb_gen - INFO - Finished vcs_coverage in 3.65 seconds
2025-03-09 10:58:32,373 - verilog_tb_gen - INFO - Reached maximum iterations (3). Stopping retry loop.
2025-03-09 10:58:32,885 - verilog_tb_gen - INFO - Finished vcs_simulate in 0.51 seconds
2025-03-09 10:58:37,979 - verilog_tb_gen - INFO - Finished llm_testbench in 16.16 seconds
2025-03-09 10:58:40,878 - verilog_tb_gen - INFO - Finished vcs_compile in 2.90 seconds
2025-03-09 10:58:43,245 - verilog_tb_gen - INFO - Line coverage at iteration 0 is 100.0%
2025-03-09 10:58:43,245 - verilog_tb_gen - INFO - Finished vcs_coverage in 2.37 seconds
2025-03-09 10:58:43,745 - verilog_tb_gen - INFO - Finished vcs_simulate in 0.50 seconds
2025-03-09 10:58:57,532 - verilog_tb_gen - INFO - Finished llm_testbench_align in 24.64 seconds
2025-03-09 10:59:00,572 - verilog_tb_gen - INFO - Finished vcs_simulate_align in 3.04 seconds
2025-03-09 10:59:00,574 - verilog_tb_gen - INFO - Successfully generated testbench for 2002
2025-03-09 10:59:00,587 - verilog_tb_gen - INFO - ==================== Time Cost: 126.50350975990295 ====================
2025-03-09 10:59:00,587 - verilog_tb_gen - INFO - ==================== Generate data: 2003 ====================
2025-03-09 10:59:03,885 - verilog_tb_gen - INFO - Finished llm_testbench_align in 20.14 seconds
2025-03-09 10:59:06,116 - verilog_tb_gen - INFO - Finished llm_function_points in 5.43 seconds
2025-03-09 10:59:06,798 - verilog_tb_gen - INFO - Finished vcs_simulate_align in 2.91 seconds
2025-03-09 10:59:06,800 - verilog_tb_gen - INFO - Successfully generated testbench for 1345
2025-03-09 10:59:06,811 - verilog_tb_gen - INFO - ==================== Time Cost: 55.56722688674927 ====================
2025-03-09 10:59:06,811 - verilog_tb_gen - INFO - ==================== Generate data: 1346 ====================
2025-03-09 10:59:10,912 - verilog_tb_gen - INFO - Finished llm_function_points in 4.01 seconds
2025-03-09 10:59:11,776 - verilog_tb_gen - INFO - Finished llm_testcases in 5.66 seconds
2025-03-09 10:59:15,711 - verilog_tb_gen - INFO - Finished llm_testcases in 4.80 seconds
2025-03-09 10:59:22,311 - verilog_tb_gen - INFO - Finished llm_testbench in 10.53 seconds
2025-03-09 10:59:25,206 - verilog_tb_gen - INFO - Finished vcs_compile in 2.89 seconds
2025-03-09 10:59:27,445 - verilog_tb_gen - INFO - Line coverage at iteration 0 is 100.0%
2025-03-09 10:59:27,446 - verilog_tb_gen - INFO - Finished vcs_coverage in 2.24 seconds
2025-03-09 10:59:27,948 - verilog_tb_gen - INFO - Finished vcs_simulate in 0.50 seconds
2025-03-09 10:59:29,525 - verilog_tb_gen - INFO - Finished llm_testbench in 13.81 seconds
2025-03-09 10:59:32,530 - verilog_tb_gen - INFO - Finished vcs_compile in 3.00 seconds
2025-03-09 10:59:34,725 - verilog_tb_gen - INFO - Line coverage at iteration 0 is 100.0%
2025-03-09 10:59:34,725 - verilog_tb_gen - INFO - Finished vcs_coverage in 2.19 seconds
2025-03-09 10:59:35,229 - verilog_tb_gen - INFO - Finished vcs_simulate in 0.50 seconds
2025-03-09 10:59:42,027 - verilog_tb_gen - INFO - Finished llm_testbench_align in 14.08 seconds
2025-03-09 10:59:44,743 - verilog_tb_gen - INFO - Finished vcs_simulate_align in 2.71 seconds
2025-03-09 10:59:44,745 - verilog_tb_gen - INFO - Successfully generated testbench for 2003
2025-03-09 10:59:44,757 - verilog_tb_gen - INFO - ==================== Time Cost: 44.169286489486694 ====================
2025-03-09 10:59:44,757 - verilog_tb_gen - INFO - ==================== Generate data: 2004 ====================
2025-03-09 10:59:46,680 - verilog_tb_gen - INFO - Finished llm_testbench_align in 11.45 seconds
2025-03-09 10:59:49,703 - verilog_tb_gen - INFO - Finished vcs_simulate_align in 3.02 seconds
2025-03-09 10:59:49,705 - verilog_tb_gen - INFO - Successfully generated testbench for 1346
2025-03-09 10:59:49,718 - verilog_tb_gen - INFO - ==================== Time Cost: 42.90672039985657 ====================
2025-03-09 10:59:49,718 - verilog_tb_gen - INFO - ==================== Generate data: 1347 ====================
2025-03-09 10:59:49,990 - verilog_tb_gen - INFO - Finished llm_function_points in 5.13 seconds
2025-03-09 10:59:54,751 - verilog_tb_gen - INFO - Finished llm_function_points in 4.93 seconds
2025-03-09 10:59:54,890 - verilog_tb_gen - INFO - Finished llm_testcases in 4.90 seconds
2025-03-09 10:59:59,602 - verilog_tb_gen - INFO - Finished llm_testcases in 4.85 seconds
2025-03-09 11:00:10,348 - verilog_tb_gen - INFO - Finished llm_testbench in 10.75 seconds
2025-03-09 11:00:12,100 - verilog_tb_gen - INFO - Finished llm_testbench in 17.21 seconds
2025-03-09 11:00:13,334 - verilog_tb_gen - INFO - Finished vcs_compile in 2.98 seconds
2025-03-09 11:00:15,150 - verilog_tb_gen - INFO - Finished vcs_compile in 3.05 seconds
2025-03-09 11:00:15,662 - verilog_tb_gen - INFO - Line coverage at iteration 0 is 80.49%
2025-03-09 11:00:15,662 - verilog_tb_gen - INFO - Finished vcs_coverage in 2.33 seconds
2025-03-09 11:00:17,424 - verilog_tb_gen - INFO - Line coverage at iteration 0 is 80.0%
2025-03-09 11:00:17,425 - verilog_tb_gen - INFO - Finished vcs_coverage in 2.27 seconds
2025-03-09 11:00:25,136 - verilog_tb_gen - INFO - Finished llm_coverage in 9.47 seconds
2025-03-09 11:00:28,779 - verilog_tb_gen - INFO - Line coverage at iteration 1 is 80.49%
2025-03-09 11:00:28,780 - verilog_tb_gen - INFO - Finished vcs_coverage in 3.64 seconds
2025-03-09 11:00:34,645 - verilog_tb_gen - INFO - Finished llm_coverage in 17.22 seconds
2025-03-09 11:00:38,217 - verilog_tb_gen - INFO - Line coverage at iteration 1 is 100.0%
2025-03-09 11:00:38,218 - verilog_tb_gen - INFO - Finished vcs_coverage in 3.57 seconds
2025-03-09 11:00:38,721 - verilog_tb_gen - INFO - Finished vcs_simulate in 0.50 seconds
2025-03-09 11:00:41,363 - verilog_tb_gen - INFO - Finished llm_coverage in 12.58 seconds
2025-03-09 11:00:44,991 - verilog_tb_gen - INFO - Line coverage at iteration 2 is 80.49%
2025-03-09 11:00:44,991 - verilog_tb_gen - INFO - Finished vcs_coverage in 3.63 seconds
2025-03-09 11:00:55,549 - verilog_tb_gen - INFO - Finished llm_coverage in 10.56 seconds
2025-03-09 11:00:59,134 - verilog_tb_gen - INFO - Line coverage at iteration 3 is 80.49%
2025-03-09 11:00:59,134 - verilog_tb_gen - INFO - Finished vcs_coverage in 3.58 seconds
2025-03-09 11:00:59,135 - verilog_tb_gen - INFO - Reached maximum iterations (3). Stopping retry loop.
2025-03-09 11:00:59,647 - verilog_tb_gen - INFO - Finished vcs_simulate in 0.51 seconds
2025-03-09 11:01:02,497 - verilog_tb_gen - INFO - Finished llm_testbench_align in 23.77 seconds
2025-03-09 11:01:05,429 - verilog_tb_gen - INFO - Finished vcs_simulate_align in 2.93 seconds
2025-03-09 11:01:05,431 - verilog_tb_gen - INFO - Successfully generated testbench for 2004
2025-03-09 11:01:05,443 - verilog_tb_gen - INFO - ==================== Time Cost: 80.68653607368469 ====================
2025-03-09 11:01:05,443 - verilog_tb_gen - INFO - ==================== Generate data: 2005 ====================
2025-03-09 11:01:10,097 - verilog_tb_gen - INFO - Finished llm_function_points in 4.55 seconds
2025-03-09 11:01:14,074 - verilog_tb_gen - INFO - Finished llm_testbench_align in 14.43 seconds
2025-03-09 11:01:16,086 - verilog_tb_gen - INFO - Finished llm_testcases in 5.99 seconds
2025-03-09 11:01:17,109 - verilog_tb_gen - INFO - Finished vcs_simulate_align in 3.03 seconds
2025-03-09 11:01:17,111 - verilog_tb_gen - INFO - Successfully generated testbench for 1347
2025-03-09 11:01:17,125 - verilog_tb_gen - INFO - ==================== Time Cost: 87.40702438354492 ====================
2025-03-09 11:01:17,125 - verilog_tb_gen - INFO - ==================== Generate data: 1348 ====================
2025-03-09 11:01:22,269 - verilog_tb_gen - INFO - Finished llm_function_points in 5.04 seconds
2025-03-09 11:01:26,562 - verilog_tb_gen - INFO - Finished llm_testcases in 4.29 seconds
2025-03-09 11:01:33,251 - verilog_tb_gen - INFO - Finished llm_testbench in 17.16 seconds
2025-03-09 11:01:34,521 - verilog_tb_gen - INFO - Finished vcs_compile in 1.27 seconds
2025-03-09 11:01:39,533 - verilog_tb_gen - INFO - Finished llm_testbench in 12.97 seconds
2025-03-09 11:01:44,494 - verilog_tb_gen - INFO - Finished vcs_compile in 4.96 seconds
2025-03-09 11:01:48,780 - verilog_tb_gen - INFO - Line coverage at iteration 0 is 100.0%
2025-03-09 11:01:48,781 - verilog_tb_gen - INFO - Finished vcs_coverage in 4.28 seconds
2025-03-09 11:01:51,115 - verilog_tb_gen - INFO - Finished vcs_simulate in 2.33 seconds
2025-03-09 11:02:05,551 - verilog_tb_gen - INFO - Finished llm_testbench_align in 14.43 seconds
2025-03-09 11:02:10,547 - verilog_tb_gen - INFO - Finished vcs_simulate_align in 5.00 seconds
2025-03-09 11:02:24,287 - verilog_tb_gen - INFO - Finished llm_testbench_align in 13.74 seconds
2025-03-09 11:02:29,414 - verilog_tb_gen - INFO - Finished vcs_simulate_align in 5.13 seconds
2025-03-09 11:02:46,277 - verilog_tb_gen - INFO - Finished llm_testbench_align in 16.86 seconds
2025-03-09 11:02:51,349 - verilog_tb_gen - INFO - Finished vcs_simulate_align in 5.07 seconds
2025-03-09 11:02:51,350 - verilog_tb_gen - INFO - Reached maximum iterations (3). Stopping retry loop.
2025-03-09 11:02:51,352 - verilog_tb_gen - INFO - Generated testbench for 1348 coverst {'overall': {'score': 100.0, 'line': 100.0, 'condition': 100.0, 'toggle': 100.0, 'branch': 100.0}, 'lines': ["\n55                      \talways@(posedge pixel_clock)begin\n56         1/1          \t\text_sync_curr &lt;= ext_sync;\n57         1/1          \t\text_sync_last &lt;= ext_sync_curr;\n58                      \tend\n59                      \n60                      \talways@(posedge pixel_clock or posedge reset)begin\n61         1/1          \t\tif(reset)begin\n62         1/1          \t\t\th_pos &lt;= {$clog2(video_hlength){1'b0}};\n63         1/1          \t\t\tv_pos &lt;= {$clog2(video_vlength){1'b0}};\n64                      \t\tend else begin\n65         1/1          \t\t\tif(ext_sync_curr &amp; !ext_sync_last)begin\n66         1/1          \t\t\t\th_pos &lt;= sync_h_pos;\n67         1/1          \t\t\t\tv_pos &lt;= sync_v_pos;\n68                      \t\t\tend else begin\n69         1/1          \t\t\t\tif(h_pos == video_hlength - 1)begin\n70         1/1          \t\t\t\t\th_pos &lt;= {$clog2(video_hlength){1'b0}};\n71         1/1          \t\t\t\t\tif(v_pos == video_vlength - 1)begin\n72         1/1          \t\t\t\t\t\tv_pos &lt;= {$clog2(video_vlength){1'b0}};\n73                      \t\t\t\t\tend else begin\n74         1/1          \t\t\t\t\t\tv_pos &lt;= v_pos + 1'b1;\n75                      \t\t\t\t\tend\n76                      \t\t\t\tend else begin\n77         1/1          \t\t\t\t\th_pos &lt;= h_pos + 1'b1;\n78                      \t\t\t\tend\n79                      \t\t\tend\n80                      \t\tend\n81                      \tend\n82                      \n83         1/1          \tassign v_visible = (v_pos &gt;= t_vvis_begin) &amp; (v_pos &lt;= t_vvis_end) ? 1'b1 : 1'b0;\n84         1/1          \tassign h_visible = (h_pos &gt;= t_hvis_begin) &amp; (h_pos &lt;= t_hvis_end) ? 1'b1 : 1'b0;\n85                      \n86         1/1          \tassign x_int = (h_visible &amp; v_visible) ? (h_pos - t_hvis_begin) : {$clog2(video_h_visible){1'b0}};\n87         1/1          \tassign y_int = v_visible ? (v_pos - t_vvis_begin) : {$clog2(video_v_visible){1'b0}};\n88                      \n89         1/1          \tassign video_den = h_visible &amp; v_visible;\n90         1/1          \tassign video_line_start = v_visible &amp; (h_pos == {$clog2(video_hlength){1'b0}}) ? 1'b1 : 1'b0;\n91                      \n92         1/1          \tassign vsync_pos = (v_pos &lt;= t_vsync_end) ? 1'b1 : 1'b0;\n93         1/1          \tassign hsync_pos = (h_pos &lt;= t_hsync_end) ? 1'b1 : 1'b0;\n94         1/1          \tassign video_vsync = (!video_vsync_pol) ^ vsync_pos;\n95         1/1          \tassign video_hsync = (!video_hsync_pol) ^ hsync_pos;\n96                      \n97         1/1          \tassign timing_h_pos = h_pos;\n98         1/1          \tassign timing_v_pos = v_pos;\n99         1/1          \tassign pixel_x = x_int;\n100        1/1          \tassign pixel_y = y_int;\n"]}%
2025-03-09 11:02:51,352 - verilog_tb_gen - INFO - Failed to generate testbench for 1348
2025-03-09 11:02:51,364 - verilog_tb_gen - INFO - ==================== Time Cost: 94.23888564109802 ====================
2025-03-09 11:02:51,365 - verilog_tb_gen - INFO - ==================== Generate data: 1349 ====================
2025-03-09 11:02:56,078 - verilog_tb_gen - INFO - Finished llm_function_points in 4.61 seconds
2025-03-09 11:03:00,389 - verilog_tb_gen - INFO - Finished llm_testcases in 4.31 seconds
2025-03-09 11:03:16,466 - verilog_tb_gen - INFO - Finished llm_testbench in 16.08 seconds
2025-03-09 11:03:19,479 - verilog_tb_gen - INFO - Finished vcs_compile in 3.01 seconds
2025-03-09 11:03:21,775 - verilog_tb_gen - INFO - Line coverage at iteration 0 is 100.0%
2025-03-09 11:03:21,775 - verilog_tb_gen - INFO - Finished vcs_coverage in 2.29 seconds
2025-03-09 11:03:22,283 - verilog_tb_gen - INFO - Finished vcs_simulate in 0.51 seconds
2025-03-09 11:03:37,797 - verilog_tb_gen - INFO - Finished llm_testbench_align in 15.51 seconds
2025-03-09 11:03:37,860 - verilog_tb_gen - INFO - Save graph to ./outputs/lang/graph.mmd You can paste this code to https://mermaid.live to generate the chart.
2025-03-09 11:03:38,532 - verilog_tb_gen - INFO - ==================== Generate data: 2001 ====================
2025-03-09 11:03:40,809 - verilog_tb_gen - INFO - Finished vcs_simulate_align in 3.01 seconds
2025-03-09 11:03:40,812 - verilog_tb_gen - INFO - Successfully generated testbench for 1349
2025-03-09 11:03:40,824 - verilog_tb_gen - INFO - ==================== Time Cost: 49.459290504455566 ====================
2025-03-09 11:03:40,824 - verilog_tb_gen - INFO - ==================== Generate data: 1350 ====================
2025-03-09 11:03:47,482 - verilog_tb_gen - INFO - Finished llm_function_points in 8.84 seconds
2025-03-09 11:03:50,139 - verilog_tb_gen - INFO - Finished llm_function_points in 9.22 seconds
2025-03-09 11:03:52,535 - verilog_tb_gen - INFO - Finished llm_testcases in 5.05 seconds
2025-03-09 11:03:55,049 - verilog_tb_gen - INFO - Finished llm_testcases in 4.91 seconds
2025-03-09 11:04:04,933 - verilog_tb_gen - INFO - Finished llm_testbench in 12.40 seconds
2025-03-09 11:04:07,095 - verilog_tb_gen - INFO - Finished llm_testbench in 12.05 seconds
2025-03-09 11:04:07,917 - verilog_tb_gen - INFO - ===== Error for 2001 =====
2025-03-09 11:04:07,923 - verilog_tb_gen - INFO - 'utf-8' codec can't decode byte 0xa5 in position 0: invalid start byte
2025-03-09 11:04:07,923 - verilog_tb_gen - INFO - ==================== Time Cost: 29.390660524368286 ====================
2025-03-09 11:04:07,923 - verilog_tb_gen - INFO - ==================== Generate data: 2002 ====================
2025-03-09 11:04:10,107 - verilog_tb_gen - INFO - Finished vcs_compile in 3.01 seconds
2025-03-09 11:04:12,410 - verilog_tb_gen - INFO - Line coverage at iteration 0 is 100.0%
2025-03-09 11:04:12,411 - verilog_tb_gen - INFO - Finished vcs_coverage in 2.30 seconds
2025-03-09 11:04:12,919 - verilog_tb_gen - INFO - Finished vcs_simulate in 0.51 seconds
2025-03-09 11:04:14,126 - verilog_tb_gen - INFO - Finished llm_function_points in 6.10 seconds
2025-03-09 11:04:19,696 - verilog_tb_gen - INFO - Finished llm_testcases in 5.57 seconds
2025-03-09 11:04:24,443 - verilog_tb_gen - INFO - Finished llm_testbench_align in 11.52 seconds
2025-03-09 11:04:27,516 - verilog_tb_gen - INFO - Finished vcs_simulate_align in 3.07 seconds
2025-03-09 11:04:27,518 - verilog_tb_gen - INFO - Successfully generated testbench for 1350
2025-03-09 11:04:27,530 - verilog_tb_gen - INFO - ==================== Time Cost: 46.706116914749146 ====================
2025-03-09 11:04:27,530 - verilog_tb_gen - INFO - ==================== Generate data: 1351 ====================
2025-03-09 11:04:33,529 - verilog_tb_gen - INFO - Finished llm_function_points in 5.90 seconds
2025-03-09 11:04:34,808 - verilog_tb_gen - INFO - Finished llm_testbench in 15.11 seconds
2025-03-09 11:04:37,615 - verilog_tb_gen - INFO - Finished vcs_compile in 2.81 seconds
2025-03-09 11:04:39,740 - verilog_tb_gen - INFO - Line coverage at iteration 0 is 60.0%
2025-03-09 11:04:39,740 - verilog_tb_gen - INFO - Finished vcs_coverage in 2.12 seconds
2025-03-09 11:04:41,099 - verilog_tb_gen - INFO - Finished llm_testcases in 7.57 seconds
2025-03-09 11:04:51,778 - verilog_tb_gen - INFO - Finished llm_testbench in 10.68 seconds
2025-03-09 11:04:54,869 - verilog_tb_gen - INFO - Finished vcs_compile in 3.09 seconds
2025-03-09 11:04:57,155 - verilog_tb_gen - INFO - Line coverage at iteration 0 is 87.88%
2025-03-09 11:04:57,155 - verilog_tb_gen - INFO - Finished vcs_coverage in 2.28 seconds
2025-03-09 11:05:10,109 - verilog_tb_gen - INFO - Finished llm_coverage in 12.95 seconds
2025-03-09 11:05:13,804 - verilog_tb_gen - INFO - Line coverage at iteration 1 is 87.88%
2025-03-09 11:05:13,804 - verilog_tb_gen - INFO - Finished vcs_coverage in 3.69 seconds
2025-03-09 11:05:24,218 - verilog_tb_gen - INFO - Finished llm_coverage in 10.41 seconds
2025-03-09 11:05:27,907 - verilog_tb_gen - INFO - Line coverage at iteration 2 is 87.88%
2025-03-09 11:05:27,907 - verilog_tb_gen - INFO - Finished vcs_coverage in 3.69 seconds
2025-03-09 11:05:37,863 - verilog_tb_gen - INFO - Finished llm_coverage in 9.95 seconds
2025-03-09 11:05:41,504 - verilog_tb_gen - INFO - Line coverage at iteration 3 is 87.88%
2025-03-09 11:05:41,506 - verilog_tb_gen - INFO - Finished vcs_coverage in 3.64 seconds
2025-03-09 11:05:41,506 - verilog_tb_gen - INFO - Reached maximum iterations (3). Stopping retry loop.
2025-03-09 11:05:42,012 - verilog_tb_gen - INFO - Finished vcs_simulate in 0.51 seconds
2025-03-09 11:05:53,776 - verilog_tb_gen - INFO - Finished llm_testbench_align in 11.76 seconds
2025-03-09 11:05:56,901 - verilog_tb_gen - INFO - Finished vcs_simulate_align in 3.12 seconds
2025-03-09 11:05:56,903 - verilog_tb_gen - INFO - Successfully generated testbench for 1351
2025-03-09 11:05:56,915 - verilog_tb_gen - INFO - ==================== Time Cost: 89.3846926689148 ====================
2025-03-09 11:05:56,915 - verilog_tb_gen - INFO - ==================== Generate data: 1352 ====================
2025-03-09 11:06:02,693 - verilog_tb_gen - INFO - Finished llm_function_points in 5.68 seconds
2025-03-09 11:06:07,961 - verilog_tb_gen - INFO - Finished llm_testcases in 5.27 seconds
2025-03-09 11:06:21,350 - verilog_tb_gen - INFO - Finished llm_testbench in 13.39 seconds
2025-03-09 11:06:24,454 - verilog_tb_gen - INFO - Finished vcs_compile in 3.10 seconds
2025-03-09 11:06:26,750 - verilog_tb_gen - INFO - Line coverage at iteration 0 is 69.39%
2025-03-09 11:06:26,750 - verilog_tb_gen - INFO - Finished vcs_coverage in 2.29 seconds
2025-03-09 11:07:04,494 - verilog_tb_gen - INFO - Finished llm_coverage in 37.74 seconds
2025-03-09 11:07:08,225 - verilog_tb_gen - INFO - Line coverage at iteration 1 is 93.88%
2025-03-09 11:07:08,225 - verilog_tb_gen - INFO - Finished vcs_coverage in 3.73 seconds
2025-03-09 11:07:08,732 - verilog_tb_gen - INFO - Finished vcs_simulate in 0.51 seconds
2025-03-09 11:07:29,944 - verilog_tb_gen - INFO - Finished llm_testbench_align in 21.21 seconds
2025-03-09 11:07:33,040 - verilog_tb_gen - INFO - Finished vcs_simulate_align in 3.10 seconds
2025-03-09 11:07:33,042 - verilog_tb_gen - INFO - Successfully generated testbench for 1352
2025-03-09 11:07:33,053 - verilog_tb_gen - INFO - ==================== Time Cost: 96.13806700706482 ====================
2025-03-09 11:07:33,053 - verilog_tb_gen - INFO - ==================== Generate data: 1353 ====================
2025-03-09 11:07:38,305 - verilog_tb_gen - INFO - Finished llm_function_points in 5.16 seconds
2025-03-09 11:07:43,773 - verilog_tb_gen - INFO - Finished llm_testcases in 5.47 seconds
2025-03-09 11:07:56,418 - verilog_tb_gen - INFO - Finished llm_testbench in 12.64 seconds
2025-03-09 11:07:59,388 - verilog_tb_gen - INFO - Finished vcs_compile in 2.97 seconds
2025-03-09 11:08:01,502 - verilog_tb_gen - INFO - Line coverage at iteration 0 is 94.12%
2025-03-09 11:08:01,502 - verilog_tb_gen - INFO - Finished vcs_coverage in 2.11 seconds
2025-03-09 11:08:01,903 - verilog_tb_gen - INFO - Finished vcs_simulate in 0.40 seconds
2025-03-09 11:08:17,997 - verilog_tb_gen - INFO - Finished llm_testbench_align in 16.09 seconds
2025-03-09 11:08:21,020 - verilog_tb_gen - INFO - Finished vcs_simulate_align in 3.02 seconds
2025-03-09 11:08:34,184 - verilog_tb_gen - INFO - Finished llm_testbench_align in 13.16 seconds
2025-03-09 11:08:37,275 - verilog_tb_gen - INFO - Finished vcs_simulate_align in 3.09 seconds
2025-03-09 11:08:50,335 - verilog_tb_gen - INFO - Finished llm_testbench_align in 13.06 seconds
2025-03-09 11:08:53,409 - verilog_tb_gen - INFO - Finished vcs_simulate_align in 3.07 seconds
2025-03-09 11:08:53,410 - verilog_tb_gen - INFO - Reached maximum iterations (3). Stopping retry loop.
2025-03-09 11:08:53,412 - verilog_tb_gen - INFO - Generated testbench for 1353 coverst {'overall': {'score': 64.09, 'line': 94.12, 'condition': 63.64, 'toggle': 34.96, 'branch': 63.64}, 'lines': ['\n61                      `else\n62         1/1          assign dip_test = ~game_test;\n63                      `endif\n64                      \n65         1/1          wire [1:0] ar = status[17:16];    \n66                      `ifdef MISTER\n67                      always @(*) begin\n68                          scanlines = status[5:3];\n69                      `ifdef JTFRAME_OSD60HZ\n70                          if ( !status[19] ) scanlines=0;\n71                      `endif\n72                          bw_en     = 0;      \n73                          blend_en  = 0;\n74                      end\n75                      `else\n76                      always @(*) begin\n77         1/1              case( status[4:3] )\n78         1/1                  2\'d0: { scanlines, bw_en, blend_en } = { 3\'d0, 2\'d0 }; \n79         1/1                  2\'d1: { scanlines, bw_en, blend_en } = { 3\'d0, 2\'d1 }; \n80         <font color = "red">0/1     ==>          2\'d2: { scanlines, bw_en, blend_en } = { 3\'d0, 2\'d3 }; </font>\n81         1/1                  2\'d3: { scanlines, bw_en, blend_en } = { 3\'d1, 2\'d3 }; \n                   <font color = "red">==>  MISSING_DEFAULT</font>\n82                          endcase \n83                      end\n84                      `endif\n85                      \n86                      `ifndef JTFRAME_OSD_NOCREDITS\n87                          `ifndef MISTER \n88         1/1                  assign osd_pause   = status[12];\n89                          `else\n90                              assign osd_pause   = 1\'b0;  \n91                          `endif\n92                      `else\n93                          assign osd_pause   = 1\'b0;\n94                      `endif\n95                      \n96                      `ifdef JTFRAME_VERTICAL\n97                      \n98                          `ifdef MISTER\n99                              `ifdef JTFRAME_ROTATE\n100                                 wire status_roten= status[40:39]==0;\n101                             `else\n102                                 wire status_roten= ~status[2];\n103                             `endif\n104                             wire tate = status_roten &amp; core_mod[0]; \n105                             assign rot_control = 1\'b0;\n106                         `else\n107                             wire   tate   = 1\'b1 &amp; core_mod[0];      \n108                             assign rot_control = status[2];\n109                         `endif\n110                         wire   swap_ar = ~tate | ~core_mod[0];\n111                     `else\n112                         wire   tate   = 1\'b0;\n113                         assign rot_control = 1\'b0;\n114                         wire   swap_ar = 1\'b1;\n115                     `endif\n116                     \n117                     always @(posedge clk) begin\n118        1/1              rotate      &lt;= { ~dip_flip, tate &amp;&amp; !rot_control };\n119        1/1              dip_fxlevel &lt;= 2\'b10 ^ status[7:6];\n120        1/1              dip_fmlevel &lt;= 2\'b10 ^ status[62:61];\n121        1/1              en_mixing   &lt;= ~status[3];\n122                         `ifndef JTFRAME_OSD_SND_EN\n123        1/1              enable_fm   &lt;= 1;\n124        1/1              enable_psg  &lt;= 1;\n125                         `else\n126                         enable_fm   &lt;= ~status[9];\n127                         enable_psg  &lt;= ~status[8];\n128                         `endif\n129                     \n130        1/1              hdmi_arx    &lt;= (!ar) ? (swap_ar ? ARX : ARY) : (ar-2\'d1);\n131        1/1              hdmi_ary    &lt;= (!ar) ? (swap_ar ? ARY : ARX) : 13\'d0;\n132                     \n133                         `ifdef SIMULATION\n134                             `ifdef DIP_PAUSE\n135                                 dip_pause &lt;= 1\'b0; \n136                             `else\n137                                 dip_pause &lt;= 1\'b1; \n138                             `endif\n139                         `else\n140        1/1                  dip_pause &lt;= ~game_pause; \n']}%
2025-03-09 11:08:53,412 - verilog_tb_gen - INFO - Failed to generate testbench for 1353
2025-03-09 11:08:53,424 - verilog_tb_gen - INFO - ==================== Time Cost: 80.3706226348877 ====================
2025-03-09 11:08:53,424 - verilog_tb_gen - INFO - ==================== Generate data: 1354 ====================
2025-03-09 11:08:58,895 - verilog_tb_gen - INFO - Finished llm_function_points in 5.38 seconds
2025-03-09 11:09:04,512 - verilog_tb_gen - INFO - Finished llm_testcases in 5.62 seconds
2025-03-09 11:09:18,974 - verilog_tb_gen - INFO - Finished llm_testbench in 14.46 seconds
2025-03-09 11:09:20,283 - verilog_tb_gen - INFO - Finished vcs_compile in 1.31 seconds
2025-03-09 11:09:33,827 - verilog_tb_gen - INFO - Finished llm_testbench in 13.54 seconds
2025-03-09 11:09:36,875 - verilog_tb_gen - INFO - Finished vcs_compile in 3.05 seconds
2025-03-09 11:09:39,212 - verilog_tb_gen - INFO - Line coverage at iteration 0 is 83.72%
2025-03-09 11:09:39,212 - verilog_tb_gen - INFO - Finished vcs_coverage in 2.34 seconds
2025-03-09 11:09:57,299 - verilog_tb_gen - INFO - Finished llm_coverage in 18.09 seconds
2025-03-09 11:10:00,985 - verilog_tb_gen - INFO - Line coverage at iteration 1 is 83.72%
2025-03-09 11:10:00,985 - verilog_tb_gen - INFO - Finished vcs_coverage in 3.68 seconds
2025-03-09 11:10:15,816 - verilog_tb_gen - INFO - Finished llm_coverage in 14.83 seconds
2025-03-09 11:10:19,485 - verilog_tb_gen - INFO - Line coverage at iteration 2 is 83.72%
2025-03-09 11:10:19,485 - verilog_tb_gen - INFO - Finished vcs_coverage in 3.67 seconds
2025-03-09 11:10:34,750 - verilog_tb_gen - INFO - Finished llm_coverage in 15.26 seconds
2025-03-09 11:10:38,408 - verilog_tb_gen - INFO - Line coverage at iteration 3 is 83.72%
2025-03-09 11:10:38,408 - verilog_tb_gen - INFO - Finished vcs_coverage in 3.66 seconds
2025-03-09 11:10:38,409 - verilog_tb_gen - INFO - Reached maximum iterations (3). Stopping retry loop.
2025-03-09 11:10:38,907 - verilog_tb_gen - INFO - Finished vcs_simulate in 0.50 seconds
2025-03-09 11:10:55,441 - verilog_tb_gen - INFO - Finished llm_testbench_align in 16.53 seconds
2025-03-09 11:10:58,525 - verilog_tb_gen - INFO - Finished vcs_simulate_align in 3.08 seconds
2025-03-09 11:10:58,527 - verilog_tb_gen - INFO - Successfully generated testbench for 1354
2025-03-09 11:10:58,539 - verilog_tb_gen - INFO - ==================== Time Cost: 125.11446189880371 ====================
2025-03-09 11:10:58,539 - verilog_tb_gen - INFO - ==================== Generate data: 1355 ====================
2025-03-09 11:11:06,637 - verilog_tb_gen - INFO - Finished llm_function_points in 8.01 seconds
2025-03-09 11:11:11,741 - verilog_tb_gen - INFO - Finished llm_testcases in 5.10 seconds
2025-03-09 11:11:24,586 - verilog_tb_gen - INFO - Finished llm_testbench in 12.84 seconds
2025-03-09 11:11:27,535 - verilog_tb_gen - INFO - Finished vcs_compile in 2.95 seconds
2025-03-09 11:11:29,799 - verilog_tb_gen - INFO - Line coverage at iteration 0 is 100.0%
2025-03-09 11:11:29,800 - verilog_tb_gen - INFO - Finished vcs_coverage in 2.26 seconds
2025-03-09 11:11:30,301 - verilog_tb_gen - INFO - Finished vcs_simulate in 0.50 seconds
2025-03-09 11:11:43,199 - verilog_tb_gen - INFO - Finished llm_testbench_align in 12.90 seconds
2025-03-09 11:11:46,276 - verilog_tb_gen - INFO - Finished vcs_simulate_align in 3.08 seconds
2025-03-09 11:11:46,278 - verilog_tb_gen - INFO - Successfully generated testbench for 1355
2025-03-09 11:11:46,289 - verilog_tb_gen - INFO - ==================== Time Cost: 47.75045895576477 ====================
2025-03-09 11:11:46,290 - verilog_tb_gen - INFO - ==================== Generate data: 1356 ====================
2025-03-09 11:11:51,415 - verilog_tb_gen - INFO - Finished llm_function_points in 5.03 seconds
2025-03-09 11:11:56,631 - verilog_tb_gen - INFO - Finished llm_testcases in 5.21 seconds
2025-03-09 11:12:09,188 - verilog_tb_gen - INFO - Finished llm_testbench in 12.56 seconds
2025-03-09 11:12:12,152 - verilog_tb_gen - INFO - Finished vcs_compile in 2.96 seconds
2025-03-09 11:12:14,442 - verilog_tb_gen - INFO - Line coverage at iteration 0 is 59.46%
2025-03-09 11:12:14,443 - verilog_tb_gen - INFO - Finished vcs_coverage in 2.29 seconds
2025-03-09 11:12:25,908 - verilog_tb_gen - INFO - Finished llm_coverage in 11.46 seconds
2025-03-09 11:12:29,652 - verilog_tb_gen - INFO - Line coverage at iteration 1 is 68.92%
2025-03-09 11:12:29,652 - verilog_tb_gen - INFO - Finished vcs_coverage in 3.74 seconds
2025-03-09 11:12:44,148 - verilog_tb_gen - INFO - Finished llm_coverage in 14.49 seconds
2025-03-09 11:12:47,815 - verilog_tb_gen - INFO - Line coverage at iteration 2 is 77.03%
2025-03-09 11:12:47,815 - verilog_tb_gen - INFO - Finished vcs_coverage in 3.67 seconds
2025-03-09 11:13:08,089 - verilog_tb_gen - INFO - Finished llm_coverage in 20.27 seconds
2025-03-09 11:13:11,800 - verilog_tb_gen - INFO - Line coverage at iteration 3 is 91.89%
2025-03-09 11:13:11,800 - verilog_tb_gen - INFO - Finished vcs_coverage in 3.71 seconds
2025-03-09 11:13:12,299 - verilog_tb_gen - INFO - Finished vcs_simulate in 0.50 seconds
2025-03-09 11:13:39,011 - verilog_tb_gen - INFO - Finished llm_testbench_align in 26.71 seconds
2025-03-09 11:13:42,132 - verilog_tb_gen - INFO - Finished vcs_simulate_align in 3.12 seconds
2025-03-09 11:13:42,134 - verilog_tb_gen - INFO - Successfully generated testbench for 1356
2025-03-09 11:13:42,146 - verilog_tb_gen - INFO - ==================== Time Cost: 115.85596036911011 ====================
2025-03-09 11:13:42,146 - verilog_tb_gen - INFO - ==================== Generate data: 1357 ====================
2025-03-09 11:13:47,526 - verilog_tb_gen - INFO - Finished llm_function_points in 5.28 seconds
2025-03-09 11:13:51,974 - verilog_tb_gen - INFO - Finished llm_testcases in 4.45 seconds
2025-03-09 11:14:03,524 - verilog_tb_gen - INFO - Finished llm_testbench in 11.55 seconds
2025-03-09 11:14:06,412 - verilog_tb_gen - INFO - Finished vcs_compile in 2.89 seconds
2025-03-09 11:14:08,627 - verilog_tb_gen - INFO - Line coverage at iteration 0 is 42.0%
2025-03-09 11:14:08,627 - verilog_tb_gen - INFO - Finished vcs_coverage in 2.21 seconds
2025-03-09 11:14:23,899 - verilog_tb_gen - INFO - Finished llm_coverage in 15.27 seconds
2025-03-09 11:14:27,353 - verilog_tb_gen - INFO - Line coverage at iteration 1 is 44.0%
2025-03-09 11:14:27,353 - verilog_tb_gen - INFO - Finished vcs_coverage in 3.45 seconds
2025-03-09 11:14:50,427 - verilog_tb_gen - INFO - Finished llm_coverage in 23.07 seconds
2025-03-09 11:14:53,794 - verilog_tb_gen - INFO - Line coverage at iteration 2 is 58.0%
2025-03-09 11:14:53,794 - verilog_tb_gen - INFO - Finished vcs_coverage in 3.37 seconds
2025-03-09 11:15:14,215 - verilog_tb_gen - INFO - Finished llm_coverage in 20.42 seconds
2025-03-09 11:15:17,829 - verilog_tb_gen - INFO - Line coverage at iteration 3 is 58.0%
2025-03-09 11:15:17,829 - verilog_tb_gen - INFO - Finished vcs_coverage in 3.61 seconds
2025-03-09 11:15:17,830 - verilog_tb_gen - INFO - Reached maximum iterations (3). Stopping retry loop.
2025-03-09 11:15:18,338 - verilog_tb_gen - INFO - Finished vcs_simulate in 0.51 seconds
2025-03-09 11:15:45,140 - verilog_tb_gen - INFO - Finished llm_testbench_align in 26.80 seconds
2025-03-09 11:15:48,187 - verilog_tb_gen - INFO - Finished vcs_simulate_align in 3.05 seconds
2025-03-09 11:15:48,189 - verilog_tb_gen - INFO - Successfully generated testbench for 1357
2025-03-09 11:15:48,200 - verilog_tb_gen - INFO - ==================== Time Cost: 126.05479097366333 ====================
2025-03-09 11:15:48,201 - verilog_tb_gen - INFO - ==================== Generate data: 1358 ====================
2025-03-09 11:15:53,141 - verilog_tb_gen - INFO - Finished llm_function_points in 4.85 seconds
2025-03-09 11:16:00,358 - verilog_tb_gen - INFO - Finished llm_testcases in 7.22 seconds
2025-03-09 11:16:11,024 - verilog_tb_gen - INFO - Finished llm_testbench in 10.66 seconds
2025-03-09 11:16:21,030 - verilog_tb_gen - INFO - ===== Error for 1358 =====
2025-03-09 11:16:21,030 - verilog_tb_gen - INFO - Command '['make', 'vcs', 'sim']' timed out after 10 seconds
2025-03-09 11:16:21,030 - verilog_tb_gen - INFO - ==================== Time Cost: 32.829885482788086 ====================
2025-03-09 11:16:21,030 - verilog_tb_gen - INFO - ==================== Generate data: 1359 ====================
2025-03-09 11:16:25,576 - verilog_tb_gen - INFO - Finished llm_function_points in 4.45 seconds
2025-03-09 11:16:30,776 - verilog_tb_gen - INFO - Finished llm_testcases in 5.20 seconds
2025-03-09 11:16:42,956 - verilog_tb_gen - INFO - Finished llm_testbench in 12.18 seconds
2025-03-09 11:16:45,864 - verilog_tb_gen - INFO - Finished vcs_compile in 2.91 seconds
2025-03-09 11:16:48,121 - verilog_tb_gen - INFO - Line coverage at iteration 0 is 100.0%
2025-03-09 11:16:48,121 - verilog_tb_gen - INFO - Finished vcs_coverage in 2.26 seconds
2025-03-09 11:16:48,620 - verilog_tb_gen - INFO - Finished vcs_simulate in 0.50 seconds
2025-03-09 11:17:00,227 - verilog_tb_gen - INFO - Finished llm_testbench_align in 11.61 seconds
2025-03-09 11:17:03,076 - verilog_tb_gen - INFO - Finished vcs_simulate_align in 2.85 seconds
2025-03-09 11:17:03,078 - verilog_tb_gen - INFO - Successfully generated testbench for 1359
2025-03-09 11:17:03,089 - verilog_tb_gen - INFO - ==================== Time Cost: 42.058554887771606 ====================
2025-03-09 11:17:03,089 - verilog_tb_gen - INFO - ==================== Generate data: 1360 ====================
2025-03-09 11:17:08,185 - verilog_tb_gen - INFO - Finished llm_function_points in 4.98 seconds
2025-03-09 11:17:13,633 - verilog_tb_gen - INFO - Finished llm_testcases in 5.45 seconds
2025-03-09 11:17:25,156 - verilog_tb_gen - INFO - Finished llm_testbench in 11.52 seconds
2025-03-09 11:17:28,159 - verilog_tb_gen - INFO - Finished vcs_compile in 3.00 seconds
2025-03-09 11:17:30,448 - verilog_tb_gen - INFO - Line coverage at iteration 0 is 73.58%
2025-03-09 11:17:30,448 - verilog_tb_gen - INFO - Finished vcs_coverage in 2.29 seconds
2025-03-09 11:17:48,742 - verilog_tb_gen - INFO - Finished llm_coverage in 18.29 seconds
2025-03-09 11:17:52,345 - verilog_tb_gen - INFO - Line coverage at iteration 1 is 75.47%
2025-03-09 11:17:52,346 - verilog_tb_gen - INFO - Finished vcs_coverage in 3.60 seconds
2025-03-09 11:18:09,389 - verilog_tb_gen - INFO - Finished llm_coverage in 17.04 seconds
2025-03-09 11:18:13,020 - verilog_tb_gen - INFO - Line coverage at iteration 2 is 75.47%
2025-03-09 11:18:13,020 - verilog_tb_gen - INFO - Finished vcs_coverage in 3.63 seconds
2025-03-09 11:18:28,519 - verilog_tb_gen - INFO - Finished llm_coverage in 15.50 seconds
2025-03-09 11:18:32,257 - verilog_tb_gen - INFO - Line coverage at iteration 3 is 75.47%
2025-03-09 11:18:32,257 - verilog_tb_gen - INFO - Finished vcs_coverage in 3.74 seconds
2025-03-09 11:18:32,258 - verilog_tb_gen - INFO - Reached maximum iterations (3). Stopping retry loop.
2025-03-09 11:18:32,765 - verilog_tb_gen - INFO - Finished vcs_simulate in 0.51 seconds
2025-03-09 11:18:49,811 - verilog_tb_gen - INFO - Finished llm_testbench_align in 17.04 seconds
2025-03-09 11:18:52,887 - verilog_tb_gen - INFO - Finished vcs_simulate_align in 3.07 seconds
2025-03-09 11:18:52,890 - verilog_tb_gen - INFO - Successfully generated testbench for 1360
2025-03-09 11:18:52,901 - verilog_tb_gen - INFO - ==================== Time Cost: 109.81171369552612 ====================
2025-03-09 11:18:52,901 - verilog_tb_gen - INFO - ==================== Generate data: 1361 ====================
2025-03-09 11:18:58,524 - verilog_tb_gen - INFO - Finished llm_function_points in 5.53 seconds
2025-03-09 11:19:04,051 - verilog_tb_gen - INFO - Finished llm_testcases in 5.52 seconds
2025-03-09 11:19:15,091 - verilog_tb_gen - INFO - Finished llm_testbench in 11.04 seconds
2025-03-09 11:19:18,064 - verilog_tb_gen - INFO - Finished vcs_compile in 2.97 seconds
2025-03-09 11:19:20,297 - verilog_tb_gen - INFO - Line coverage at iteration 0 is 59.09%
2025-03-09 11:19:20,297 - verilog_tb_gen - INFO - Finished vcs_coverage in 2.23 seconds
2025-03-09 11:19:31,809 - verilog_tb_gen - INFO - Finished llm_coverage in 11.51 seconds
2025-03-09 11:19:35,452 - verilog_tb_gen - INFO - Line coverage at iteration 1 is 65.91%
2025-03-09 11:19:35,452 - verilog_tb_gen - INFO - Finished vcs_coverage in 3.64 seconds
2025-03-09 11:19:46,927 - verilog_tb_gen - INFO - Finished llm_coverage in 11.47 seconds
2025-03-09 11:19:50,532 - verilog_tb_gen - INFO - Line coverage at iteration 2 is 65.91%
2025-03-09 11:19:50,532 - verilog_tb_gen - INFO - Finished vcs_coverage in 3.60 seconds
2025-03-09 11:20:02,903 - verilog_tb_gen - INFO - Finished llm_coverage in 12.37 seconds
2025-03-09 11:20:06,496 - verilog_tb_gen - INFO - Line coverage at iteration 3 is 65.91%
2025-03-09 11:20:06,496 - verilog_tb_gen - INFO - Finished vcs_coverage in 3.59 seconds
2025-03-09 11:20:06,497 - verilog_tb_gen - INFO - Reached maximum iterations (3). Stopping retry loop.
2025-03-09 11:20:06,997 - verilog_tb_gen - INFO - Finished vcs_simulate in 0.50 seconds
2025-03-09 11:20:21,273 - verilog_tb_gen - INFO - Finished llm_testbench_align in 14.27 seconds
2025-03-09 11:20:24,319 - verilog_tb_gen - INFO - Finished vcs_simulate_align in 3.05 seconds
2025-03-09 11:20:24,322 - verilog_tb_gen - INFO - Successfully generated testbench for 1361
2025-03-09 11:20:24,334 - verilog_tb_gen - INFO - ==================== Time Cost: 91.43267703056335 ====================
2025-03-09 11:20:24,334 - verilog_tb_gen - INFO - ==================== Generate data: 1362 ====================
2025-03-09 11:20:29,112 - verilog_tb_gen - INFO - Finished llm_function_points in 4.68 seconds
2025-03-09 11:20:34,983 - verilog_tb_gen - INFO - Finished llm_testcases in 5.87 seconds
2025-03-09 11:20:45,865 - verilog_tb_gen - INFO - Finished llm_testbench in 10.88 seconds
2025-03-09 11:20:47,218 - verilog_tb_gen - INFO - Finished vcs_compile in 1.35 seconds
2025-03-09 11:20:58,840 - verilog_tb_gen - INFO - Finished llm_testbench in 11.62 seconds
2025-03-09 11:21:01,953 - verilog_tb_gen - INFO - Finished vcs_compile in 3.11 seconds
2025-03-09 11:21:04,312 - verilog_tb_gen - INFO - Line coverage at iteration 0 is 100.0%
2025-03-09 11:21:04,312 - verilog_tb_gen - INFO - Finished vcs_coverage in 2.36 seconds
2025-03-09 11:21:04,829 - verilog_tb_gen - INFO - Finished vcs_simulate in 0.51 seconds
2025-03-09 11:21:15,135 - verilog_tb_gen - INFO - Finished llm_testbench_align in 10.31 seconds
2025-03-09 11:21:18,252 - verilog_tb_gen - INFO - Finished vcs_simulate_align in 3.12 seconds
2025-03-09 11:21:18,254 - verilog_tb_gen - INFO - Successfully generated testbench for 1362
2025-03-09 11:21:18,266 - verilog_tb_gen - INFO - ==================== Time Cost: 53.93223309516907 ====================
2025-03-09 11:21:18,266 - verilog_tb_gen - INFO - ==================== Generate data: 1363 ====================
2025-03-09 11:21:23,431 - verilog_tb_gen - INFO - Finished llm_function_points in 5.07 seconds
2025-03-09 11:21:27,962 - verilog_tb_gen - INFO - Finished llm_testcases in 4.53 seconds
2025-03-09 11:21:39,221 - verilog_tb_gen - INFO - Finished llm_testbench in 11.26 seconds
2025-03-09 11:21:42,314 - verilog_tb_gen - INFO - Finished vcs_compile in 3.09 seconds
2025-03-09 11:21:44,594 - verilog_tb_gen - INFO - Line coverage at iteration 0 is 100.0%
2025-03-09 11:21:44,594 - verilog_tb_gen - INFO - Finished vcs_coverage in 2.28 seconds
2025-03-09 11:21:45,107 - verilog_tb_gen - INFO - Finished vcs_simulate in 0.51 seconds
2025-03-09 11:21:56,289 - verilog_tb_gen - INFO - Finished llm_testbench_align in 11.18 seconds
2025-03-09 11:21:57,533 - verilog_tb_gen - INFO - ===== Error for 1363 =====
2025-03-09 11:21:57,533 - verilog_tb_gen - INFO - list index out of range
2025-03-09 11:21:57,533 - verilog_tb_gen - INFO - ==================== Time Cost: 39.267011880874634 ====================
2025-03-09 11:21:57,534 - verilog_tb_gen - INFO - ==================== Generate data: 1364 ====================
2025-03-09 11:22:02,881 - verilog_tb_gen - INFO - Finished llm_function_points in 5.26 seconds
2025-03-09 11:22:08,225 - verilog_tb_gen - INFO - Finished llm_testcases in 5.34 seconds
2025-03-09 11:22:23,170 - verilog_tb_gen - INFO - Finished llm_testbench in 14.94 seconds
2025-03-09 11:22:26,141 - verilog_tb_gen - INFO - Finished vcs_compile in 2.97 seconds
2025-03-09 11:22:28,499 - verilog_tb_gen - INFO - Line coverage at iteration 0 is 64.06%
2025-03-09 11:22:28,499 - verilog_tb_gen - INFO - Finished vcs_coverage in 2.36 seconds
2025-03-09 11:22:43,059 - verilog_tb_gen - INFO - Finished llm_coverage in 14.56 seconds
2025-03-09 11:22:46,768 - verilog_tb_gen - INFO - Line coverage at iteration 1 is 64.06%
2025-03-09 11:22:46,768 - verilog_tb_gen - INFO - Finished vcs_coverage in 3.71 seconds
2025-03-09 11:23:11,099 - verilog_tb_gen - INFO - Finished llm_coverage in 24.33 seconds
2025-03-09 11:23:14,703 - verilog_tb_gen - INFO - Line coverage at iteration 2 is 65.62%
2025-03-09 11:23:14,703 - verilog_tb_gen - INFO - Finished vcs_coverage in 3.60 seconds
2025-03-09 11:23:38,757 - verilog_tb_gen - INFO - Finished llm_coverage in 24.05 seconds
2025-03-09 11:23:42,450 - verilog_tb_gen - INFO - Line coverage at iteration 3 is 65.62%
2025-03-09 11:23:42,450 - verilog_tb_gen - INFO - Finished vcs_coverage in 3.69 seconds
2025-03-09 11:23:42,451 - verilog_tb_gen - INFO - Reached maximum iterations (3). Stopping retry loop.
2025-03-09 11:23:42,954 - verilog_tb_gen - INFO - Finished vcs_simulate in 0.50 seconds
2025-03-09 11:24:07,640 - verilog_tb_gen - INFO - Finished llm_testbench_align in 24.68 seconds
2025-03-09 11:24:10,687 - verilog_tb_gen - INFO - Finished vcs_simulate_align in 3.05 seconds
2025-03-09 11:24:10,689 - verilog_tb_gen - INFO - Successfully generated testbench for 1364
2025-03-09 11:24:10,701 - verilog_tb_gen - INFO - ==================== Time Cost: 133.16697764396667 ====================
2025-03-09 11:24:10,701 - verilog_tb_gen - INFO - ==================== Generate data: 1365 ====================
2025-03-09 11:24:17,423 - verilog_tb_gen - INFO - Finished llm_function_points in 6.46 seconds
2025-03-09 11:24:23,315 - verilog_tb_gen - INFO - Finished llm_testcases in 5.89 seconds
2025-03-09 11:24:39,921 - verilog_tb_gen - INFO - Finished llm_testbench in 16.60 seconds
2025-03-09 11:24:42,962 - verilog_tb_gen - INFO - Finished vcs_compile in 3.04 seconds
2025-03-09 11:24:45,301 - verilog_tb_gen - INFO - Line coverage at iteration 0 is 100.0%
2025-03-09 11:24:45,302 - verilog_tb_gen - INFO - Finished vcs_coverage in 2.34 seconds
2025-03-09 11:24:45,805 - verilog_tb_gen - INFO - Finished vcs_simulate in 0.50 seconds
2025-03-09 11:25:02,210 - verilog_tb_gen - INFO - Finished llm_testbench_align in 16.40 seconds
2025-03-09 11:25:05,292 - verilog_tb_gen - INFO - Finished vcs_simulate_align in 3.08 seconds
2025-03-09 11:25:05,294 - verilog_tb_gen - INFO - Successfully generated testbench for 1365
2025-03-09 11:25:05,305 - verilog_tb_gen - INFO - ==================== Time Cost: 54.604504346847534 ====================
2025-03-09 11:25:05,305 - verilog_tb_gen - INFO - ==================== Generate data: 1366 ====================
2025-03-09 11:25:13,510 - verilog_tb_gen - INFO - Finished llm_function_points in 8.11 seconds
2025-03-09 11:25:23,556 - verilog_tb_gen - INFO - Finished llm_testcases in 10.04 seconds
2025-03-09 11:25:37,139 - verilog_tb_gen - INFO - Finished llm_testbench in 13.58 seconds
2025-03-09 11:25:40,130 - verilog_tb_gen - INFO - Finished vcs_compile in 2.99 seconds
2025-03-09 11:25:42,438 - verilog_tb_gen - INFO - Line coverage at iteration 0 is 70.83%
2025-03-09 11:25:42,438 - verilog_tb_gen - INFO - Finished vcs_coverage in 2.31 seconds
2025-03-09 11:25:52,214 - verilog_tb_gen - INFO - Finished llm_coverage in 9.77 seconds
2025-03-09 11:25:55,811 - verilog_tb_gen - INFO - Line coverage at iteration 1 is 75.0%
2025-03-09 11:25:55,811 - verilog_tb_gen - INFO - Finished vcs_coverage in 3.60 seconds
2025-03-09 11:26:10,035 - verilog_tb_gen - INFO - Finished llm_coverage in 14.22 seconds
2025-03-09 11:26:13,598 - verilog_tb_gen - INFO - Line coverage at iteration 2 is 75.0%
2025-03-09 11:26:13,599 - verilog_tb_gen - INFO - Finished vcs_coverage in 3.56 seconds
2025-03-09 11:26:24,314 - verilog_tb_gen - INFO - Finished llm_coverage in 10.71 seconds
2025-03-09 11:26:27,844 - verilog_tb_gen - INFO - Line coverage at iteration 3 is 75.0%
2025-03-09 11:26:27,844 - verilog_tb_gen - INFO - Finished vcs_coverage in 3.53 seconds
2025-03-09 11:26:27,845 - verilog_tb_gen - INFO - Reached maximum iterations (3). Stopping retry loop.
2025-03-09 11:26:28,348 - verilog_tb_gen - INFO - Finished vcs_simulate in 0.50 seconds
2025-03-09 11:26:41,321 - verilog_tb_gen - INFO - Finished llm_testbench_align in 12.97 seconds
2025-03-09 11:26:44,310 - verilog_tb_gen - INFO - Finished vcs_simulate_align in 2.99 seconds
2025-03-09 11:26:44,312 - verilog_tb_gen - INFO - Successfully generated testbench for 1366
2025-03-09 11:26:44,324 - verilog_tb_gen - INFO - ==================== Time Cost: 99.01824307441711 ====================
2025-03-09 11:26:44,324 - verilog_tb_gen - INFO - ==================== Generate data: 1367 ====================
2025-03-09 11:26:49,960 - verilog_tb_gen - INFO - Finished llm_function_points in 5.54 seconds
2025-03-09 11:26:54,702 - verilog_tb_gen - INFO - Finished llm_testcases in 4.74 seconds
2025-03-09 11:27:09,553 - verilog_tb_gen - INFO - Finished llm_testbench in 14.85 seconds
2025-03-09 11:27:12,682 - verilog_tb_gen - INFO - Finished vcs_compile in 3.13 seconds
2025-03-09 11:27:14,963 - verilog_tb_gen - INFO - Line coverage at iteration 0 is 97.67%
2025-03-09 11:27:14,963 - verilog_tb_gen - INFO - Finished vcs_coverage in 2.28 seconds
2025-03-09 11:27:15,476 - verilog_tb_gen - INFO - Finished vcs_simulate in 0.51 seconds
2025-03-09 11:27:30,054 - verilog_tb_gen - INFO - Finished llm_testbench_align in 14.58 seconds
2025-03-09 11:27:33,114 - verilog_tb_gen - INFO - Finished vcs_simulate_align in 3.06 seconds
2025-03-09 11:27:33,116 - verilog_tb_gen - INFO - Successfully generated testbench for 1367
2025-03-09 11:27:33,127 - verilog_tb_gen - INFO - ==================== Time Cost: 48.80372095108032 ====================
2025-03-09 11:27:33,127 - verilog_tb_gen - INFO - ==================== Generate data: 1368 ====================
2025-03-09 11:27:37,872 - verilog_tb_gen - INFO - Finished llm_function_points in 4.65 seconds
2025-03-09 11:27:42,212 - verilog_tb_gen - INFO - Finished llm_testcases in 4.34 seconds
2025-03-09 11:27:53,072 - verilog_tb_gen - INFO - Finished llm_testbench in 10.86 seconds
2025-03-09 11:27:56,038 - verilog_tb_gen - INFO - Finished vcs_compile in 2.97 seconds
2025-03-09 11:27:58,149 - verilog_tb_gen - INFO - Line coverage at iteration 0 is 100.0%
2025-03-09 11:27:58,149 - verilog_tb_gen - INFO - Finished vcs_coverage in 2.11 seconds
2025-03-09 11:27:58,656 - verilog_tb_gen - INFO - Finished vcs_simulate in 0.51 seconds
2025-03-09 11:28:10,267 - verilog_tb_gen - INFO - Finished llm_testbench_align in 11.61 seconds
2025-03-09 11:28:13,316 - verilog_tb_gen - INFO - Finished vcs_simulate_align in 3.05 seconds
2025-03-09 11:28:23,631 - verilog_tb_gen - INFO - Finished llm_testbench_align in 10.31 seconds
2025-03-09 11:28:26,769 - verilog_tb_gen - INFO - Finished vcs_simulate_align in 3.14 seconds
2025-03-09 11:28:36,045 - verilog_tb_gen - INFO - Finished llm_testbench_align in 9.27 seconds
2025-03-09 11:28:39,119 - verilog_tb_gen - INFO - Finished vcs_simulate_align in 3.07 seconds
2025-03-09 11:28:39,120 - verilog_tb_gen - INFO - Reached maximum iterations (3). Stopping retry loop.
2025-03-09 11:28:39,121 - verilog_tb_gen - INFO - Generated testbench for 1368 coverst {'overall': {'score': 65.22, 'line': 100.0, 'condition': 0.0, 'toggle': 30.43, 'branch': 0.0}, 'lines': ["\n29                      // Clock generation\n30         2/2          always #(CLK_PERIOD/2) sys_clk = ~sys_clk;\n31                      \n32                      initial begin\n33                          // Initialize Inputs\n34         1/1              sys_clk = 0;\n35         1/1              alu_rst = 1;\n36         1/1              a = 0;\n37         1/1              cos = 0;\n38         1/1              valid_i = 0;\n39                      \n40                          // Wait 100 ns for global reset to finish\n41         2/2              #100;\n42         1/1              alu_rst = 0;\n43                      \n44                          // Add stimulus here\n45         1/1              $display(&quot;===========TestCases===========&quot;);\n46                      \n47                          // Test Case 1: Normal operation, sin(0)\n48         1/1              a = 32'd0;\n49         1/1              cos = 0;\n50         1/1              valid_i = 1;\n51         2/2              #CLK_PERIOD;\n52         1/1              valid_i = 0;\n53         2/2              #CLK_PERIOD;\n54         1/1              $display(&quot;Test Case 1. Expected r: 0x00000000, Actual r: 0x%08x&quot;, r);\n55                      \n56                          // Test Case 2: Normal operation, cos(0)\n57         1/1              a = 32'd0;\n58         1/1              cos = 1;\n59         1/1              valid_i = 1;\n60         2/2              #CLK_PERIOD;\n61         1/1              valid_i = 0;\n62         2/2              #CLK_PERIOD;\n63         1/1              $display(&quot;Test Case 2. Expected r: 0x3f800000, Actual r: 0x%08x&quot;, r);\n64                      \n65                          // Test Case 3: Edge case, sin(π/2)\n66         1/1              a = 32'd2048; // π/2 in fixed-point representation\n67         1/1              cos = 0;\n68         1/1              valid_i = 1;\n69         2/2              #CLK_PERIOD;\n70         1/1              valid_i = 0;\n71         2/2              #CLK_PERIOD;\n72         1/1              $display(&quot;Test Case 3. Expected r: 0x3f800000, Actual r: 0x%08x&quot;, r);\n73                      \n74                          // Test Case 4: Edge case, cos(π/2)\n75         1/1              a = 32'd2048; // π/2 in fixed-point representation\n76         1/1              cos = 1;\n77         1/1              valid_i = 1;\n78         2/2              #CLK_PERIOD;\n79         1/1              valid_i = 0;\n80         2/2              #CLK_PERIOD;\n81         1/1              $display(&quot;Test Case 4. Expected r: 0x00000000, Actual r: 0x%08x&quot;, r);\n82                      \n83                          // Test Case 5: Error condition, invalid input\n84         1/1              a = 32'hFFFFFFFF; // Invalid input\n85         1/1              cos = 0;\n86         1/1              valid_i = 1;\n87         2/2              #CLK_PERIOD;\n88         1/1              valid_i = 0;\n89         2/2              #CLK_PERIOD;\n90         1/1              $display(&quot;Test Case 5. Expected r: Undefined, Actual r: 0x%08x&quot;, r);\n91                      \n92         1/1              $display(&quot;===========End===========&quot;);\n93                      \n94                          // Must finish simulation\n95         1/1              $finish;\n"]}%
2025-03-09 11:28:39,122 - verilog_tb_gen - INFO - Failed to generate testbench for 1368
2025-03-09 11:28:39,133 - verilog_tb_gen - INFO - ==================== Time Cost: 66.00547313690186 ====================
2025-03-09 11:28:39,133 - verilog_tb_gen - INFO - ==================== Generate data: 1369 ====================
2025-03-09 11:28:45,128 - verilog_tb_gen - INFO - Finished llm_function_points in 5.89 seconds
2025-03-09 11:28:50,378 - verilog_tb_gen - INFO - Finished llm_testcases in 5.25 seconds
2025-03-09 11:29:08,294 - verilog_tb_gen - INFO - Finished llm_testbench in 17.91 seconds
2025-03-09 11:29:11,310 - verilog_tb_gen - INFO - Finished vcs_compile in 3.02 seconds
2025-03-09 11:29:13,602 - verilog_tb_gen - INFO - Line coverage at iteration 0 is 66.0%
2025-03-09 11:29:13,603 - verilog_tb_gen - INFO - Finished vcs_coverage in 2.29 seconds
2025-03-09 11:29:35,493 - verilog_tb_gen - INFO - Finished llm_coverage in 21.89 seconds
2025-03-09 11:29:39,234 - verilog_tb_gen - INFO - Line coverage at iteration 1 is 78.0%
2025-03-09 11:29:39,234 - verilog_tb_gen - INFO - Finished vcs_coverage in 3.74 seconds
2025-03-09 11:30:02,379 - verilog_tb_gen - INFO - Finished llm_coverage in 23.14 seconds
2025-03-09 11:30:06,033 - verilog_tb_gen - INFO - Line coverage at iteration 2 is 96.0%
2025-03-09 11:30:06,033 - verilog_tb_gen - INFO - Finished vcs_coverage in 3.65 seconds
2025-03-09 11:30:06,541 - verilog_tb_gen - INFO - Finished vcs_simulate in 0.51 seconds
2025-03-09 11:30:32,345 - verilog_tb_gen - INFO - Finished llm_testbench_align in 25.80 seconds
2025-03-09 11:30:35,447 - verilog_tb_gen - INFO - Finished vcs_simulate_align in 3.10 seconds
2025-03-09 11:30:35,449 - verilog_tb_gen - INFO - Successfully generated testbench for 1369
2025-03-09 11:30:35,462 - verilog_tb_gen - INFO - ==================== Time Cost: 116.32936763763428 ====================
2025-03-09 11:30:35,463 - verilog_tb_gen - INFO - ==================== Generate data: 1370 ====================
2025-03-09 11:30:39,998 - verilog_tb_gen - INFO - Finished llm_function_points in 4.44 seconds
2025-03-09 11:30:44,971 - verilog_tb_gen - INFO - Finished llm_testcases in 4.97 seconds
2025-03-09 11:30:58,009 - verilog_tb_gen - INFO - Finished llm_testbench in 13.04 seconds
2025-03-09 11:31:01,060 - verilog_tb_gen - INFO - Finished vcs_compile in 3.05 seconds
2025-03-09 11:31:03,308 - verilog_tb_gen - INFO - Line coverage at iteration 0 is 68.85%
2025-03-09 11:31:03,308 - verilog_tb_gen - INFO - Finished vcs_coverage in 2.25 seconds
2025-03-09 11:31:17,481 - verilog_tb_gen - INFO - Finished llm_coverage in 14.17 seconds
2025-03-09 11:31:19,277 - verilog_tb_gen - INFO - Line coverage at iteration 1 is 68.85%
2025-03-09 11:31:19,277 - verilog_tb_gen - INFO - Finished vcs_coverage in 1.80 seconds
2025-03-09 11:31:36,435 - verilog_tb_gen - INFO - Finished llm_coverage in 17.16 seconds
2025-03-09 11:31:38,251 - verilog_tb_gen - INFO - Line coverage at iteration 2 is 68.85%
2025-03-09 11:31:38,251 - verilog_tb_gen - INFO - Finished vcs_coverage in 1.82 seconds
2025-03-09 11:31:53,770 - verilog_tb_gen - INFO - Finished llm_coverage in 15.52 seconds
2025-03-09 11:31:55,602 - verilog_tb_gen - INFO - Line coverage at iteration 3 is 68.85%
2025-03-09 11:31:55,602 - verilog_tb_gen - INFO - Finished vcs_coverage in 1.83 seconds
2025-03-09 11:31:55,603 - verilog_tb_gen - INFO - Reached maximum iterations (3). Stopping retry loop.
2025-03-09 11:31:55,607 - verilog_tb_gen - INFO - ===== Error for 1370 =====
2025-03-09 11:31:55,607 - verilog_tb_gen - INFO - list index out of range
2025-03-09 11:31:55,607 - verilog_tb_gen - INFO - ==================== Time Cost: 80.14471912384033 ====================
2025-03-09 11:31:55,607 - verilog_tb_gen - INFO - ==================== Generate data: 1371 ====================
2025-03-09 11:32:03,737 - verilog_tb_gen - INFO - Finished llm_function_points in 8.03 seconds
2025-03-09 11:32:09,511 - verilog_tb_gen - INFO - Finished llm_testcases in 5.77 seconds
2025-03-09 11:32:20,714 - verilog_tb_gen - INFO - Finished llm_testbench in 11.20 seconds
2025-03-09 11:32:23,702 - verilog_tb_gen - INFO - Finished vcs_compile in 2.99 seconds
2025-03-09 11:32:25,954 - verilog_tb_gen - INFO - Line coverage at iteration 0 is 70.77%
2025-03-09 11:32:25,955 - verilog_tb_gen - INFO - Finished vcs_coverage in 2.25 seconds
2025-03-09 11:32:40,890 - verilog_tb_gen - INFO - Finished llm_coverage in 14.93 seconds
2025-03-09 11:32:44,561 - verilog_tb_gen - INFO - Line coverage at iteration 1 is 100.0%
2025-03-09 11:32:44,561 - verilog_tb_gen - INFO - Finished vcs_coverage in 3.67 seconds
2025-03-09 11:32:45,062 - verilog_tb_gen - INFO - Finished vcs_simulate in 0.50 seconds
2025-03-09 11:33:01,675 - verilog_tb_gen - INFO - Finished llm_testbench_align in 16.61 seconds
2025-03-09 11:33:04,684 - verilog_tb_gen - INFO - Finished vcs_simulate_align in 3.01 seconds
2025-03-09 11:33:04,686 - verilog_tb_gen - INFO - Successfully generated testbench for 1371
2025-03-09 11:33:04,697 - verilog_tb_gen - INFO - ==================== Time Cost: 69.08998417854309 ====================
2025-03-09 11:33:04,697 - verilog_tb_gen - INFO - ==================== Generate data: 1372 ====================
2025-03-09 11:33:09,447 - verilog_tb_gen - INFO - Finished llm_function_points in 4.66 seconds
2025-03-09 11:33:15,126 - verilog_tb_gen - INFO - Finished llm_testcases in 5.68 seconds
2025-03-09 11:33:28,359 - verilog_tb_gen - INFO - Finished llm_testbench in 13.23 seconds
2025-03-09 11:33:31,390 - verilog_tb_gen - INFO - Finished vcs_compile in 3.03 seconds
2025-03-09 11:33:33,665 - verilog_tb_gen - INFO - Line coverage at iteration 0 is 100.0%
2025-03-09 11:33:33,665 - verilog_tb_gen - INFO - Finished vcs_coverage in 2.27 seconds
2025-03-09 11:33:34,173 - verilog_tb_gen - INFO - Finished vcs_simulate in 0.51 seconds
2025-03-09 11:33:46,293 - verilog_tb_gen - INFO - Finished llm_testbench_align in 12.12 seconds
2025-03-09 11:33:49,280 - verilog_tb_gen - INFO - Finished vcs_simulate_align in 2.99 seconds
2025-03-09 11:33:49,282 - verilog_tb_gen - INFO - Successfully generated testbench for 1372
2025-03-09 11:33:49,293 - verilog_tb_gen - INFO - ==================== Time Cost: 44.595970153808594 ====================
2025-03-09 11:33:49,294 - verilog_tb_gen - INFO - ==================== Generate data: 1373 ====================
2025-03-09 11:33:57,365 - verilog_tb_gen - INFO - Finished llm_function_points in 7.97 seconds
2025-03-09 11:34:01,895 - verilog_tb_gen - INFO - Finished llm_testcases in 4.53 seconds
2025-03-09 11:34:19,835 - verilog_tb_gen - INFO - Finished llm_testbench in 17.94 seconds
2025-03-09 11:34:22,865 - verilog_tb_gen - INFO - Finished vcs_compile in 3.03 seconds
2025-03-09 11:34:25,122 - verilog_tb_gen - INFO - Line coverage at iteration 0 is 100.0%
2025-03-09 11:34:25,122 - verilog_tb_gen - INFO - Finished vcs_coverage in 2.26 seconds
2025-03-09 11:34:25,630 - verilog_tb_gen - INFO - Finished vcs_simulate in 0.51 seconds
2025-03-09 11:34:46,187 - verilog_tb_gen - INFO - Finished llm_testbench_align in 20.56 seconds
2025-03-09 11:34:49,319 - verilog_tb_gen - INFO - Finished vcs_simulate_align in 3.13 seconds
2025-03-09 11:34:49,321 - verilog_tb_gen - INFO - Successfully generated testbench for 1373
2025-03-09 11:34:49,332 - verilog_tb_gen - INFO - ==================== Time Cost: 60.038846492767334 ====================
2025-03-09 11:34:49,333 - verilog_tb_gen - INFO - ==================== Generate data: 1374 ====================
2025-03-09 11:34:54,476 - verilog_tb_gen - INFO - Finished llm_function_points in 5.05 seconds
2025-03-09 11:34:59,523 - verilog_tb_gen - INFO - Finished llm_testcases in 5.04 seconds
2025-03-09 11:35:12,666 - verilog_tb_gen - INFO - Finished llm_testbench in 13.14 seconds
2025-03-09 11:35:15,652 - verilog_tb_gen - INFO - Finished vcs_compile in 2.99 seconds
2025-03-09 11:35:17,941 - verilog_tb_gen - INFO - Line coverage at iteration 0 is 100.0%
2025-03-09 11:35:17,941 - verilog_tb_gen - INFO - Finished vcs_coverage in 2.29 seconds
2025-03-09 11:35:18,444 - verilog_tb_gen - INFO - Finished vcs_simulate in 0.50 seconds
2025-03-09 11:35:29,679 - verilog_tb_gen - INFO - Finished llm_testbench_align in 11.23 seconds
2025-03-09 11:35:32,711 - verilog_tb_gen - INFO - Finished vcs_simulate_align in 3.03 seconds
2025-03-09 11:35:32,713 - verilog_tb_gen - INFO - Successfully generated testbench for 1374
2025-03-09 11:35:32,724 - verilog_tb_gen - INFO - ==================== Time Cost: 43.39173078536987 ====================
2025-03-09 11:35:32,724 - verilog_tb_gen - INFO - ==================== Generate data: 1375 ====================
2025-03-09 11:35:38,370 - verilog_tb_gen - INFO - Finished llm_function_points in 5.55 seconds
2025-03-09 11:35:44,206 - verilog_tb_gen - INFO - Finished llm_testcases in 5.83 seconds
2025-03-09 11:36:01,382 - verilog_tb_gen - INFO - Finished llm_testbench in 17.17 seconds
2025-03-09 11:36:04,344 - verilog_tb_gen - INFO - Finished vcs_compile in 2.96 seconds
2025-03-09 11:36:06,600 - verilog_tb_gen - INFO - Line coverage at iteration 0 is 100.0%
2025-03-09 11:36:06,600 - verilog_tb_gen - INFO - Finished vcs_coverage in 2.25 seconds
2025-03-09 11:36:07,106 - verilog_tb_gen - INFO - Finished vcs_simulate in 0.50 seconds
2025-03-09 11:36:23,074 - verilog_tb_gen - INFO - Finished llm_testbench_align in 15.97 seconds
2025-03-09 11:36:26,144 - verilog_tb_gen - INFO - Finished vcs_simulate_align in 3.07 seconds
2025-03-09 11:36:26,146 - verilog_tb_gen - INFO - Successfully generated testbench for 1375
2025-03-09 11:36:26,158 - verilog_tb_gen - INFO - ==================== Time Cost: 53.433417558670044 ====================
2025-03-09 11:36:26,158 - verilog_tb_gen - INFO - ==================== Generate data: 1376 ====================
2025-03-09 11:36:32,191 - verilog_tb_gen - INFO - Finished llm_function_points in 5.94 seconds
2025-03-09 11:36:37,636 - verilog_tb_gen - INFO - Finished llm_testcases in 5.44 seconds
2025-03-09 11:36:48,432 - verilog_tb_gen - INFO - Finished llm_testbench in 10.79 seconds
2025-03-09 11:36:51,368 - verilog_tb_gen - INFO - Finished vcs_compile in 2.93 seconds
2025-03-09 11:36:53,627 - verilog_tb_gen - INFO - Line coverage at iteration 0 is 94.44%
2025-03-09 11:36:53,627 - verilog_tb_gen - INFO - Finished vcs_coverage in 2.26 seconds
2025-03-09 11:36:54,130 - verilog_tb_gen - INFO - Finished vcs_simulate in 0.50 seconds
2025-03-09 11:37:13,559 - verilog_tb_gen - INFO - Finished llm_testbench_align in 19.43 seconds
2025-03-09 11:37:16,652 - verilog_tb_gen - INFO - Finished vcs_simulate_align in 3.09 seconds
2025-03-09 11:37:16,653 - verilog_tb_gen - INFO - Successfully generated testbench for 1376
2025-03-09 11:37:16,665 - verilog_tb_gen - INFO - ==================== Time Cost: 50.506754875183105 ====================
2025-03-09 11:37:16,665 - verilog_tb_gen - INFO - ==================== Generate data: 1377 ====================
2025-03-09 11:37:21,502 - verilog_tb_gen - INFO - Finished llm_function_points in 4.74 seconds
2025-03-09 11:37:26,807 - verilog_tb_gen - INFO - Finished llm_testcases in 5.30 seconds
2025-03-09 11:37:41,215 - verilog_tb_gen - INFO - Finished llm_testbench in 14.41 seconds
2025-03-09 11:37:44,207 - verilog_tb_gen - INFO - Finished vcs_compile in 2.99 seconds
2025-03-09 11:37:46,496 - verilog_tb_gen - INFO - Line coverage at iteration 0 is 100.0%
2025-03-09 11:37:46,496 - verilog_tb_gen - INFO - Finished vcs_coverage in 2.29 seconds
2025-03-09 11:37:47,003 - verilog_tb_gen - INFO - Finished vcs_simulate in 0.51 seconds
2025-03-09 11:38:04,878 - verilog_tb_gen - INFO - Finished llm_testbench_align in 17.87 seconds
2025-03-09 11:38:07,999 - verilog_tb_gen - INFO - Finished vcs_simulate_align in 3.12 seconds
2025-03-09 11:38:08,001 - verilog_tb_gen - INFO - Successfully generated testbench for 1377
2025-03-09 11:38:08,012 - verilog_tb_gen - INFO - ==================== Time Cost: 51.34710931777954 ====================
2025-03-09 11:38:08,012 - verilog_tb_gen - INFO - ==================== Generate data: 1378 ====================
2025-03-09 11:38:13,602 - verilog_tb_gen - INFO - Finished llm_function_points in 5.49 seconds
2025-03-09 11:38:18,674 - verilog_tb_gen - INFO - Finished llm_testcases in 5.07 seconds
2025-03-09 11:38:34,371 - verilog_tb_gen - INFO - Finished llm_testbench in 15.70 seconds
2025-03-09 11:38:37,349 - verilog_tb_gen - INFO - Finished vcs_compile in 2.98 seconds
2025-03-09 11:38:39,535 - verilog_tb_gen - INFO - Line coverage at iteration 0 is 100.0%
2025-03-09 11:38:39,535 - verilog_tb_gen - INFO - Finished vcs_coverage in 2.18 seconds
2025-03-09 11:38:40,039 - verilog_tb_gen - INFO - Finished vcs_simulate in 0.50 seconds
2025-03-09 11:38:55,103 - verilog_tb_gen - INFO - Finished llm_testbench_align in 15.06 seconds
2025-03-09 11:38:58,155 - verilog_tb_gen - INFO - Finished vcs_simulate_align in 3.05 seconds
2025-03-09 11:38:58,156 - verilog_tb_gen - INFO - Successfully generated testbench for 1378
2025-03-09 11:38:58,168 - verilog_tb_gen - INFO - ==================== Time Cost: 50.15546154975891 ====================
2025-03-09 11:38:58,168 - verilog_tb_gen - INFO - ==================== Generate data: 1379 ====================
2025-03-09 11:39:03,804 - verilog_tb_gen - INFO - Finished llm_function_points in 5.54 seconds
2025-03-09 11:39:09,104 - verilog_tb_gen - INFO - Finished llm_testcases in 5.30 seconds
2025-03-09 11:39:21,460 - verilog_tb_gen - INFO - Finished llm_testbench in 12.35 seconds
2025-03-09 11:39:24,383 - verilog_tb_gen - INFO - Finished vcs_compile in 2.92 seconds
2025-03-09 11:39:26,721 - verilog_tb_gen - INFO - Line coverage at iteration 0 is 100.0%
2025-03-09 11:39:26,721 - verilog_tb_gen - INFO - Finished vcs_coverage in 2.34 seconds
2025-03-09 11:39:27,232 - verilog_tb_gen - INFO - Finished vcs_simulate in 0.51 seconds
2025-03-09 11:39:38,571 - verilog_tb_gen - INFO - Finished llm_testbench_align in 11.34 seconds
2025-03-09 11:39:41,778 - verilog_tb_gen - INFO - Finished vcs_simulate_align in 3.21 seconds
2025-03-09 11:39:41,780 - verilog_tb_gen - INFO - Successfully generated testbench for 1379
2025-03-09 11:39:41,792 - verilog_tb_gen - INFO - ==================== Time Cost: 43.62411379814148 ====================
2025-03-09 11:39:41,792 - verilog_tb_gen - INFO - ==================== Generate data: 1380 ====================
2025-03-09 11:39:46,952 - verilog_tb_gen - INFO - Finished llm_function_points in 5.06 seconds
2025-03-09 11:39:51,825 - verilog_tb_gen - INFO - Finished llm_testcases in 4.87 seconds
2025-03-09 11:40:03,620 - verilog_tb_gen - INFO - Finished llm_testbench in 11.79 seconds
2025-03-09 11:40:06,622 - verilog_tb_gen - INFO - Finished vcs_compile in 3.00 seconds
2025-03-09 11:40:08,905 - verilog_tb_gen - INFO - Line coverage at iteration 0 is 70.18%
2025-03-09 11:40:08,905 - verilog_tb_gen - INFO - Finished vcs_coverage in 2.28 seconds
2025-03-09 11:40:24,218 - verilog_tb_gen - INFO - Finished llm_coverage in 15.31 seconds
2025-03-09 11:40:27,878 - verilog_tb_gen - INFO - Line coverage at iteration 1 is 78.95%
2025-03-09 11:40:27,878 - verilog_tb_gen - INFO - Finished vcs_coverage in 3.66 seconds
2025-03-09 11:40:40,365 - verilog_tb_gen - INFO - Finished llm_coverage in 12.49 seconds
2025-03-09 11:40:43,971 - verilog_tb_gen - INFO - Line coverage at iteration 2 is 78.95%
2025-03-09 11:40:43,971 - verilog_tb_gen - INFO - Finished vcs_coverage in 3.60 seconds
2025-03-09 11:40:58,137 - verilog_tb_gen - INFO - Finished llm_coverage in 14.16 seconds
2025-03-09 11:41:01,709 - verilog_tb_gen - INFO - Line coverage at iteration 3 is 78.95%
2025-03-09 11:41:01,709 - verilog_tb_gen - INFO - Finished vcs_coverage in 3.57 seconds
2025-03-09 11:41:01,709 - verilog_tb_gen - INFO - Reached maximum iterations (3). Stopping retry loop.
2025-03-09 11:41:02,214 - verilog_tb_gen - INFO - Finished vcs_simulate in 0.50 seconds
2025-03-09 11:41:17,460 - verilog_tb_gen - INFO - Finished llm_testbench_align in 15.24 seconds
2025-03-09 11:41:20,491 - verilog_tb_gen - INFO - Finished vcs_simulate_align in 3.03 seconds
2025-03-09 11:41:20,493 - verilog_tb_gen - INFO - Successfully generated testbench for 1380
2025-03-09 11:41:20,505 - verilog_tb_gen - INFO - ==================== Time Cost: 98.71277737617493 ====================
2025-03-09 11:41:20,505 - verilog_tb_gen - INFO - ==================== Generate data: 1381 ====================
2025-03-09 11:41:25,923 - verilog_tb_gen - INFO - Finished llm_function_points in 5.32 seconds
2025-03-09 11:41:33,967 - verilog_tb_gen - INFO - Finished llm_testcases in 8.04 seconds
2025-03-09 11:41:43,656 - verilog_tb_gen - INFO - Finished llm_testbench in 9.69 seconds
2025-03-09 11:41:46,623 - verilog_tb_gen - INFO - Finished vcs_compile in 2.97 seconds
2025-03-09 11:41:48,930 - verilog_tb_gen - INFO - Line coverage at iteration 0 is 95.0%
2025-03-09 11:41:48,930 - verilog_tb_gen - INFO - Finished vcs_coverage in 2.30 seconds
2025-03-09 11:41:49,432 - verilog_tb_gen - INFO - Finished vcs_simulate in 0.50 seconds
2025-03-09 11:41:59,010 - verilog_tb_gen - INFO - Finished llm_testbench_align in 9.58 seconds
2025-03-09 11:42:02,077 - verilog_tb_gen - INFO - Finished vcs_simulate_align in 3.07 seconds
2025-03-09 11:42:02,079 - verilog_tb_gen - INFO - Successfully generated testbench for 1381
2025-03-09 11:42:02,091 - verilog_tb_gen - INFO - ==================== Time Cost: 41.58562254905701 ====================
2025-03-09 11:42:02,091 - verilog_tb_gen - INFO - ==================== Generate data: 1382 ====================
2025-03-09 11:42:07,205 - verilog_tb_gen - INFO - Finished llm_function_points in 5.02 seconds
2025-03-09 11:42:11,750 - verilog_tb_gen - INFO - Finished llm_testcases in 4.54 seconds
2025-03-09 11:42:36,124 - verilog_tb_gen - INFO - Finished llm_testbench in 24.37 seconds
2025-03-09 11:42:39,135 - verilog_tb_gen - INFO - Finished vcs_compile in 3.01 seconds
2025-03-09 11:42:41,406 - verilog_tb_gen - INFO - Line coverage at iteration 0 is 100.0%
2025-03-09 11:42:41,407 - verilog_tb_gen - INFO - Finished vcs_coverage in 2.27 seconds
2025-03-09 11:42:41,915 - verilog_tb_gen - INFO - Finished vcs_simulate in 0.51 seconds
2025-03-09 11:43:09,724 - verilog_tb_gen - INFO - Finished llm_testbench_align in 27.81 seconds
2025-03-09 11:43:12,729 - verilog_tb_gen - INFO - Finished vcs_simulate_align in 3.00 seconds
2025-03-09 11:43:12,731 - verilog_tb_gen - INFO - Successfully generated testbench for 1382
2025-03-09 11:43:12,743 - verilog_tb_gen - INFO - ==================== Time Cost: 70.65203380584717 ====================
2025-03-09 11:43:12,743 - verilog_tb_gen - INFO - ==================== Generate data: 1383 ====================
2025-03-09 11:43:17,987 - verilog_tb_gen - INFO - Finished llm_function_points in 5.15 seconds
2025-03-09 11:43:22,912 - verilog_tb_gen - INFO - Finished llm_testcases in 4.92 seconds
2025-03-09 11:43:36,925 - verilog_tb_gen - INFO - Finished llm_testbench in 14.01 seconds
2025-03-09 11:43:39,928 - verilog_tb_gen - INFO - Finished vcs_compile in 3.00 seconds
2025-03-09 11:43:42,184 - verilog_tb_gen - INFO - Line coverage at iteration 0 is 100.0%
2025-03-09 11:43:42,185 - verilog_tb_gen - INFO - Finished vcs_coverage in 2.26 seconds
2025-03-09 11:43:42,693 - verilog_tb_gen - INFO - Finished vcs_simulate in 0.51 seconds
2025-03-09 11:43:53,825 - verilog_tb_gen - INFO - Finished llm_testbench_align in 11.13 seconds
2025-03-09 11:43:56,906 - verilog_tb_gen - INFO - Finished vcs_simulate_align in 3.08 seconds
2025-03-09 11:43:56,907 - verilog_tb_gen - INFO - Successfully generated testbench for 1383
2025-03-09 11:43:56,919 - verilog_tb_gen - INFO - ==================== Time Cost: 44.175599098205566 ====================
2025-03-09 11:43:56,919 - verilog_tb_gen - INFO - ==================== Generate data: 1384 ====================
2025-03-09 11:44:02,835 - verilog_tb_gen - INFO - Finished llm_function_points in 5.82 seconds
2025-03-09 11:44:07,790 - verilog_tb_gen - INFO - Finished llm_testcases in 4.95 seconds
2025-03-09 11:44:29,209 - verilog_tb_gen - INFO - Finished llm_testbench in 21.42 seconds
2025-03-09 11:44:32,285 - verilog_tb_gen - INFO - Finished vcs_compile in 3.07 seconds
2025-03-09 11:44:34,574 - verilog_tb_gen - INFO - Line coverage at iteration 0 is 100.0%
2025-03-09 11:44:34,575 - verilog_tb_gen - INFO - Finished vcs_coverage in 2.29 seconds
2025-03-09 11:44:35,081 - verilog_tb_gen - INFO - Finished vcs_simulate in 0.51 seconds
2025-03-09 11:44:59,583 - verilog_tb_gen - INFO - Finished llm_testbench_align in 24.50 seconds
2025-03-09 11:45:02,647 - verilog_tb_gen - INFO - Finished vcs_simulate_align in 3.06 seconds
2025-03-09 11:45:02,649 - verilog_tb_gen - INFO - Successfully generated testbench for 1384
2025-03-09 11:45:02,661 - verilog_tb_gen - INFO - ==================== Time Cost: 65.74200105667114 ====================
2025-03-09 11:45:02,661 - verilog_tb_gen - INFO - ==================== Generate data: 1385 ====================
2025-03-09 11:45:07,984 - verilog_tb_gen - INFO - Finished llm_function_points in 5.21 seconds
2025-03-09 11:45:13,339 - verilog_tb_gen - INFO - Finished llm_testcases in 5.35 seconds
2025-03-09 11:45:22,682 - verilog_tb_gen - INFO - Finished llm_testbench in 9.34 seconds
2025-03-09 11:45:25,691 - verilog_tb_gen - INFO - Finished vcs_compile in 3.01 seconds
2025-03-09 11:45:27,985 - verilog_tb_gen - INFO - Line coverage at iteration 0 is 65.45%
2025-03-09 11:45:27,986 - verilog_tb_gen - INFO - Finished vcs_coverage in 2.29 seconds
2025-03-09 11:45:40,106 - verilog_tb_gen - INFO - Finished llm_coverage in 12.12 seconds
2025-03-09 11:45:43,790 - verilog_tb_gen - INFO - Line coverage at iteration 1 is 65.45%
2025-03-09 11:45:43,791 - verilog_tb_gen - INFO - Finished vcs_coverage in 3.68 seconds
2025-03-09 11:45:56,158 - verilog_tb_gen - INFO - Finished llm_coverage in 12.37 seconds
2025-03-09 11:45:59,783 - verilog_tb_gen - INFO - Line coverage at iteration 2 is 65.45%
2025-03-09 11:45:59,784 - verilog_tb_gen - INFO - Finished vcs_coverage in 3.62 seconds
2025-03-09 11:46:12,937 - verilog_tb_gen - INFO - Finished llm_coverage in 13.15 seconds
2025-03-09 11:46:16,646 - verilog_tb_gen - INFO - Line coverage at iteration 3 is 65.45%
2025-03-09 11:46:16,646 - verilog_tb_gen - INFO - Finished vcs_coverage in 3.71 seconds
2025-03-09 11:46:16,647 - verilog_tb_gen - INFO - Reached maximum iterations (3). Stopping retry loop.
2025-03-09 11:46:17,157 - verilog_tb_gen - INFO - Finished vcs_simulate in 0.51 seconds
2025-03-09 11:46:32,105 - verilog_tb_gen - INFO - Finished llm_testbench_align in 14.95 seconds
2025-03-09 11:46:35,183 - verilog_tb_gen - INFO - Finished vcs_simulate_align in 3.08 seconds
2025-03-09 11:46:35,185 - verilog_tb_gen - INFO - Successfully generated testbench for 1385
2025-03-09 11:46:35,197 - verilog_tb_gen - INFO - ==================== Time Cost: 92.53599095344543 ====================
2025-03-09 11:46:35,197 - verilog_tb_gen - INFO - ==================== Generate data: 1386 ====================
2025-03-09 11:46:40,198 - verilog_tb_gen - INFO - Finished llm_function_points in 4.90 seconds
2025-03-09 11:46:44,485 - verilog_tb_gen - INFO - Finished llm_testcases in 4.29 seconds
2025-03-09 11:46:53,378 - verilog_tb_gen - INFO - Finished llm_testbench in 8.89 seconds
2025-03-09 11:46:56,410 - verilog_tb_gen - INFO - Finished vcs_compile in 3.03 seconds
2025-03-09 11:46:58,676 - verilog_tb_gen - INFO - Line coverage at iteration 0 is 86.3%
2025-03-09 11:46:58,676 - verilog_tb_gen - INFO - Finished vcs_coverage in 2.26 seconds
2025-03-09 11:47:12,847 - verilog_tb_gen - INFO - Finished llm_coverage in 14.17 seconds
2025-03-09 11:47:16,537 - verilog_tb_gen - INFO - Line coverage at iteration 1 is 86.3%
2025-03-09 11:47:16,538 - verilog_tb_gen - INFO - Finished vcs_coverage in 3.69 seconds
2025-03-09 11:47:28,961 - verilog_tb_gen - INFO - Finished llm_coverage in 12.42 seconds
2025-03-09 11:47:32,570 - verilog_tb_gen - INFO - Line coverage at iteration 2 is 86.3%
2025-03-09 11:47:32,570 - verilog_tb_gen - INFO - Finished vcs_coverage in 3.61 seconds
2025-03-09 11:47:45,002 - verilog_tb_gen - INFO - Finished llm_coverage in 12.43 seconds
2025-03-09 11:47:48,662 - verilog_tb_gen - INFO - Line coverage at iteration 3 is 86.3%
2025-03-09 11:47:48,662 - verilog_tb_gen - INFO - Finished vcs_coverage in 3.66 seconds
2025-03-09 11:47:48,662 - verilog_tb_gen - INFO - Reached maximum iterations (3). Stopping retry loop.
2025-03-09 11:47:49,168 - verilog_tb_gen - INFO - Finished vcs_simulate in 0.50 seconds
2025-03-09 11:48:02,031 - verilog_tb_gen - INFO - Finished llm_testbench_align in 12.86 seconds
2025-03-09 11:48:05,088 - verilog_tb_gen - INFO - Finished vcs_simulate_align in 3.06 seconds
2025-03-09 11:48:18,776 - verilog_tb_gen - INFO - Finished llm_testbench_align in 13.69 seconds
2025-03-09 11:48:21,907 - verilog_tb_gen - INFO - Finished vcs_simulate_align in 3.13 seconds
2025-03-09 11:48:33,929 - verilog_tb_gen - INFO - Finished llm_testbench_align in 12.02 seconds
2025-03-09 11:48:37,032 - verilog_tb_gen - INFO - Finished vcs_simulate_align in 3.10 seconds
2025-03-09 11:48:37,033 - verilog_tb_gen - INFO - Reached maximum iterations (3). Stopping retry loop.
2025-03-09 11:48:37,035 - verilog_tb_gen - INFO - Generated testbench for 1386 coverst {'overall': {'score': 61.13, 'line': 86.3, 'condition': 69.23, 'toggle': 7.67, 'branch': 67.44}, 'lines': ['\n16                      \n17         1/1          assign a_value = a_reg;\n18         1/1          assign b_value = b_reg;\n19         1/1          assign pc_value = pc;\n20                      \n21                      reg [7:0] memory [0:255];\n22                      reg [2:0] pipeline;\n23                      reg [1:0] phi;\n24                      \n25                      wire pfix;\n26                      wire load_i_reg;\n27                      wire au_sub;\n28                      wire comp_select;\n29                      wire mem_write;\n30                      wire r_mux_sel;\n31                      wire a_reg_en;\n32                      wire b_reg_en;\n33                      wire pc_en;\n34                      wire fetch;\n35                      wire inc;\n36                      wire exec;\n37                      \n38                      wire [7:0] o_reg;\n39                      \n40                      wire [1:0] a_mux_sel;\n41                      wire [1:0] b_mux_sel;\n42                      \n43                      wire [7:0] result;\n44                      reg [7:0] a_result;\n45                      reg [7:0] b_result;\n46                      wire [7:0] au_result;\n47                      wire comp_zero;\n48                      wire comp_neg;\n49                      wire condition;\n50                      \n51                      wire [15:0] operation;\n52                      \n53                      localparam LDAM = 0; \n54                      localparam LDBM = 1; \n55                      localparam STAM = 2; \n56                      localparam LDAC = 3; \n57                      localparam LDBC = 4; \n58                      localparam LDAP = 5; \n59                      localparam LDAI = 6; \n60                      localparam LDBI = 7; \n61                      localparam STAI = 8; \n62                      localparam BR   = 9; \n63                      localparam BRZ  = 10; \n64                      localparam BRN  = 11; \n65                      localparam BRB  = 12; \n66                      localparam ADD  = 13; \n67                      localparam SUB  = 14; \n68                      localparam PFIX = 15; \n69                      \n70         1/1          assign fetch = pipeline[0];\n71         1/1          assign inc = pipeline[1];\n72         1/1          assign exec = pipeline[2];\n73                      \n74         1/1          assign operation = 16\'b0 | ({15\'b0, exec} &lt;&lt; i_reg);\n75         1/1          assign o_reg = {o_reg_high, o_reg_low};\n76                      \n77         1/1          assign pfix = operation[PFIX];\n78         1/1          assign load_i_reg = fetch;\n79         1/1          assign au_sub = operation[SUB];\n80         1/1          assign comp_select = operation[BRN];\n81         1/1          assign mem_write = operation[STAM] | operation[STAI];\n82         1/1          assign r_mux_sel = |operation[5:3] | |operation[14:9] | inc;\n83         1/1          assign a_reg_en = operation[LDAM] | operation[LDAI] | operation[LDAC] | operation[LDAP] | operation[ADD] | operation[SUB];\n84         1/1          assign b_reg_en = operation[LDBM] | operation[LDBI] | operation[LDBC];\n85         1/1          assign pc_en = operation[BR] | operation[BRB] | inc | (operation[BRZ] &amp; condition) | (operation[BRN] &amp; condition);\n86                      \n87         1/1          assign a_mux_sel[0] = operation[LDAP] | operation[BR] | operation[BRZ] | operation[BRN] | operation[BRB] | fetch | inc;\n88         1/1          assign a_mux_sel[1] = |operation[4:0] | operation[LDBI] | operation[STAI] | operation[BRB];\n89         1/1          assign b_mux_sel[0] = operation[LDAP] | operation[LDAI] | operation[BR] | operation[BRZ] | operation[BRN];\n90         1/1          assign b_mux_sel[1] = fetch | inc | |operation[4:0];\n91                      \n92         1/1          assign comp_zero = ~(|a_result);\n93         1/1          assign comp_neg = a_result[7];\n94                      \n95         1/1          assign condition = (comp_select) ? comp_neg : comp_zero;\n96                      \n97                      always @ (*) begin\n98         1/1              case (a_mux_sel)\n99         <font color = "red">0/1     ==>          2\'b00: a_result = a_reg;</font>\n100        1/1                  2\'b01: a_result = pc;\n101        <font color = "red">0/1     ==>          2\'b10: a_result = o_reg;</font>\n102        <font color = "red">0/1     ==>          2\'b11: a_result = 8\'b0;</font>\n                        MISSING_DEFAULT\n103                         endcase\n104                     \n105        1/1              case (b_mux_sel)\n106        <font color = "red">0/1     ==>          2\'b00: b_result = b_reg;</font>\n107        <font color = "red">0/1     ==>          2\'b01: b_result = o_reg;</font>\n108        1/1                  2\'b10: b_result = 8\'b0;\n109        <font color = "red">0/1     ==>          2\'b11: b_result = 8\'b0;</font>\n                        MISSING_DEFAULT\n110                         endcase \n111                     end\n112                     \n113        1/1          assign au_result = (au_sub) ?\n114                                        a_result - b_result :\n115                                        a_result + b_result + {7\'b0, inc};\n116                     \n117        1/1          assign result = (r_mux_sel) ? au_result : memory[au_result];\n118                     \n119                     always @ (posedge clk) begin\n120        1/1              case (phi)\n121        1/1                  2\'b01: phi &lt;= 2\'b10;\n122        1/1                  2\'b10: phi &lt;= 2\'b01;\n123        1/1                  default: phi &lt;= phi;\n124                         endcase\n125        1/1              if (phi == 2\'b10) begin\n126        1/1                  case (pipeline)\n127        1/1                      3\'b001: pipeline &lt;= 3\'b010;\n128        1/1                      3\'b010: pipeline &lt;= 3\'b100;\n129        1/1                      3\'b100: pipeline &lt;= 3\'b001;\n130        <font color = "red">0/1     ==>              default: pipeline &lt;= pipeline;</font>\n131                             endcase\n132                         end\n                        MISSING_ELSE\n133        <font color = "red">1/2     ==>      if (phi[1] &amp;&amp; a_reg_en) a_reg &lt;= r_reg;</font>\n                        MISSING_ELSE\n134        <font color = "red">1/2     ==>      if (phi[1] &amp;&amp; b_reg_en) b_reg &lt;= r_reg;</font>\n                        MISSING_ELSE\n135        2/2              if (phi[1] &amp;&amp; pc_en) pc &lt;= r_reg;\n                        MISSING_ELSE\n136        2/2              if (phi[1] &amp;&amp; load_i_reg) o_reg_low &lt;= r_reg[3:0];\n                        MISSING_ELSE\n137        2/2              if (phi[1] &amp;&amp; load_i_reg) i_reg &lt;= r_reg[7:4];\n                        MISSING_ELSE\n138        2/2              if (phi[1] &amp;&amp; exec) o_reg_high &lt;= pfix ? o_reg[3:0] : 4\'b0;\n                        MISSING_ELSE\n139        2/2              if (phi[0]) r_reg &lt;= result;\n                        MISSING_ELSE\n140        <font color = "red">1/2     ==>      if (mem_write) memory[au_result] &lt;= a_result;</font>\n                        MISSING_ELSE\n141                     \n142        1/1              if (reset) begin\n143        1/1                  phi &lt;= 2\'b01;\n144        1/1                  pipeline &lt;= 3\'b001;\n145        1/1                  a_reg &lt;= 8\'b0;\n146        1/1                  b_reg &lt;= 8\'b0;\n147        1/1                  o_reg_low &lt;= 4\'b0;\n148        1/1                  o_reg_high &lt;= 4\'b0;\n149        1/1                  i_reg &lt;= 4\'b0;\n150        1/1                  pc &lt;= 8\'b0;\n151        1/1                  r_reg &lt;= 8\'b0;\n152                         end\n                        MISSING_ELSE\n153                     end\n154                     \n155        1/1          initial $readmemh(&quot;fact3.hex&quot;, memory);\n']}%
2025-03-09 11:48:37,035 - verilog_tb_gen - INFO - Failed to generate testbench for 1386
2025-03-09 11:48:37,046 - verilog_tb_gen - INFO - ==================== Time Cost: 121.84949350357056 ====================
2025-03-09 11:48:37,047 - verilog_tb_gen - INFO - ==================== Generate data: 1387 ====================
2025-03-09 11:48:42,142 - verilog_tb_gen - INFO - Finished llm_function_points in 4.99 seconds
2025-03-09 11:48:46,904 - verilog_tb_gen - INFO - Finished llm_testcases in 4.76 seconds
2025-03-09 11:48:57,660 - verilog_tb_gen - INFO - Finished llm_testbench in 10.75 seconds
2025-03-09 11:49:00,609 - verilog_tb_gen - INFO - Finished vcs_compile in 2.95 seconds
2025-03-09 11:49:02,868 - verilog_tb_gen - INFO - Line coverage at iteration 0 is 10.32%
2025-03-09 11:49:02,869 - verilog_tb_gen - INFO - Finished vcs_coverage in 2.26 seconds
2025-03-09 11:49:14,637 - verilog_tb_gen - INFO - Finished llm_coverage in 11.77 seconds
2025-03-09 11:49:18,284 - verilog_tb_gen - INFO - Line coverage at iteration 1 is 18.15%
2025-03-09 11:49:18,284 - verilog_tb_gen - INFO - Finished vcs_coverage in 3.65 seconds
2025-03-09 11:49:45,220 - verilog_tb_gen - INFO - Finished llm_coverage in 26.93 seconds
2025-03-09 11:49:48,975 - verilog_tb_gen - INFO - Line coverage at iteration 2 is 23.13%
2025-03-09 11:49:48,976 - verilog_tb_gen - INFO - Finished vcs_coverage in 3.75 seconds
2025-03-09 11:50:14,308 - verilog_tb_gen - INFO - Finished llm_coverage in 25.33 seconds
2025-03-09 11:50:17,948 - verilog_tb_gen - INFO - Line coverage at iteration 3 is 23.13%
2025-03-09 11:50:17,949 - verilog_tb_gen - INFO - Finished vcs_coverage in 3.64 seconds
2025-03-09 11:50:17,949 - verilog_tb_gen - INFO - Reached maximum iterations (3). Stopping retry loop.
2025-03-09 11:50:18,464 - verilog_tb_gen - INFO - Finished vcs_simulate in 0.51 seconds
2025-03-09 11:50:58,352 - verilog_tb_gen - INFO - Finished llm_testbench_align in 39.89 seconds
2025-03-09 11:51:01,468 - verilog_tb_gen - INFO - Finished vcs_simulate_align in 3.11 seconds
2025-03-09 11:51:01,470 - verilog_tb_gen - INFO - Successfully generated testbench for 1387
2025-03-09 11:51:01,482 - verilog_tb_gen - INFO - ==================== Time Cost: 144.43538403511047 ====================
2025-03-09 11:51:01,482 - verilog_tb_gen - INFO - ==================== Generate data: 1388 ====================
2025-03-09 11:51:05,914 - verilog_tb_gen - INFO - Finished llm_function_points in 4.34 seconds
2025-03-09 11:51:10,383 - verilog_tb_gen - INFO - Finished llm_testcases in 4.47 seconds
2025-03-09 11:51:29,249 - verilog_tb_gen - INFO - Finished llm_testbench in 18.86 seconds
2025-03-09 11:51:32,039 - verilog_tb_gen - INFO - Finished vcs_compile in 2.79 seconds
2025-03-09 11:51:34,387 - verilog_tb_gen - INFO - Line coverage at iteration 0 is 91.43%
2025-03-09 11:51:34,387 - verilog_tb_gen - INFO - Finished vcs_coverage in 2.35 seconds
2025-03-09 11:51:34,889 - verilog_tb_gen - INFO - Finished vcs_simulate in 0.50 seconds
2025-03-09 11:51:55,867 - verilog_tb_gen - INFO - Finished llm_testbench_align in 20.98 seconds
2025-03-09 11:51:58,859 - verilog_tb_gen - INFO - Finished vcs_simulate_align in 2.99 seconds
2025-03-09 11:51:58,861 - verilog_tb_gen - INFO - Successfully generated testbench for 1388
2025-03-09 11:51:58,872 - verilog_tb_gen - INFO - ==================== Time Cost: 57.39040923118591 ====================
2025-03-09 11:51:58,873 - verilog_tb_gen - INFO - ==================== Generate data: 1389 ====================
2025-03-09 11:52:03,789 - verilog_tb_gen - INFO - Finished llm_function_points in 4.82 seconds
2025-03-09 11:52:09,361 - verilog_tb_gen - INFO - Finished llm_testcases in 5.57 seconds
2025-03-09 11:52:22,089 - verilog_tb_gen - INFO - Finished llm_testbench in 12.73 seconds
2025-03-09 11:52:25,202 - verilog_tb_gen - INFO - Finished vcs_compile in 3.11 seconds
2025-03-09 11:52:27,450 - verilog_tb_gen - INFO - Line coverage at iteration 0 is 100.0%
2025-03-09 11:52:27,450 - verilog_tb_gen - INFO - Finished vcs_coverage in 2.25 seconds
2025-03-09 11:52:27,958 - verilog_tb_gen - INFO - Finished vcs_simulate in 0.51 seconds
2025-03-09 11:52:40,816 - verilog_tb_gen - INFO - Finished llm_testbench_align in 12.86 seconds
2025-03-09 11:52:43,874 - verilog_tb_gen - INFO - Finished vcs_simulate_align in 3.06 seconds
2025-03-09 11:52:43,876 - verilog_tb_gen - INFO - Successfully generated testbench for 1389
2025-03-09 11:52:43,888 - verilog_tb_gen - INFO - ==================== Time Cost: 45.01495099067688 ====================
2025-03-09 11:52:43,888 - verilog_tb_gen - INFO - ==================== Generate data: 1390 ====================
2025-03-09 11:52:49,676 - verilog_tb_gen - INFO - Finished llm_function_points in 5.68 seconds
2025-03-09 11:52:54,448 - verilog_tb_gen - INFO - Finished llm_testcases in 4.77 seconds
2025-03-09 11:53:09,926 - verilog_tb_gen - INFO - Finished llm_testbench in 15.48 seconds
2025-03-09 11:53:12,955 - verilog_tb_gen - INFO - Finished vcs_compile in 3.03 seconds
2025-03-09 11:53:15,234 - verilog_tb_gen - INFO - Line coverage at iteration 0 is 100.0%
2025-03-09 11:53:15,234 - verilog_tb_gen - INFO - Finished vcs_coverage in 2.28 seconds
2025-03-09 11:53:15,735 - verilog_tb_gen - INFO - Finished vcs_simulate in 0.50 seconds
2025-03-09 11:53:32,256 - verilog_tb_gen - INFO - Finished llm_testbench_align in 16.52 seconds
2025-03-09 11:53:35,304 - verilog_tb_gen - INFO - Finished vcs_simulate_align in 3.05 seconds
2025-03-09 11:53:35,306 - verilog_tb_gen - INFO - Successfully generated testbench for 1390
2025-03-09 11:53:35,318 - verilog_tb_gen - INFO - ==================== Time Cost: 51.43080472946167 ====================
2025-03-09 11:53:35,319 - verilog_tb_gen - INFO - ==================== Generate data: 1391 ====================
2025-03-09 11:53:41,482 - verilog_tb_gen - INFO - Finished llm_function_points in 6.07 seconds
2025-03-09 11:53:47,021 - verilog_tb_gen - INFO - Finished llm_testcases in 5.54 seconds
2025-03-09 11:54:02,577 - verilog_tb_gen - INFO - Finished llm_testbench in 15.55 seconds
2025-03-09 11:54:05,573 - verilog_tb_gen - INFO - Finished vcs_compile in 3.00 seconds
2025-03-09 11:54:07,852 - verilog_tb_gen - INFO - Line coverage at iteration 0 is 100.0%
2025-03-09 11:54:07,852 - verilog_tb_gen - INFO - Finished vcs_coverage in 2.28 seconds
2025-03-09 11:54:08,352 - verilog_tb_gen - INFO - Finished vcs_simulate in 0.50 seconds
2025-03-09 11:54:22,700 - verilog_tb_gen - INFO - Finished llm_testbench_align in 14.35 seconds
2025-03-09 11:54:25,719 - verilog_tb_gen - INFO - Finished vcs_simulate_align in 3.02 seconds
2025-03-09 11:54:25,721 - verilog_tb_gen - INFO - Successfully generated testbench for 1391
2025-03-09 11:54:25,732 - verilog_tb_gen - INFO - ==================== Time Cost: 50.41315484046936 ====================
2025-03-09 11:54:25,732 - verilog_tb_gen - INFO - ==================== Generate data: 1392 ====================
2025-03-09 11:54:31,835 - verilog_tb_gen - INFO - Finished llm_function_points in 6.01 seconds
2025-03-09 11:54:36,840 - verilog_tb_gen - INFO - Finished llm_testcases in 5.00 seconds
2025-03-09 11:54:48,499 - verilog_tb_gen - INFO - Finished llm_testbench in 11.66 seconds
2025-03-09 11:54:51,443 - verilog_tb_gen - INFO - Finished vcs_compile in 2.94 seconds
2025-03-09 11:54:53,739 - verilog_tb_gen - INFO - Line coverage at iteration 0 is 88.24%
2025-03-09 11:54:53,739 - verilog_tb_gen - INFO - Finished vcs_coverage in 2.29 seconds
2025-03-09 11:55:11,336 - verilog_tb_gen - INFO - Finished llm_coverage in 17.60 seconds
2025-03-09 11:55:15,028 - verilog_tb_gen - INFO - Line coverage at iteration 1 is 91.18%
2025-03-09 11:55:15,028 - verilog_tb_gen - INFO - Finished vcs_coverage in 3.69 seconds
2025-03-09 11:55:15,534 - verilog_tb_gen - INFO - Finished vcs_simulate in 0.50 seconds
2025-03-09 11:55:34,452 - verilog_tb_gen - INFO - Finished llm_testbench_align in 18.92 seconds
2025-03-09 11:55:37,493 - verilog_tb_gen - INFO - Finished vcs_simulate_align in 3.04 seconds
2025-03-09 11:55:37,495 - verilog_tb_gen - INFO - Successfully generated testbench for 1392
2025-03-09 11:55:37,507 - verilog_tb_gen - INFO - ==================== Time Cost: 71.77472710609436 ====================
2025-03-09 11:55:37,507 - verilog_tb_gen - INFO - ==================== Generate data: 1393 ====================
2025-03-09 11:55:42,807 - verilog_tb_gen - INFO - Finished llm_function_points in 5.20 seconds
2025-03-09 11:55:47,580 - verilog_tb_gen - INFO - Finished llm_testcases in 4.77 seconds
2025-03-09 11:56:00,346 - verilog_tb_gen - INFO - Finished llm_testbench in 12.76 seconds
2025-03-09 11:56:03,455 - verilog_tb_gen - INFO - Finished vcs_compile in 3.11 seconds
2025-03-09 11:56:05,692 - verilog_tb_gen - INFO - Line coverage at iteration 0 is 82.5%
2025-03-09 11:56:05,692 - verilog_tb_gen - INFO - Finished vcs_coverage in 2.24 seconds
2025-03-09 11:56:18,472 - verilog_tb_gen - INFO - Finished llm_coverage in 12.78 seconds
2025-03-09 11:56:22,125 - verilog_tb_gen - INFO - Line coverage at iteration 1 is 90.0%
2025-03-09 11:56:22,126 - verilog_tb_gen - INFO - Finished vcs_coverage in 3.65 seconds
2025-03-09 11:56:22,630 - verilog_tb_gen - INFO - Finished vcs_simulate in 0.50 seconds
2025-03-09 11:56:39,574 - verilog_tb_gen - INFO - Finished llm_testbench_align in 16.94 seconds
2025-03-09 11:56:42,680 - verilog_tb_gen - INFO - Finished vcs_simulate_align in 3.10 seconds
2025-03-09 11:56:42,682 - verilog_tb_gen - INFO - Successfully generated testbench for 1393
2025-03-09 11:56:42,693 - verilog_tb_gen - INFO - ==================== Time Cost: 65.18669724464417 ====================
2025-03-09 11:56:42,693 - verilog_tb_gen - INFO - ==================== Generate data: 1394 ====================
2025-03-09 11:56:47,884 - verilog_tb_gen - INFO - Finished llm_function_points in 5.10 seconds
2025-03-09 11:56:53,159 - verilog_tb_gen - INFO - Finished llm_testcases in 5.27 seconds
2025-03-09 11:57:05,293 - verilog_tb_gen - INFO - Finished llm_testbench in 12.13 seconds
2025-03-09 11:57:08,342 - verilog_tb_gen - INFO - Finished vcs_compile in 3.05 seconds
2025-03-09 11:57:10,627 - verilog_tb_gen - INFO - Line coverage at iteration 0 is 100.0%
2025-03-09 11:57:10,627 - verilog_tb_gen - INFO - Finished vcs_coverage in 2.28 seconds
2025-03-09 11:57:11,147 - verilog_tb_gen - INFO - Finished vcs_simulate in 0.52 seconds
2025-03-09 11:57:24,827 - verilog_tb_gen - INFO - Finished llm_testbench_align in 13.68 seconds
2025-03-09 11:57:28,016 - verilog_tb_gen - INFO - Finished vcs_simulate_align in 3.19 seconds
2025-03-09 11:57:28,018 - verilog_tb_gen - INFO - Successfully generated testbench for 1394
2025-03-09 11:57:28,030 - verilog_tb_gen - INFO - ==================== Time Cost: 45.336730003356934 ====================
2025-03-09 11:57:28,030 - verilog_tb_gen - INFO - ==================== Generate data: 1395 ====================
2025-03-09 11:57:33,389 - verilog_tb_gen - INFO - Finished llm_function_points in 5.26 seconds
2025-03-09 11:57:39,124 - verilog_tb_gen - INFO - Finished llm_testcases in 5.73 seconds
2025-03-09 11:57:49,383 - verilog_tb_gen - INFO - Finished llm_testbench in 10.26 seconds
2025-03-09 11:57:52,386 - verilog_tb_gen - INFO - Finished vcs_compile in 3.00 seconds
2025-03-09 11:57:54,656 - verilog_tb_gen - INFO - Line coverage at iteration 0 is 100.0%
2025-03-09 11:57:54,656 - verilog_tb_gen - INFO - Finished vcs_coverage in 2.27 seconds
2025-03-09 11:57:55,171 - verilog_tb_gen - INFO - Finished vcs_simulate in 0.51 seconds
2025-03-09 11:58:04,845 - verilog_tb_gen - INFO - Finished llm_testbench_align in 9.67 seconds
2025-03-09 11:58:07,870 - verilog_tb_gen - INFO - Finished vcs_simulate_align in 3.02 seconds
2025-03-09 11:58:07,872 - verilog_tb_gen - INFO - Successfully generated testbench for 1395
2025-03-09 11:58:07,883 - verilog_tb_gen - INFO - ==================== Time Cost: 39.85294032096863 ====================
2025-03-09 11:58:07,884 - verilog_tb_gen - INFO - ==================== Generate data: 1396 ====================
2025-03-09 11:58:13,132 - verilog_tb_gen - INFO - Finished llm_function_points in 5.15 seconds
2025-03-09 11:58:17,737 - verilog_tb_gen - INFO - Finished llm_testcases in 4.60 seconds
2025-03-09 11:58:36,683 - verilog_tb_gen - INFO - Finished llm_testbench in 18.95 seconds
2025-03-09 11:58:39,674 - verilog_tb_gen - INFO - Finished vcs_compile in 2.99 seconds
2025-03-09 11:58:41,931 - verilog_tb_gen - INFO - Line coverage at iteration 0 is 100.0%
2025-03-09 11:58:41,931 - verilog_tb_gen - INFO - Finished vcs_coverage in 2.26 seconds
2025-03-09 11:58:42,434 - verilog_tb_gen - INFO - Finished vcs_simulate in 0.50 seconds
2025-03-09 11:58:52,677 - verilog_tb_gen - INFO - Finished llm_testbench_align in 10.24 seconds
2025-03-09 11:58:55,681 - verilog_tb_gen - INFO - Finished vcs_simulate_align in 3.00 seconds
2025-03-09 11:58:55,683 - verilog_tb_gen - INFO - Successfully generated testbench for 1396
2025-03-09 11:58:55,696 - verilog_tb_gen - INFO - ==================== Time Cost: 47.81288433074951 ====================
2025-03-09 11:58:55,697 - verilog_tb_gen - INFO - ==================== Generate data: 1397 ====================
2025-03-09 11:59:00,960 - verilog_tb_gen - INFO - Finished llm_function_points in 5.17 seconds
2025-03-09 11:59:05,690 - verilog_tb_gen - INFO - Finished llm_testcases in 4.73 seconds
2025-03-09 11:59:19,813 - verilog_tb_gen - INFO - Finished llm_testbench in 14.12 seconds
2025-03-09 11:59:21,110 - verilog_tb_gen - INFO - Finished vcs_compile in 1.30 seconds
2025-03-09 11:59:38,569 - verilog_tb_gen - INFO - Finished llm_testbench in 17.46 seconds
2025-03-09 11:59:41,525 - verilog_tb_gen - INFO - Finished vcs_compile in 2.95 seconds
2025-03-09 11:59:43,792 - verilog_tb_gen - INFO - Line coverage at iteration 0 is 100.0%
2025-03-09 11:59:43,792 - verilog_tb_gen - INFO - Finished vcs_coverage in 2.27 seconds
2025-03-09 11:59:44,300 - verilog_tb_gen - INFO - Finished vcs_simulate in 0.51 seconds
2025-03-09 12:00:01,864 - verilog_tb_gen - INFO - Finished llm_testbench_align in 17.56 seconds
2025-03-09 12:00:04,910 - verilog_tb_gen - INFO - Finished vcs_simulate_align in 3.04 seconds
2025-03-09 12:00:04,912 - verilog_tb_gen - INFO - Successfully generated testbench for 1397
2025-03-09 12:00:04,923 - verilog_tb_gen - INFO - ==================== Time Cost: 69.22643756866455 ====================
2025-03-09 12:00:04,923 - verilog_tb_gen - INFO - ==================== Generate data: 1398 ====================
2025-03-09 12:00:11,202 - verilog_tb_gen - INFO - Finished llm_function_points in 6.18 seconds
2025-03-09 12:00:16,381 - verilog_tb_gen - INFO - Finished llm_testcases in 5.18 seconds
2025-03-09 12:00:26,266 - verilog_tb_gen - INFO - Finished llm_testbench in 9.88 seconds
2025-03-09 12:00:29,288 - verilog_tb_gen - INFO - Finished vcs_compile in 3.02 seconds
2025-03-09 12:00:31,589 - verilog_tb_gen - INFO - Line coverage at iteration 0 is 61.54%
2025-03-09 12:00:31,589 - verilog_tb_gen - INFO - Finished vcs_coverage in 2.30 seconds
2025-03-09 12:00:43,644 - verilog_tb_gen - INFO - Finished llm_coverage in 12.05 seconds
2025-03-09 12:00:47,233 - verilog_tb_gen - INFO - Line coverage at iteration 1 is 71.79%
2025-03-09 12:00:47,233 - verilog_tb_gen - INFO - Finished vcs_coverage in 3.59 seconds
2025-03-09 12:00:58,083 - verilog_tb_gen - INFO - Finished llm_coverage in 10.85 seconds
2025-03-09 12:01:01,695 - verilog_tb_gen - INFO - Line coverage at iteration 2 is 71.79%
2025-03-09 12:01:01,695 - verilog_tb_gen - INFO - Finished vcs_coverage in 3.61 seconds
2025-03-09 12:01:14,889 - verilog_tb_gen - INFO - Finished llm_coverage in 13.19 seconds
2025-03-09 12:01:18,472 - verilog_tb_gen - INFO - Line coverage at iteration 3 is 71.79%
2025-03-09 12:01:18,472 - verilog_tb_gen - INFO - Finished vcs_coverage in 3.58 seconds
2025-03-09 12:01:18,472 - verilog_tb_gen - INFO - Reached maximum iterations (3). Stopping retry loop.
2025-03-09 12:01:18,977 - verilog_tb_gen - INFO - Finished vcs_simulate in 0.50 seconds
2025-03-09 12:01:39,691 - verilog_tb_gen - INFO - Finished llm_testbench_align in 20.71 seconds
2025-03-09 12:01:42,697 - verilog_tb_gen - INFO - Finished vcs_simulate_align in 3.00 seconds
2025-03-09 12:01:42,699 - verilog_tb_gen - INFO - Successfully generated testbench for 1398
2025-03-09 12:01:42,711 - verilog_tb_gen - INFO - ==================== Time Cost: 97.78803443908691 ====================
2025-03-09 12:01:42,711 - verilog_tb_gen - INFO - ==================== Generate data: 1399 ====================
2025-03-09 12:01:48,787 - verilog_tb_gen - INFO - Finished llm_function_points in 5.98 seconds
2025-03-09 12:01:53,509 - verilog_tb_gen - INFO - Finished llm_testcases in 4.72 seconds
2025-03-09 12:02:06,316 - verilog_tb_gen - INFO - Finished llm_testbench in 12.81 seconds
2025-03-09 12:02:09,318 - verilog_tb_gen - INFO - Finished vcs_compile in 3.00 seconds
2025-03-09 12:02:11,619 - verilog_tb_gen - INFO - Line coverage at iteration 0 is 100.0%
2025-03-09 12:02:11,620 - verilog_tb_gen - INFO - Finished vcs_coverage in 2.30 seconds
2025-03-09 12:02:12,122 - verilog_tb_gen - INFO - Finished vcs_simulate in 0.50 seconds
2025-03-09 12:02:23,104 - verilog_tb_gen - INFO - Finished llm_testbench_align in 10.98 seconds
2025-03-09 12:02:26,176 - verilog_tb_gen - INFO - Finished vcs_simulate_align in 3.07 seconds
2025-03-09 12:02:26,177 - verilog_tb_gen - INFO - Successfully generated testbench for 1399
2025-03-09 12:02:26,189 - verilog_tb_gen - INFO - ==================== Time Cost: 43.477455139160156 ====================
2025-03-09 12:51:25,064 - verilog_tb_gen - INFO - Save graph to ./outputs/lang/graph.mmd You can paste this code to https://mermaid.live to generate the chart.
2025-03-09 12:51:25,719 - verilog_tb_gen - INFO - ==================== Generate data: 2002 ====================
2025-03-09 12:51:30,637 - verilog_tb_gen - INFO - Finished llm_function_points in 4.82 seconds
2025-03-09 12:51:34,907 - verilog_tb_gen - INFO - Finished llm_testcases in 4.27 seconds
2025-03-09 12:51:47,250 - verilog_tb_gen - INFO - Finished llm_testbench in 12.34 seconds
2025-03-09 12:51:50,254 - verilog_tb_gen - INFO - Finished vcs_compile in 3.00 seconds
2025-03-09 12:51:52,525 - verilog_tb_gen - INFO - Line coverage at iteration 0 is 60.0%
2025-03-09 12:51:52,525 - verilog_tb_gen - INFO - Finished vcs_coverage in 2.27 seconds
2025-03-09 12:52:11,351 - verilog_tb_gen - INFO - Finished llm_coverage in 18.82 seconds
2025-03-09 12:52:15,012 - verilog_tb_gen - INFO - Line coverage at iteration 1 is 76.67%
2025-03-09 12:52:15,013 - verilog_tb_gen - INFO - Finished vcs_coverage in 3.66 seconds
2025-03-09 12:52:32,264 - verilog_tb_gen - INFO - Finished llm_coverage in 17.25 seconds
2025-03-09 12:52:35,924 - verilog_tb_gen - INFO - Line coverage at iteration 2 is 80.0%
2025-03-09 12:52:35,924 - verilog_tb_gen - INFO - Finished vcs_coverage in 3.66 seconds
2025-03-09 12:52:56,422 - verilog_tb_gen - INFO - Finished llm_coverage in 20.50 seconds
2025-03-09 12:52:59,980 - verilog_tb_gen - INFO - Line coverage at iteration 3 is 80.0%
2025-03-09 12:52:59,980 - verilog_tb_gen - INFO - Finished vcs_coverage in 3.56 seconds
2025-03-09 12:52:59,980 - verilog_tb_gen - INFO - Reached maximum iterations (3). Stopping retry loop.
2025-03-09 12:53:00,488 - verilog_tb_gen - INFO - Finished vcs_simulate in 0.51 seconds
2025-03-09 12:53:22,096 - verilog_tb_gen - INFO - Finished llm_testbench_align in 21.61 seconds
2025-03-09 12:53:25,151 - verilog_tb_gen - INFO - Finished vcs_simulate_align in 3.05 seconds
2025-03-09 12:53:25,153 - verilog_tb_gen - INFO - Successfully generated testbench for 2002
2025-03-09 12:53:25,165 - verilog_tb_gen - INFO - ==================== Time Cost: 119.4461305141449 ====================
2025-03-09 13:25:27,135 - verilog_tb_gen - INFO - Save graph to ./outputs/lang/graph.mmd You can paste this code to https://mermaid.live to generate the chart.
2025-03-09 13:25:27,793 - verilog_tb_gen - INFO - ==================== Generate data: 5152 ====================
2025-03-09 13:25:32,245 - verilog_tb_gen - INFO - Finished llm_function_points in 4.35 seconds
2025-03-09 13:25:38,173 - verilog_tb_gen - INFO - Finished llm_testcases in 5.93 seconds
2025-03-09 13:25:50,053 - verilog_tb_gen - INFO - Finished llm_testbench in 11.88 seconds
2025-03-09 13:25:53,120 - verilog_tb_gen - INFO - Finished vcs_compile in 3.07 seconds
2025-03-09 13:25:55,407 - verilog_tb_gen - INFO - Line coverage at iteration 0 is 100.0%
2025-03-09 13:25:55,408 - verilog_tb_gen - INFO - Finished vcs_coverage in 2.29 seconds
2025-03-09 13:25:55,926 - verilog_tb_gen - INFO - Finished vcs_simulate in 0.52 seconds
2025-03-09 13:26:09,782 - verilog_tb_gen - INFO - Finished llm_testbench_align in 13.86 seconds
2025-03-09 13:26:12,790 - verilog_tb_gen - INFO - Finished vcs_simulate_align in 3.01 seconds
2025-03-09 13:26:12,791 - verilog_tb_gen - INFO - Successfully generated testbench for 5152
2025-03-09 13:26:12,804 - verilog_tb_gen - INFO - ==================== Time Cost: 45.010794162750244 ====================
2025-03-09 13:26:12,804 - verilog_tb_gen - INFO - ==================== Generate data: 5153 ====================
2025-03-09 13:26:17,112 - verilog_tb_gen - INFO - Finished llm_function_points in 4.21 seconds
2025-03-09 13:26:21,193 - verilog_tb_gen - INFO - Finished llm_testcases in 4.08 seconds
2025-03-09 13:26:36,955 - verilog_tb_gen - INFO - Finished llm_testbench in 15.76 seconds
2025-03-09 13:26:39,976 - verilog_tb_gen - INFO - Finished vcs_compile in 3.02 seconds
2025-03-09 13:26:42,283 - verilog_tb_gen - INFO - Line coverage at iteration 0 is 74.19%
2025-03-09 13:26:42,285 - verilog_tb_gen - INFO - Finished vcs_coverage in 2.31 seconds
2025-03-09 13:27:00,301 - verilog_tb_gen - INFO - Finished llm_coverage in 18.01 seconds
2025-03-09 13:27:03,995 - verilog_tb_gen - INFO - Line coverage at iteration 1 is 74.19%
2025-03-09 13:27:03,995 - verilog_tb_gen - INFO - Finished vcs_coverage in 3.69 seconds
2025-03-09 13:27:23,377 - verilog_tb_gen - INFO - Finished llm_coverage in 19.38 seconds
2025-03-09 13:27:26,953 - verilog_tb_gen - INFO - Line coverage at iteration 2 is 74.19%
2025-03-09 13:27:26,953 - verilog_tb_gen - INFO - Finished vcs_coverage in 3.57 seconds
2025-03-09 13:27:48,187 - verilog_tb_gen - INFO - Finished llm_coverage in 21.23 seconds
2025-03-09 13:27:51,866 - verilog_tb_gen - INFO - Line coverage at iteration 3 is 74.19%
2025-03-09 13:27:51,867 - verilog_tb_gen - INFO - Finished vcs_coverage in 3.68 seconds
2025-03-09 13:27:51,867 - verilog_tb_gen - INFO - Reached maximum iterations (3). Stopping retry loop.
2025-03-09 13:27:52,375 - verilog_tb_gen - INFO - Finished vcs_simulate in 0.51 seconds
2025-03-09 13:28:15,542 - verilog_tb_gen - INFO - Finished llm_testbench_align in 23.17 seconds
2025-03-09 13:28:18,582 - verilog_tb_gen - INFO - Finished vcs_simulate_align in 3.04 seconds
2025-03-09 13:28:18,584 - verilog_tb_gen - INFO - Successfully generated testbench for 5153
2025-03-09 13:28:18,597 - verilog_tb_gen - INFO - ==================== Time Cost: 125.79265522956848 ====================
2025-03-09 13:28:18,597 - verilog_tb_gen - INFO - ==================== Generate data: 5154 ====================
2025-03-09 13:28:25,438 - verilog_tb_gen - INFO - Finished llm_function_points in 6.75 seconds
2025-03-09 13:28:31,182 - verilog_tb_gen - INFO - Finished llm_testcases in 5.74 seconds
2025-03-09 13:28:42,304 - verilog_tb_gen - INFO - Finished llm_testbench in 11.12 seconds
2025-03-09 13:28:45,249 - verilog_tb_gen - INFO - Finished vcs_compile in 2.94 seconds
2025-03-09 13:28:47,505 - verilog_tb_gen - INFO - Line coverage at iteration 0 is 96.55%
2025-03-09 13:28:47,505 - verilog_tb_gen - INFO - Finished vcs_coverage in 2.26 seconds
2025-03-09 13:28:48,016 - verilog_tb_gen - INFO - Finished vcs_simulate in 0.51 seconds
2025-03-09 13:29:01,180 - verilog_tb_gen - INFO - Finished llm_testbench_align in 13.16 seconds
2025-03-09 13:29:04,298 - verilog_tb_gen - INFO - Finished vcs_simulate_align in 3.12 seconds
2025-03-09 13:29:04,300 - verilog_tb_gen - INFO - Successfully generated testbench for 5154
2025-03-09 13:29:04,311 - verilog_tb_gen - INFO - ==================== Time Cost: 45.714412450790405 ====================
2025-03-09 13:29:04,312 - verilog_tb_gen - INFO - ==================== Generate data: 5155 ====================
2025-03-09 13:29:09,973 - verilog_tb_gen - INFO - Finished llm_function_points in 5.56 seconds
2025-03-09 13:29:15,224 - verilog_tb_gen - INFO - Finished llm_testcases in 5.25 seconds
2025-03-09 13:29:38,761 - verilog_tb_gen - INFO - Finished llm_testbench in 23.54 seconds
2025-03-09 13:29:41,722 - verilog_tb_gen - INFO - Finished vcs_compile in 2.96 seconds
2025-03-09 13:29:44,056 - verilog_tb_gen - INFO - Line coverage at iteration 0 is 100.0%
2025-03-09 13:29:44,056 - verilog_tb_gen - INFO - Finished vcs_coverage in 2.33 seconds
2025-03-09 13:29:44,566 - verilog_tb_gen - INFO - Finished vcs_simulate in 0.51 seconds
2025-03-09 13:30:14,267 - verilog_tb_gen - INFO - Finished llm_testbench_align in 29.70 seconds
2025-03-09 13:30:17,286 - verilog_tb_gen - INFO - Finished vcs_simulate_align in 3.02 seconds
2025-03-09 13:30:17,288 - verilog_tb_gen - INFO - Successfully generated testbench for 5155
2025-03-09 13:30:17,301 - verilog_tb_gen - INFO - ==================== Time Cost: 72.98968195915222 ====================
2025-03-09 13:30:17,301 - verilog_tb_gen - INFO - ==================== Generate data: 5156 ====================
2025-03-09 13:30:22,353 - verilog_tb_gen - INFO - Finished llm_function_points in 4.95 seconds
2025-03-09 13:30:28,488 - verilog_tb_gen - INFO - Finished llm_testcases in 6.13 seconds
2025-03-09 13:30:39,067 - verilog_tb_gen - INFO - Finished llm_testbench in 10.58 seconds
2025-03-09 13:30:42,093 - verilog_tb_gen - INFO - Finished vcs_compile in 3.03 seconds
2025-03-09 13:30:44,405 - verilog_tb_gen - INFO - Line coverage at iteration 0 is 81.82%
2025-03-09 13:30:44,405 - verilog_tb_gen - INFO - Finished vcs_coverage in 2.31 seconds
2025-03-09 13:30:55,006 - verilog_tb_gen - INFO - Finished llm_coverage in 10.60 seconds
2025-03-09 13:30:58,630 - verilog_tb_gen - INFO - Line coverage at iteration 1 is 95.45%
2025-03-09 13:30:58,630 - verilog_tb_gen - INFO - Finished vcs_coverage in 3.62 seconds
2025-03-09 13:30:59,136 - verilog_tb_gen - INFO - Finished vcs_simulate in 0.50 seconds
2025-03-09 13:31:13,527 - verilog_tb_gen - INFO - Finished llm_testbench_align in 14.39 seconds
2025-03-09 13:31:16,605 - verilog_tb_gen - INFO - Finished vcs_simulate_align in 3.08 seconds
2025-03-09 13:31:16,607 - verilog_tb_gen - INFO - Successfully generated testbench for 5156
2025-03-09 13:31:16,618 - verilog_tb_gen - INFO - ==================== Time Cost: 59.31690168380737 ====================
2025-03-09 13:31:16,619 - verilog_tb_gen - INFO - ==================== Generate data: 5157 ====================
2025-03-09 13:31:21,459 - verilog_tb_gen - INFO - Finished llm_function_points in 4.75 seconds
2025-03-09 13:31:26,972 - verilog_tb_gen - INFO - Finished llm_testcases in 5.51 seconds
2025-03-09 13:31:40,252 - verilog_tb_gen - INFO - Finished llm_testbench in 13.28 seconds
2025-03-09 13:31:43,274 - verilog_tb_gen - INFO - Finished vcs_compile in 3.02 seconds
2025-03-09 13:31:45,599 - verilog_tb_gen - INFO - Line coverage at iteration 0 is 100.0%
2025-03-09 13:31:45,599 - verilog_tb_gen - INFO - Finished vcs_coverage in 2.32 seconds
2025-03-09 13:31:46,105 - verilog_tb_gen - INFO - Finished vcs_simulate in 0.51 seconds
2025-03-09 13:31:58,645 - verilog_tb_gen - INFO - Finished llm_testbench_align in 12.54 seconds
2025-03-09 13:32:01,724 - verilog_tb_gen - INFO - Finished vcs_simulate_align in 3.08 seconds
2025-03-09 13:32:01,726 - verilog_tb_gen - INFO - Successfully generated testbench for 5157
2025-03-09 13:32:01,738 - verilog_tb_gen - INFO - ==================== Time Cost: 45.119508028030396 ====================
2025-03-09 13:32:01,738 - verilog_tb_gen - INFO - ==================== Generate data: 5158 ====================
2025-03-09 13:32:06,501 - verilog_tb_gen - INFO - Finished llm_function_points in 4.67 seconds
2025-03-09 13:32:11,610 - verilog_tb_gen - INFO - Finished llm_testcases in 5.11 seconds
2025-03-09 13:32:25,047 - verilog_tb_gen - INFO - Finished llm_testbench in 13.44 seconds
2025-03-09 13:32:28,003 - verilog_tb_gen - INFO - Finished vcs_compile in 2.95 seconds
2025-03-09 13:32:30,357 - verilog_tb_gen - INFO - Line coverage at iteration 0 is 100.0%
2025-03-09 13:32:30,358 - verilog_tb_gen - INFO - Finished vcs_coverage in 2.35 seconds
2025-03-09 13:32:30,866 - verilog_tb_gen - INFO - Finished vcs_simulate in 0.51 seconds
2025-03-09 13:32:42,476 - verilog_tb_gen - INFO - Finished llm_testbench_align in 11.61 seconds
2025-03-09 13:32:45,480 - verilog_tb_gen - INFO - Finished vcs_simulate_align in 3.00 seconds
2025-03-09 13:32:45,482 - verilog_tb_gen - INFO - Successfully generated testbench for 5158
2025-03-09 13:32:45,494 - verilog_tb_gen - INFO - ==================== Time Cost: 43.75567388534546 ====================
2025-03-09 13:32:45,494 - verilog_tb_gen - INFO - ==================== Generate data: 5159 ====================
2025-03-09 13:32:51,610 - verilog_tb_gen - INFO - Finished llm_function_points in 6.02 seconds
2025-03-09 13:32:57,233 - verilog_tb_gen - INFO - Finished llm_testcases in 5.62 seconds
2025-03-09 13:33:06,947 - verilog_tb_gen - INFO - Finished llm_testbench in 9.71 seconds
2025-03-09 13:33:09,871 - verilog_tb_gen - INFO - Finished vcs_compile in 2.92 seconds
2025-03-09 13:33:12,147 - verilog_tb_gen - INFO - Line coverage at iteration 0 is 70.21%
2025-03-09 13:33:12,147 - verilog_tb_gen - INFO - Finished vcs_coverage in 2.27 seconds
2025-03-09 13:33:32,747 - verilog_tb_gen - INFO - Finished llm_coverage in 20.60 seconds
2025-03-09 13:33:36,357 - verilog_tb_gen - INFO - Line coverage at iteration 1 is 97.87%
2025-03-09 13:33:36,357 - verilog_tb_gen - INFO - Finished vcs_coverage in 3.61 seconds
2025-03-09 13:33:36,859 - verilog_tb_gen - INFO - Finished vcs_simulate in 0.50 seconds
2025-03-09 13:34:01,586 - verilog_tb_gen - INFO - Finished llm_testbench_align in 24.73 seconds
2025-03-09 13:34:04,653 - verilog_tb_gen - INFO - Finished vcs_simulate_align in 3.07 seconds
2025-03-09 13:34:04,654 - verilog_tb_gen - INFO - Successfully generated testbench for 5159
2025-03-09 13:34:04,666 - verilog_tb_gen - INFO - ==================== Time Cost: 79.17239665985107 ====================
2025-03-09 13:34:04,667 - verilog_tb_gen - INFO - ==================== Generate data: 5160 ====================
2025-03-09 13:34:09,249 - verilog_tb_gen - INFO - Finished llm_function_points in 4.49 seconds
2025-03-09 13:34:14,160 - verilog_tb_gen - INFO - Finished llm_testcases in 4.91 seconds
2025-03-09 13:34:23,367 - verilog_tb_gen - INFO - Finished llm_testbench in 9.21 seconds
2025-03-09 13:34:26,439 - verilog_tb_gen - INFO - Finished vcs_compile in 3.07 seconds
2025-03-09 13:34:28,717 - verilog_tb_gen - INFO - Line coverage at iteration 0 is 100.0%
2025-03-09 13:34:28,718 - verilog_tb_gen - INFO - Finished vcs_coverage in 2.28 seconds
2025-03-09 13:34:29,226 - verilog_tb_gen - INFO - Finished vcs_simulate in 0.51 seconds
2025-03-09 13:34:39,191 - verilog_tb_gen - INFO - Finished llm_testbench_align in 9.96 seconds
2025-03-09 13:34:42,205 - verilog_tb_gen - INFO - Finished vcs_simulate_align in 3.01 seconds
2025-03-09 13:34:42,206 - verilog_tb_gen - INFO - Successfully generated testbench for 5160
2025-03-09 13:34:42,219 - verilog_tb_gen - INFO - ==================== Time Cost: 37.552499771118164 ====================
2025-03-09 13:34:42,219 - verilog_tb_gen - INFO - ==================== Generate data: 5161 ====================
2025-03-09 13:34:47,129 - verilog_tb_gen - INFO - Finished llm_function_points in 4.81 seconds
2025-03-09 13:34:52,168 - verilog_tb_gen - INFO - Finished llm_testcases in 5.04 seconds
2025-03-09 13:35:09,704 - verilog_tb_gen - INFO - Finished llm_testbench in 17.53 seconds
2025-03-09 13:35:12,703 - verilog_tb_gen - INFO - Finished vcs_compile in 3.00 seconds
2025-03-09 13:35:14,975 - verilog_tb_gen - INFO - Line coverage at iteration 0 is 95.0%
2025-03-09 13:35:14,975 - verilog_tb_gen - INFO - Finished vcs_coverage in 2.27 seconds
2025-03-09 13:35:15,482 - verilog_tb_gen - INFO - Finished vcs_simulate in 0.51 seconds
2025-03-09 13:35:30,057 - verilog_tb_gen - INFO - Finished llm_testbench_align in 14.57 seconds
2025-03-09 13:35:33,096 - verilog_tb_gen - INFO - Finished vcs_simulate_align in 3.04 seconds
2025-03-09 13:35:33,097 - verilog_tb_gen - INFO - Successfully generated testbench for 5161
2025-03-09 13:35:33,110 - verilog_tb_gen - INFO - ==================== Time Cost: 50.89067339897156 ====================
2025-03-09 13:35:33,110 - verilog_tb_gen - INFO - ==================== Generate data: 5162 ====================
2025-03-09 13:35:39,016 - verilog_tb_gen - INFO - Finished llm_function_points in 5.80 seconds
2025-03-09 13:35:43,950 - verilog_tb_gen - INFO - Finished llm_testcases in 4.93 seconds
2025-03-09 13:35:54,014 - verilog_tb_gen - INFO - Finished llm_testbench in 10.06 seconds
2025-03-09 13:35:57,043 - verilog_tb_gen - INFO - Finished vcs_compile in 3.03 seconds
2025-03-09 13:35:59,380 - verilog_tb_gen - INFO - Line coverage at iteration 0 is 88.64%
2025-03-09 13:35:59,380 - verilog_tb_gen - INFO - Finished vcs_coverage in 2.34 seconds
2025-03-09 13:36:13,240 - verilog_tb_gen - INFO - Finished llm_coverage in 13.86 seconds
2025-03-09 13:36:16,852 - verilog_tb_gen - INFO - Line coverage at iteration 1 is 93.18%
2025-03-09 13:36:16,853 - verilog_tb_gen - INFO - Finished vcs_coverage in 3.61 seconds
2025-03-09 13:36:17,356 - verilog_tb_gen - INFO - Finished vcs_simulate in 0.50 seconds
2025-03-09 13:36:30,700 - verilog_tb_gen - INFO - Finished llm_testbench_align in 13.34 seconds
2025-03-09 13:36:33,720 - verilog_tb_gen - INFO - Finished vcs_simulate_align in 3.02 seconds
2025-03-09 13:36:33,722 - verilog_tb_gen - INFO - Successfully generated testbench for 5162
2025-03-09 13:36:33,735 - verilog_tb_gen - INFO - ==================== Time Cost: 60.62485909461975 ====================
2025-03-09 13:36:33,735 - verilog_tb_gen - INFO - ==================== Generate data: 5163 ====================
2025-03-09 13:36:39,654 - verilog_tb_gen - INFO - Finished llm_function_points in 5.82 seconds
2025-03-09 13:36:44,859 - verilog_tb_gen - INFO - Finished llm_testcases in 5.20 seconds
2025-03-09 13:37:02,781 - verilog_tb_gen - INFO - Finished llm_testbench in 17.92 seconds
2025-03-09 13:37:05,819 - verilog_tb_gen - INFO - Finished vcs_compile in 3.04 seconds
2025-03-09 13:37:08,099 - verilog_tb_gen - INFO - Line coverage at iteration 0 is 96.97%
2025-03-09 13:37:08,099 - verilog_tb_gen - INFO - Finished vcs_coverage in 2.28 seconds
2025-03-09 13:37:08,605 - verilog_tb_gen - INFO - Finished vcs_simulate in 0.50 seconds
2025-03-09 13:37:26,189 - verilog_tb_gen - INFO - Finished llm_testbench_align in 17.58 seconds
2025-03-09 13:37:29,310 - verilog_tb_gen - INFO - Finished vcs_simulate_align in 3.12 seconds
2025-03-09 13:37:29,312 - verilog_tb_gen - INFO - Successfully generated testbench for 5163
2025-03-09 13:37:29,324 - verilog_tb_gen - INFO - ==================== Time Cost: 55.58923888206482 ====================
2025-03-09 13:37:29,325 - verilog_tb_gen - INFO - ==================== Generate data: 5164 ====================
2025-03-09 13:37:34,721 - verilog_tb_gen - INFO - Finished llm_function_points in 5.30 seconds
2025-03-09 13:37:40,146 - verilog_tb_gen - INFO - Finished llm_testcases in 5.42 seconds
2025-03-09 13:37:51,582 - verilog_tb_gen - INFO - Finished llm_testbench in 11.43 seconds
2025-03-09 13:37:54,536 - verilog_tb_gen - INFO - Finished vcs_compile in 2.95 seconds
2025-03-09 13:37:56,892 - verilog_tb_gen - INFO - Line coverage at iteration 0 is 100.0%
2025-03-09 13:37:56,892 - verilog_tb_gen - INFO - Finished vcs_coverage in 2.35 seconds
2025-03-09 13:37:57,398 - verilog_tb_gen - INFO - Finished vcs_simulate in 0.51 seconds
2025-03-09 13:38:07,639 - verilog_tb_gen - INFO - Finished llm_testbench_align in 10.24 seconds
2025-03-09 13:38:10,675 - verilog_tb_gen - INFO - Finished vcs_simulate_align in 3.03 seconds
2025-03-09 13:38:25,271 - verilog_tb_gen - INFO - Finished llm_testbench_align in 14.59 seconds
2025-03-09 13:38:28,271 - verilog_tb_gen - INFO - Finished vcs_simulate_align in 3.00 seconds
2025-03-09 13:38:40,770 - verilog_tb_gen - INFO - Finished llm_testbench_align in 12.50 seconds
2025-03-09 13:38:43,809 - verilog_tb_gen - INFO - Finished vcs_simulate_align in 3.04 seconds
2025-03-09 13:38:43,811 - verilog_tb_gen - INFO - Successfully generated testbench for 5164
2025-03-09 13:38:43,824 - verilog_tb_gen - INFO - ==================== Time Cost: 74.49899935722351 ====================
2025-03-09 13:38:43,824 - verilog_tb_gen - INFO - ==================== Generate data: 5165 ====================
2025-03-09 13:38:49,460 - verilog_tb_gen - INFO - Finished llm_function_points in 5.54 seconds
2025-03-09 13:38:54,275 - verilog_tb_gen - INFO - Finished llm_testcases in 4.81 seconds
2025-03-09 13:39:04,304 - verilog_tb_gen - INFO - Finished llm_testbench in 10.03 seconds
2025-03-09 13:39:07,339 - verilog_tb_gen - INFO - Finished vcs_compile in 3.03 seconds
2025-03-09 13:39:09,597 - verilog_tb_gen - INFO - Line coverage at iteration 0 is 63.41%
2025-03-09 13:39:09,597 - verilog_tb_gen - INFO - Finished vcs_coverage in 2.26 seconds
2025-03-09 13:39:23,784 - verilog_tb_gen - INFO - Finished llm_coverage in 14.19 seconds
2025-03-09 13:39:27,411 - verilog_tb_gen - INFO - Line coverage at iteration 1 is 73.17%
2025-03-09 13:39:27,411 - verilog_tb_gen - INFO - Finished vcs_coverage in 3.63 seconds
2025-03-09 13:39:45,369 - verilog_tb_gen - INFO - Finished llm_coverage in 17.96 seconds
2025-03-09 13:39:48,953 - verilog_tb_gen - INFO - Line coverage at iteration 2 is 73.17%
2025-03-09 13:39:48,953 - verilog_tb_gen - INFO - Finished vcs_coverage in 3.58 seconds
2025-03-09 13:40:03,173 - verilog_tb_gen - INFO - Finished llm_coverage in 14.22 seconds
2025-03-09 13:40:06,825 - verilog_tb_gen - INFO - Line coverage at iteration 3 is 73.17%
2025-03-09 13:40:06,825 - verilog_tb_gen - INFO - Finished vcs_coverage in 3.65 seconds
2025-03-09 13:40:06,826 - verilog_tb_gen - INFO - Reached maximum iterations (3). Stopping retry loop.
2025-03-09 13:40:07,334 - verilog_tb_gen - INFO - Finished vcs_simulate in 0.51 seconds
2025-03-09 13:40:20,365 - verilog_tb_gen - INFO - Finished llm_testbench_align in 13.03 seconds
2025-03-09 13:40:23,527 - verilog_tb_gen - INFO - Finished vcs_simulate_align in 3.16 seconds
2025-03-09 13:40:23,530 - verilog_tb_gen - INFO - Successfully generated testbench for 5165
2025-03-09 13:40:23,542 - verilog_tb_gen - INFO - ==================== Time Cost: 99.71782112121582 ====================
2025-03-09 13:40:23,542 - verilog_tb_gen - INFO - ==================== Generate data: 5166 ====================
2025-03-09 13:40:28,660 - verilog_tb_gen - INFO - Finished llm_function_points in 5.02 seconds
2025-03-09 13:40:32,932 - verilog_tb_gen - INFO - Finished llm_testcases in 4.27 seconds
2025-03-09 13:40:47,556 - verilog_tb_gen - INFO - Finished llm_testbench in 14.62 seconds
2025-03-09 13:40:50,656 - verilog_tb_gen - INFO - Finished vcs_compile in 3.10 seconds
2025-03-09 13:40:52,936 - verilog_tb_gen - INFO - Line coverage at iteration 0 is 100.0%
2025-03-09 13:40:52,938 - verilog_tb_gen - INFO - Finished vcs_coverage in 2.28 seconds
2025-03-09 13:40:53,446 - verilog_tb_gen - INFO - Finished vcs_simulate in 0.51 seconds
2025-03-09 13:41:06,544 - verilog_tb_gen - INFO - Finished llm_testbench_align in 13.10 seconds
2025-03-09 13:41:09,598 - verilog_tb_gen - INFO - Finished vcs_simulate_align in 3.05 seconds
2025-03-09 13:41:09,600 - verilog_tb_gen - INFO - Successfully generated testbench for 5166
2025-03-09 13:41:09,612 - verilog_tb_gen - INFO - ==================== Time Cost: 46.06951093673706 ====================
2025-03-09 13:41:09,612 - verilog_tb_gen - INFO - ==================== Generate data: 5167 ====================
2025-03-09 13:41:14,412 - verilog_tb_gen - INFO - Finished llm_function_points in 4.70 seconds
2025-03-09 13:41:19,705 - verilog_tb_gen - INFO - Finished llm_testcases in 5.29 seconds
2025-03-09 13:41:29,902 - verilog_tb_gen - INFO - Finished llm_testbench in 10.19 seconds
2025-03-09 13:41:32,899 - verilog_tb_gen - INFO - Finished vcs_compile in 3.00 seconds
2025-03-09 13:41:35,196 - verilog_tb_gen - INFO - Line coverage at iteration 0 is 87.88%
2025-03-09 13:41:35,196 - verilog_tb_gen - INFO - Finished vcs_coverage in 2.30 seconds
2025-03-09 13:41:44,160 - verilog_tb_gen - INFO - Finished llm_coverage in 8.96 seconds
2025-03-09 13:41:47,773 - verilog_tb_gen - INFO - Line coverage at iteration 1 is 90.91%
2025-03-09 13:41:47,773 - verilog_tb_gen - INFO - Finished vcs_coverage in 3.61 seconds
2025-03-09 13:41:48,278 - verilog_tb_gen - INFO - Finished vcs_simulate in 0.50 seconds
2025-03-09 13:42:00,547 - verilog_tb_gen - INFO - Finished llm_testbench_align in 12.27 seconds
2025-03-09 13:42:03,579 - verilog_tb_gen - INFO - Finished vcs_simulate_align in 3.03 seconds
2025-03-09 13:42:03,581 - verilog_tb_gen - INFO - Successfully generated testbench for 5167
2025-03-09 13:42:03,593 - verilog_tb_gen - INFO - ==================== Time Cost: 53.98094344139099 ====================
2025-03-09 13:42:03,593 - verilog_tb_gen - INFO - ==================== Generate data: 5168 ====================
2025-03-09 13:42:08,213 - verilog_tb_gen - INFO - Finished llm_function_points in 4.52 seconds
2025-03-09 13:42:13,445 - verilog_tb_gen - INFO - Finished llm_testcases in 5.23 seconds
2025-03-09 13:42:36,720 - verilog_tb_gen - INFO - Finished llm_testbench in 23.27 seconds
2025-03-09 13:42:39,716 - verilog_tb_gen - INFO - Finished vcs_compile in 2.99 seconds
2025-03-09 13:42:42,007 - verilog_tb_gen - INFO - Line coverage at iteration 0 is 100.0%
2025-03-09 13:42:42,007 - verilog_tb_gen - INFO - Finished vcs_coverage in 2.29 seconds
2025-03-09 13:42:42,514 - verilog_tb_gen - INFO - Finished vcs_simulate in 0.51 seconds
2025-03-09 13:43:02,918 - verilog_tb_gen - INFO - Finished llm_testbench_align in 20.40 seconds
2025-03-09 13:43:04,195 - verilog_tb_gen - INFO - ===== Error for 5168 =====
2025-03-09 13:43:04,195 - verilog_tb_gen - INFO - list index out of range
2025-03-09 13:43:04,195 - verilog_tb_gen - INFO - ==================== Time Cost: 60.60218858718872 ====================
2025-03-09 13:43:04,195 - verilog_tb_gen - INFO - ==================== Generate data: 5169 ====================
2025-03-09 13:43:09,741 - verilog_tb_gen - INFO - Finished llm_function_points in 5.45 seconds
2025-03-09 13:43:15,084 - verilog_tb_gen - INFO - Finished llm_testcases in 5.34 seconds
2025-03-09 13:43:30,253 - verilog_tb_gen - INFO - Finished llm_testbench in 15.17 seconds
2025-03-09 13:43:33,286 - verilog_tb_gen - INFO - Finished vcs_compile in 3.03 seconds
2025-03-09 13:43:35,554 - verilog_tb_gen - INFO - Line coverage at iteration 0 is 100.0%
2025-03-09 13:43:35,554 - verilog_tb_gen - INFO - Finished vcs_coverage in 2.27 seconds
2025-03-09 13:43:36,060 - verilog_tb_gen - INFO - Finished vcs_simulate in 0.50 seconds
2025-03-09 13:43:55,105 - verilog_tb_gen - INFO - Finished llm_testbench_align in 19.04 seconds
2025-03-09 13:43:58,124 - verilog_tb_gen - INFO - Finished vcs_simulate_align in 3.02 seconds
2025-03-09 13:43:58,126 - verilog_tb_gen - INFO - Successfully generated testbench for 5169
2025-03-09 13:43:58,137 - verilog_tb_gen - INFO - ==================== Time Cost: 53.94232416152954 ====================
2025-03-09 13:43:58,138 - verilog_tb_gen - INFO - ==================== Generate data: 5170 ====================
2025-03-09 13:44:03,065 - verilog_tb_gen - INFO - Finished llm_function_points in 4.83 seconds
2025-03-09 13:44:08,946 - verilog_tb_gen - INFO - Finished llm_testcases in 5.88 seconds
2025-03-09 13:44:21,293 - verilog_tb_gen - INFO - Finished llm_testbench in 12.35 seconds
2025-03-09 13:44:24,287 - verilog_tb_gen - INFO - Finished vcs_compile in 2.99 seconds
2025-03-09 13:44:26,585 - verilog_tb_gen - INFO - Line coverage at iteration 0 is 2.0%
2025-03-09 13:44:26,585 - verilog_tb_gen - INFO - Finished vcs_coverage in 2.30 seconds
2025-03-09 13:44:38,412 - verilog_tb_gen - INFO - Finished llm_coverage in 11.83 seconds
2025-03-09 13:44:42,134 - verilog_tb_gen - INFO - Line coverage at iteration 1 is 2.0%
2025-03-09 13:44:42,134 - verilog_tb_gen - INFO - Finished vcs_coverage in 3.72 seconds
2025-03-09 13:44:53,563 - verilog_tb_gen - INFO - Finished llm_coverage in 11.43 seconds
2025-03-09 13:44:57,237 - verilog_tb_gen - INFO - Line coverage at iteration 2 is 2.0%
2025-03-09 13:44:57,237 - verilog_tb_gen - INFO - Finished vcs_coverage in 3.67 seconds
2025-03-09 13:45:13,010 - verilog_tb_gen - INFO - Finished llm_coverage in 15.77 seconds
2025-03-09 13:45:16,661 - verilog_tb_gen - INFO - Line coverage at iteration 3 is 2.0%
2025-03-09 13:45:16,662 - verilog_tb_gen - INFO - Finished vcs_coverage in 3.65 seconds
2025-03-09 13:45:16,662 - verilog_tb_gen - INFO - Reached maximum iterations (3). Stopping retry loop.
2025-03-09 13:45:17,181 - verilog_tb_gen - INFO - Finished vcs_simulate in 0.52 seconds
2025-03-09 13:45:33,117 - verilog_tb_gen - INFO - Finished llm_testbench_align in 15.93 seconds
2025-03-09 13:45:36,187 - verilog_tb_gen - INFO - Finished vcs_simulate_align in 3.07 seconds
2025-03-09 13:45:54,634 - verilog_tb_gen - INFO - Finished llm_testbench_align in 18.45 seconds
2025-03-09 13:45:57,683 - verilog_tb_gen - INFO - Finished vcs_simulate_align in 3.05 seconds
2025-03-09 13:46:14,219 - verilog_tb_gen - INFO - Finished llm_testbench_align in 16.53 seconds
2025-03-09 13:46:17,340 - verilog_tb_gen - INFO - Finished vcs_simulate_align in 3.12 seconds
2025-03-09 13:46:17,341 - verilog_tb_gen - INFO - Reached maximum iterations (3). Stopping retry loop.
2025-03-09 13:46:17,343 - verilog_tb_gen - INFO - Generated testbench for 5170 coverst {'overall': {'score': 0.83, 'line': 2.0, 'condition': 0.0, 'toggle': 1.32, 'branch': 0.0}, 'lines': ['\n34                      \n35         <font color = "red">0/1     ==>  assign \tvga_clk \t= clk_div[0];\t\t</font>\n36                      \n37                      always @ (posedge CLK50MHz) begin\t\t\n38         1/1          \tclk_div &lt;= clk_div + 2\'b1;\n39                      end\n40                      \n41                      reg     [2:0]   \tvga_r_r;\t\n42                      reg     [2:0]   \tvga_g_r;\n43                      reg     [2:0]   \tvga_b_r;\n44                      reg             \tvga_hs_r;\t\n45                      reg             \tvga_vs_r;\t\n46                      \n47         <font color = "red">0/1     ==>  assign \tvga_r \t\t= vga_r_r;\t\t</font>\n48         <font color = "red">0/1     ==>  assign \tvga_g \t\t= vga_g_r;</font>\n49         <font color = "red">0/1     ==>  assign \tvga_b \t\t= vga_b_r;</font>\n50         <font color = "red">0/1     ==>  assign \tvga_hs \t\t= vga_hs_r;</font>\n51         <font color = "red">0/1     ==>  assign \tvga_vs \t\t= vga_vs_r;</font>\n52                      \n53                      reg     [7:0]\t\ttimer_t = 8\'b0;\t\n54                      reg             \treset = 1;\t\n55                      reg     [9:0]   \tc_row;\t\t\n56                      reg     [9:0]   \tc_col;\t\t\n57                      reg     [9:0]   \tc_hor;\t\t\n58                      reg     [9:0]   \tc_ver;\t\t\n59                      \n60                      reg\t\t\tdisp_en;\t\n61                      \n62                      always @ (posedge vga_clk) begin\n63                      \n64         <font color = "red">0/1     ==>  \tif(timer_t &gt; 250) begin\t\t\t\t\t</font>\n65         <font color = "red">0/1     ==>  \t\treset &lt;= 0;</font>\n66                      \tend\n67                      \telse begin\n68         <font color = "red">0/1     ==>  \t\treset &lt;= 1;\t\t\t\t\t</font>\n69         <font color = "red">0/1     ==>  \t\ttimer_t &lt;= timer_t + 1;</font>\n70         <font color = "red">0/1     ==>  \t\tdisp_en &lt;= 0;\t\t\t</font>\n71                      \tend\n72                      \n73         <font color = "red">0/1     ==>  \tif(reset == 1) begin\t\t\t\t\t</font>\n74         <font color = "red">0/1     ==>  \t\tc_hor &lt;= 0;</font>\n75         <font color = "red">0/1     ==>  \t\tc_ver &lt;= 0;</font>\n76         <font color = "red">0/1     ==>  \t\tvga_hs_r &lt;= 1;</font>\n77         <font color = "red">0/1     ==>  \t\tvga_vs_r &lt;= 0;</font>\n78         <font color = "red">0/1     ==>  \t\tc_row &lt;= 0;</font>\n79         <font color = "red">0/1     ==>  \t\tc_col &lt;= 0;</font>\n80                      \tend\n81                      \telse begin\t\t\t\t\t\t\n82         <font color = "red">0/1     ==>  \t\tif(c_hor &lt; h_frame - 1) begin</font>\n83         <font color = "red">0/1     ==>  \t\t\tc_hor &lt;= c_hor + 1;</font>\n84                      \t\tend\n85                      \t\telse begin\n86         <font color = "red">0/1     ==>  \t\t\tc_hor &lt;= 0;</font>\n87         <font color = "red">0/1     ==>  \t\t\tif(c_ver &lt; v_frame - 1) begin</font>\n88         <font color = "red">0/1     ==>  \t\t\t\tc_ver &lt;= c_ver + 1;</font>\n89                      \t\t\tend\n90                      \t\t\telse begin\n91         <font color = "red">0/1     ==>  \t\t\t\tc_ver &lt;= 0;</font>\n92                      \t\t\tend\n93                      \t\tend\n94                      \tend\n95         <font color = "red">0/1     ==>  \tif(c_hor &lt; h_pixels + h_fp + 1 || c_hor &gt; h_pixels + h_fp + h_pulse) begin\t</font>\n96         <font color = "red">0/1     ==>  \t\tvga_hs_r &lt;= ~h_pol;</font>\n97                      \tend\n98                      \telse begin\n99         <font color = "red">0/1     ==>  \t\tvga_hs_r &lt;= h_pol;</font>\n100                     \tend\n101        <font color = "red">0/1     ==>  \tif(c_ver &lt; v_pixels + v_fp || c_ver &gt; v_pixels + v_fp + v_pulse) begin\t\t</font>\n102        <font color = "red">0/1     ==>  \t\tvga_vs_r &lt;= ~v_pol;</font>\n103                     \tend\n104                     \telse begin\n105        <font color = "red">0/1     ==>  \t\tvga_vs_r &lt;= v_pol;</font>\n106                     \tend\n107        <font color = "red">0/1     ==>  \tif(c_hor &lt; h_pixels) begin\t\t</font>\n108        <font color = "red">0/1     ==>  \t\tc_col &lt;= c_hor;</font>\n109                     \tend\n                   <font color = "red">==>  MISSING_ELSE</font>\n110        <font color = "red">0/1     ==>  \tif(c_ver &lt; v_pixels) begin</font>\n111        <font color = "red">0/1     ==>  \t\tc_row &lt;= c_ver;</font>\n112                     \tend\n                   <font color = "red">==>  MISSING_ELSE</font>\n113        <font color = "red">0/1     ==>  \tif(c_hor &lt; h_pixels &amp;&amp; c_ver &lt; v_pixels) begin\t\t</font>\n114        <font color = "red">0/1     ==>  \t\tdisp_en &lt;= 1;</font>\n115                     \tend\n116                     \telse begin\n117        <font color = "red">0/1     ==>  \t\tdisp_en &lt;= 0;</font>\n118                     \tend\n119                     end\n120                     \n121                     always @ (posedge vga_clk) begin\t\n122        <font color = "red">0/1     ==>  \tif(disp_en == 1 &amp;&amp; reset == 0) begin</font>\n123        <font color = "red">0/1     ==>  \t\tif(c_col &gt; 200 &amp;&amp; c_col &lt; 250) begin</font>\n124        <font color = "red">0/1     ==>  \t\t\tif(c_row &gt; 200 &amp;&amp; c_row &lt; 250)begin</font>\n125        <font color = "red">0/1     ==>  \t\t\t\tvga_r_r &lt;= 0;</font>\n126        <font color = "red">0/1     ==>  \t\t\t\tvga_g_r &lt;= 0;</font>\n127        <font color = "red">0/1     ==>  \t\t\t\tvga_b_r &lt;= 7;</font>\n128                     \t\t\tend\n                   <font color = "red">==>  MISSING_ELSE</font>\n129                     \t\tend\n130                     \t\telse begin\t\t\t\n131        <font color = "red">0/1     ==>  \t\t\tvga_r_r &lt;= 0;</font>\n132        <font color = "red">0/1     ==>  \t\t\tvga_g_r &lt;= 0;</font>\n133        <font color = "red">0/1     ==>  \t\t\tvga_b_r &lt;= 0;</font>\n134                     \t\tend\n135                     \tend\n136                     \telse begin\t\t\t\n137        <font color = "red">0/1     ==>  \t\tvga_r_r &lt;= 0;</font>\n138        <font color = "red">0/1     ==>  \t\tvga_g_r &lt;= 0;</font>\n139        <font color = "red">0/1     ==>  \t\tvga_b_r &lt;= 0;</font>\n']}%
2025-03-09 13:46:17,343 - verilog_tb_gen - INFO - Failed to generate testbench for 5170
2025-03-09 13:46:17,355 - verilog_tb_gen - INFO - ==================== Time Cost: 139.21763920783997 ====================
2025-03-09 13:46:17,355 - verilog_tb_gen - INFO - ==================== Generate data: 5171 ====================
2025-03-09 13:46:22,864 - verilog_tb_gen - INFO - Finished llm_function_points in 5.41 seconds
2025-03-09 13:46:28,655 - verilog_tb_gen - INFO - Finished llm_testcases in 5.79 seconds
2025-03-09 13:46:41,489 - verilog_tb_gen - INFO - Finished llm_testbench in 12.83 seconds
2025-03-09 13:46:44,510 - verilog_tb_gen - INFO - Finished vcs_compile in 3.02 seconds
2025-03-09 13:46:46,760 - verilog_tb_gen - INFO - Line coverage at iteration 0 is 100.0%
2025-03-09 13:46:46,760 - verilog_tb_gen - INFO - Finished vcs_coverage in 2.25 seconds
2025-03-09 13:46:47,264 - verilog_tb_gen - INFO - Finished vcs_simulate in 0.50 seconds
2025-03-09 13:47:02,320 - verilog_tb_gen - INFO - Finished llm_testbench_align in 15.06 seconds
2025-03-09 13:47:05,403 - verilog_tb_gen - INFO - Finished vcs_simulate_align in 3.08 seconds
2025-03-09 13:47:05,405 - verilog_tb_gen - INFO - Successfully generated testbench for 5171
2025-03-09 13:47:05,417 - verilog_tb_gen - INFO - ==================== Time Cost: 48.06142616271973 ====================
2025-03-09 13:47:05,417 - verilog_tb_gen - INFO - ==================== Generate data: 5172 ====================
2025-03-09 13:47:10,558 - verilog_tb_gen - INFO - Finished llm_function_points in 5.04 seconds
2025-03-09 13:47:14,788 - verilog_tb_gen - INFO - Finished llm_testcases in 4.23 seconds
2025-03-09 13:47:26,011 - verilog_tb_gen - INFO - Finished llm_testbench in 11.22 seconds
2025-03-09 13:47:29,046 - verilog_tb_gen - INFO - Finished vcs_compile in 3.03 seconds
2025-03-09 13:47:31,388 - verilog_tb_gen - INFO - Line coverage at iteration 0 is 95.12%
2025-03-09 13:47:31,388 - verilog_tb_gen - INFO - Finished vcs_coverage in 2.34 seconds
2025-03-09 13:47:31,893 - verilog_tb_gen - INFO - Finished vcs_simulate in 0.50 seconds
2025-03-09 13:47:41,543 - verilog_tb_gen - INFO - Finished llm_testbench_align in 9.65 seconds
2025-03-09 13:47:44,574 - verilog_tb_gen - INFO - Finished vcs_simulate_align in 3.03 seconds
2025-03-09 13:47:44,575 - verilog_tb_gen - INFO - Successfully generated testbench for 5172
2025-03-09 13:47:44,587 - verilog_tb_gen - INFO - ==================== Time Cost: 39.169968128204346 ====================
2025-03-09 13:47:44,587 - verilog_tb_gen - INFO - ==================== Generate data: 5173 ====================
2025-03-09 13:47:48,797 - verilog_tb_gen - INFO - Finished llm_function_points in 4.10 seconds
2025-03-09 13:47:55,577 - verilog_tb_gen - INFO - Finished llm_testcases in 6.78 seconds
2025-03-09 13:48:09,437 - verilog_tb_gen - INFO - Finished llm_testbench in 13.86 seconds
2025-03-09 13:48:12,486 - verilog_tb_gen - INFO - Finished vcs_compile in 3.05 seconds
2025-03-09 13:48:14,827 - verilog_tb_gen - INFO - Line coverage at iteration 0 is 100.0%
2025-03-09 13:48:14,827 - verilog_tb_gen - INFO - Finished vcs_coverage in 2.34 seconds
2025-03-09 13:48:15,330 - verilog_tb_gen - INFO - Finished vcs_simulate in 0.50 seconds
2025-03-09 13:48:33,909 - verilog_tb_gen - INFO - Finished llm_testbench_align in 18.58 seconds
2025-03-09 13:48:37,041 - verilog_tb_gen - INFO - Finished vcs_simulate_align in 3.13 seconds
2025-03-09 13:48:37,042 - verilog_tb_gen - INFO - Successfully generated testbench for 5173
2025-03-09 13:48:37,054 - verilog_tb_gen - INFO - ==================== Time Cost: 52.46692657470703 ====================
2025-03-09 13:48:37,054 - verilog_tb_gen - INFO - ==================== Generate data: 5174 ====================
2025-03-09 13:48:42,210 - verilog_tb_gen - INFO - Finished llm_function_points in 5.06 seconds
2025-03-09 13:48:47,568 - verilog_tb_gen - INFO - Finished llm_testcases in 5.36 seconds
2025-03-09 13:48:59,350 - verilog_tb_gen - INFO - Finished llm_testbench in 11.78 seconds
2025-03-09 13:49:02,441 - verilog_tb_gen - INFO - Finished vcs_compile in 3.09 seconds
2025-03-09 13:49:04,775 - verilog_tb_gen - INFO - Line coverage at iteration 0 is 100.0%
2025-03-09 13:49:04,775 - verilog_tb_gen - INFO - Finished vcs_coverage in 2.33 seconds
2025-03-09 13:49:05,285 - verilog_tb_gen - INFO - Finished vcs_simulate in 0.51 seconds
2025-03-09 13:49:16,061 - verilog_tb_gen - INFO - Finished llm_testbench_align in 10.77 seconds
2025-03-09 13:49:19,037 - verilog_tb_gen - INFO - Finished vcs_simulate_align in 2.97 seconds
2025-03-09 13:49:19,038 - verilog_tb_gen - INFO - Successfully generated testbench for 5174
2025-03-09 13:49:19,050 - verilog_tb_gen - INFO - ==================== Time Cost: 41.99585819244385 ====================
2025-03-09 13:49:19,050 - verilog_tb_gen - INFO - ==================== Generate data: 5175 ====================
2025-03-09 13:49:23,568 - verilog_tb_gen - INFO - Finished llm_function_points in 4.42 seconds
2025-03-09 13:49:28,739 - verilog_tb_gen - INFO - Finished llm_testcases in 5.17 seconds
2025-03-09 13:49:40,287 - verilog_tb_gen - INFO - Finished llm_testbench in 11.55 seconds
2025-03-09 13:49:43,233 - verilog_tb_gen - INFO - Finished vcs_compile in 2.94 seconds
2025-03-09 13:49:45,482 - verilog_tb_gen - INFO - Line coverage at iteration 0 is 100.0%
2025-03-09 13:49:45,483 - verilog_tb_gen - INFO - Finished vcs_coverage in 2.25 seconds
2025-03-09 13:49:45,987 - verilog_tb_gen - INFO - Finished vcs_simulate in 0.50 seconds
2025-03-09 13:50:00,565 - verilog_tb_gen - INFO - Finished llm_testbench_align in 14.58 seconds
2025-03-09 13:50:03,692 - verilog_tb_gen - INFO - Finished vcs_simulate_align in 3.13 seconds
2025-03-09 13:50:18,405 - verilog_tb_gen - INFO - Finished llm_testbench_align in 14.71 seconds
2025-03-09 13:50:21,596 - verilog_tb_gen - INFO - Finished vcs_simulate_align in 3.19 seconds
2025-03-09 13:50:36,623 - verilog_tb_gen - INFO - Finished llm_testbench_align in 15.03 seconds
2025-03-09 13:50:39,600 - verilog_tb_gen - INFO - Finished vcs_simulate_align in 2.97 seconds
2025-03-09 13:50:39,602 - verilog_tb_gen - INFO - Successfully generated testbench for 5175
2025-03-09 13:50:39,613 - verilog_tb_gen - INFO - ==================== Time Cost: 80.56333184242249 ====================
2025-03-09 13:50:39,614 - verilog_tb_gen - INFO - ==================== Generate data: 5176 ====================
2025-03-09 13:50:44,614 - verilog_tb_gen - INFO - Finished llm_function_points in 4.90 seconds
2025-03-09 13:50:48,579 - verilog_tb_gen - INFO - Finished llm_testcases in 3.96 seconds
2025-03-09 13:51:01,124 - verilog_tb_gen - INFO - Finished llm_testbench in 12.54 seconds
2025-03-09 13:51:04,188 - verilog_tb_gen - INFO - Finished vcs_compile in 3.06 seconds
2025-03-09 13:51:06,473 - verilog_tb_gen - INFO - Line coverage at iteration 0 is 100.0%
2025-03-09 13:51:06,473 - verilog_tb_gen - INFO - Finished vcs_coverage in 2.28 seconds
2025-03-09 13:51:06,985 - verilog_tb_gen - INFO - Finished vcs_simulate in 0.51 seconds
2025-03-09 13:51:20,845 - verilog_tb_gen - INFO - Finished llm_testbench_align in 13.86 seconds
2025-03-09 13:51:23,891 - verilog_tb_gen - INFO - Finished vcs_simulate_align in 3.04 seconds
2025-03-09 13:51:35,926 - verilog_tb_gen - INFO - Finished llm_testbench_align in 12.03 seconds
2025-03-09 13:51:39,031 - verilog_tb_gen - INFO - Finished vcs_simulate_align in 3.10 seconds
2025-03-09 13:51:39,034 - verilog_tb_gen - INFO - Successfully generated testbench for 5176
2025-03-09 13:51:39,046 - verilog_tb_gen - INFO - ==================== Time Cost: 59.4319543838501 ====================
2025-03-09 13:51:39,046 - verilog_tb_gen - INFO - ==================== Generate data: 5177 ====================
2025-03-09 13:51:44,048 - verilog_tb_gen - INFO - Finished llm_function_points in 4.91 seconds
2025-03-09 13:51:56,408 - verilog_tb_gen - INFO - Finished llm_testcases in 12.36 seconds
2025-03-09 13:52:10,486 - verilog_tb_gen - INFO - Finished llm_testbench in 14.08 seconds
2025-03-09 13:52:13,414 - verilog_tb_gen - INFO - Finished vcs_compile in 2.93 seconds
2025-03-09 13:52:15,684 - verilog_tb_gen - INFO - Line coverage at iteration 0 is 92.31%
2025-03-09 13:52:15,684 - verilog_tb_gen - INFO - Finished vcs_coverage in 2.27 seconds
2025-03-09 13:52:16,184 - verilog_tb_gen - INFO - Finished vcs_simulate in 0.50 seconds
2025-03-09 13:52:31,507 - verilog_tb_gen - INFO - Finished llm_testbench_align in 15.32 seconds
2025-03-09 13:52:34,533 - verilog_tb_gen - INFO - Finished vcs_simulate_align in 3.02 seconds
2025-03-09 13:52:34,534 - verilog_tb_gen - INFO - Successfully generated testbench for 5177
2025-03-09 13:52:34,546 - verilog_tb_gen - INFO - ==================== Time Cost: 55.50048327445984 ====================
2025-03-09 13:52:34,546 - verilog_tb_gen - INFO - ==================== Generate data: 5178 ====================
2025-03-09 13:52:40,098 - verilog_tb_gen - INFO - Finished llm_function_points in 5.46 seconds
2025-03-09 13:52:45,961 - verilog_tb_gen - INFO - Finished llm_testcases in 5.86 seconds
2025-03-09 13:52:56,193 - verilog_tb_gen - INFO - Finished llm_testbench in 10.23 seconds
2025-03-09 13:52:59,147 - verilog_tb_gen - INFO - Finished vcs_compile in 2.95 seconds
2025-03-09 13:53:01,477 - verilog_tb_gen - INFO - Line coverage at iteration 0 is 97.44%
2025-03-09 13:53:01,477 - verilog_tb_gen - INFO - Finished vcs_coverage in 2.33 seconds
2025-03-09 13:53:01,976 - verilog_tb_gen - INFO - Finished vcs_simulate in 0.50 seconds
2025-03-09 13:53:12,260 - verilog_tb_gen - INFO - Finished llm_testbench_align in 10.28 seconds
2025-03-09 13:53:15,314 - verilog_tb_gen - INFO - Finished vcs_simulate_align in 3.05 seconds
2025-03-09 13:53:15,316 - verilog_tb_gen - INFO - Successfully generated testbench for 5178
2025-03-09 13:53:15,327 - verilog_tb_gen - INFO - ==================== Time Cost: 40.780468702316284 ====================
2025-03-09 13:53:15,327 - verilog_tb_gen - INFO - ==================== Generate data: 5179 ====================
2025-03-09 13:53:20,843 - verilog_tb_gen - INFO - Finished llm_function_points in 5.25 seconds
2025-03-09 13:53:26,327 - verilog_tb_gen - INFO - Finished llm_testcases in 5.48 seconds
2025-03-09 13:53:41,081 - verilog_tb_gen - INFO - Finished llm_testbench in 14.75 seconds
2025-03-09 13:53:44,182 - verilog_tb_gen - INFO - Finished vcs_compile in 3.10 seconds
2025-03-09 13:53:46,511 - verilog_tb_gen - INFO - Line coverage at iteration 0 is 47.83%
2025-03-09 13:53:46,511 - verilog_tb_gen - INFO - Finished vcs_coverage in 2.33 seconds
2025-03-09 13:54:00,605 - verilog_tb_gen - INFO - Finished llm_coverage in 14.09 seconds
2025-03-09 13:54:04,392 - verilog_tb_gen - INFO - Line coverage at iteration 1 is 47.83%
2025-03-09 13:54:04,393 - verilog_tb_gen - INFO - Finished vcs_coverage in 3.79 seconds
2025-03-09 13:54:21,241 - verilog_tb_gen - INFO - Finished llm_coverage in 16.85 seconds
2025-03-09 13:54:24,765 - verilog_tb_gen - INFO - Line coverage at iteration 2 is 47.83%
2025-03-09 13:54:24,765 - verilog_tb_gen - INFO - Finished vcs_coverage in 3.52 seconds
2025-03-09 13:54:40,748 - verilog_tb_gen - INFO - Finished llm_coverage in 15.98 seconds
2025-03-09 13:54:43,561 - verilog_tb_gen - INFO - Line coverage at iteration 3 is 47.83%
2025-03-09 13:54:43,561 - verilog_tb_gen - INFO - Finished vcs_coverage in 2.81 seconds
2025-03-09 13:54:43,562 - verilog_tb_gen - INFO - Reached maximum iterations (3). Stopping retry loop.
2025-03-09 13:54:43,961 - verilog_tb_gen - INFO - Finished vcs_simulate in 0.40 seconds
2025-03-09 13:55:04,038 - verilog_tb_gen - INFO - Finished llm_testbench_align in 20.07 seconds
2025-03-09 13:55:07,002 - verilog_tb_gen - INFO - Finished vcs_simulate_align in 2.96 seconds
2025-03-09 13:55:07,005 - verilog_tb_gen - INFO - Successfully generated testbench for 5179
2025-03-09 13:55:07,017 - verilog_tb_gen - INFO - ==================== Time Cost: 111.6895649433136 ====================
2025-03-09 13:55:07,017 - verilog_tb_gen - INFO - ==================== Generate data: 5180 ====================
2025-03-09 13:55:11,671 - verilog_tb_gen - INFO - Finished llm_function_points in 4.55 seconds
2025-03-09 13:55:16,706 - verilog_tb_gen - INFO - Finished llm_testcases in 5.03 seconds
2025-03-09 13:55:29,308 - verilog_tb_gen - INFO - Finished llm_testbench in 12.60 seconds
2025-03-09 13:55:32,121 - verilog_tb_gen - INFO - Finished vcs_compile in 2.81 seconds
2025-03-09 13:55:34,178 - verilog_tb_gen - INFO - Line coverage at iteration 0 is 91.3%
2025-03-09 13:55:34,178 - verilog_tb_gen - INFO - Finished vcs_coverage in 2.06 seconds
2025-03-09 13:55:34,674 - verilog_tb_gen - INFO - Finished vcs_simulate in 0.49 seconds
2025-03-09 13:55:47,946 - verilog_tb_gen - INFO - Finished llm_testbench_align in 13.27 seconds
2025-03-09 13:55:50,879 - verilog_tb_gen - INFO - Finished vcs_simulate_align in 2.93 seconds
2025-03-09 13:55:50,881 - verilog_tb_gen - INFO - Successfully generated testbench for 5180
2025-03-09 13:55:50,892 - verilog_tb_gen - INFO - ==================== Time Cost: 43.87534809112549 ====================
2025-03-09 13:55:50,892 - verilog_tb_gen - INFO - ==================== Generate data: 5181 ====================
2025-03-09 13:55:55,471 - verilog_tb_gen - INFO - Finished llm_function_points in 4.49 seconds
2025-03-09 13:55:59,454 - verilog_tb_gen - INFO - Finished llm_testcases in 3.98 seconds
2025-03-09 13:56:11,179 - verilog_tb_gen - INFO - Finished llm_testbench in 11.72 seconds
2025-03-09 13:56:12,302 - verilog_tb_gen - INFO - Finished vcs_compile in 1.12 seconds
2025-03-09 13:56:24,476 - verilog_tb_gen - INFO - Finished llm_testbench in 12.17 seconds
2025-03-09 13:56:27,218 - verilog_tb_gen - INFO - Finished vcs_compile in 2.74 seconds
2025-03-09 13:56:29,321 - verilog_tb_gen - INFO - Line coverage at iteration 0 is 100.0%
2025-03-09 13:56:29,321 - verilog_tb_gen - INFO - Finished vcs_coverage in 2.10 seconds
2025-03-09 13:56:29,820 - verilog_tb_gen - INFO - Finished vcs_simulate in 0.50 seconds
2025-03-09 13:56:42,965 - verilog_tb_gen - INFO - Finished llm_testbench_align in 13.14 seconds
2025-03-09 13:56:45,731 - verilog_tb_gen - INFO - Finished vcs_simulate_align in 2.76 seconds
2025-03-09 13:56:45,733 - verilog_tb_gen - INFO - Successfully generated testbench for 5181
2025-03-09 13:56:45,745 - verilog_tb_gen - INFO - ==================== Time Cost: 54.85243320465088 ====================
2025-03-09 13:56:45,745 - verilog_tb_gen - INFO - ==================== Generate data: 5182 ====================
2025-03-09 13:56:50,684 - verilog_tb_gen - INFO - Finished llm_function_points in 4.84 seconds
2025-03-09 13:56:55,550 - verilog_tb_gen - INFO - Finished llm_testcases in 4.86 seconds
2025-03-09 13:57:06,282 - verilog_tb_gen - INFO - Finished llm_testbench in 10.73 seconds
2025-03-09 13:57:09,036 - verilog_tb_gen - INFO - Finished vcs_compile in 2.75 seconds
2025-03-09 13:57:11,135 - verilog_tb_gen - INFO - Line coverage at iteration 0 is 100.0%
2025-03-09 13:57:11,136 - verilog_tb_gen - INFO - Finished vcs_coverage in 2.10 seconds
2025-03-09 13:57:11,631 - verilog_tb_gen - INFO - Finished vcs_simulate in 0.49 seconds
2025-03-09 13:57:21,612 - verilog_tb_gen - INFO - Finished llm_testbench_align in 9.98 seconds
2025-03-09 13:57:24,452 - verilog_tb_gen - INFO - Finished vcs_simulate_align in 2.84 seconds
2025-03-09 13:57:24,454 - verilog_tb_gen - INFO - Successfully generated testbench for 5182
2025-03-09 13:57:24,465 - verilog_tb_gen - INFO - ==================== Time Cost: 38.720707654953 ====================
2025-03-09 13:57:24,465 - verilog_tb_gen - INFO - ==================== Generate data: 5183 ====================
2025-03-09 13:57:30,838 - verilog_tb_gen - INFO - Finished llm_function_points in 6.26 seconds
2025-03-09 13:57:36,262 - verilog_tb_gen - INFO - Finished llm_testcases in 5.42 seconds
2025-03-09 13:57:50,407 - verilog_tb_gen - INFO - Finished llm_testbench in 14.14 seconds
2025-03-09 13:57:53,183 - verilog_tb_gen - INFO - Finished vcs_compile in 2.77 seconds
2025-03-09 13:57:55,314 - verilog_tb_gen - INFO - Line coverage at iteration 0 is 100.0%
2025-03-09 13:57:55,314 - verilog_tb_gen - INFO - Finished vcs_coverage in 2.13 seconds
2025-03-09 13:57:55,818 - verilog_tb_gen - INFO - Finished vcs_simulate in 0.50 seconds
2025-03-09 13:58:07,036 - verilog_tb_gen - INFO - Finished llm_testbench_align in 11.22 seconds
2025-03-09 13:58:09,665 - verilog_tb_gen - INFO - Finished vcs_simulate_align in 2.63 seconds
2025-03-09 13:58:22,633 - verilog_tb_gen - INFO - Finished llm_testbench_align in 12.97 seconds
2025-03-09 13:58:25,096 - verilog_tb_gen - INFO - Finished vcs_simulate_align in 2.46 seconds
2025-03-09 13:58:37,641 - verilog_tb_gen - INFO - Finished llm_testbench_align in 12.54 seconds
2025-03-09 13:58:40,289 - verilog_tb_gen - INFO - Finished vcs_simulate_align in 2.65 seconds
2025-03-09 13:58:40,290 - verilog_tb_gen - INFO - Reached maximum iterations (3). Stopping retry loop.
2025-03-09 13:58:40,291 - verilog_tb_gen - INFO - Generated testbench for 5183 coverst {'overall': {'score': 57.23, 'line': 100.0, 'condition': 53.85, 'toggle': 20.19, 'branch': 54.88}, 'lines': ['\n32                         wire  [1:0] quadrant;\n33         1/1             assign   quadrant = angle[15:14];\n34                      \n35                         always @(posedge clock)\n36                         begin \n37         1/1                case (quadrant)\n38                               2\'b00,\n39                               2\'b11:  \n40                               begin    \n41         1/1                      X[0] &lt;= Xin;\n42         1/1                      Y[0] &lt;= Yin;\n43         1/1                      Z[0] &lt;= angle;\n44                               end\n45                      \n46                               2\'b01:\n47                               begin\n48         1/1                      X[0] &lt;= -Yin;\n49         1/1                      Y[0] &lt;= Xin;\n50         1/1                      Z[0] &lt;= {2\'b00,angle[13:0]}; \n51                               end\n52                      \n53                               2\'b10:\n54                               begin\n55         1/1                      X[0] &lt;= Yin;\n56         1/1                      Y[0] &lt;= -Xin;\n57         1/1                      Z[0] &lt;= {2\'b11,angle[13:0]}; \n58                               end\n                   <font color = "red">==>  MISSING_DEFAULT</font>\n59                      \n60                            endcase\n61                         end\n62                      \n63                         genvar i;\n64                         generate\n65                         for (i=0; i &lt; (ITR-1); i=i+1)\n66                         begin: XYZ\n67                            wire                   Z_sign;\n68                            wire signed  [16 :0] X_shr, Y_shr; \n69                      \n70         13/13              assign X_shr = X[i] &gt;&gt;&gt; i; \n71         13/13              assign Y_shr = Y[i] &gt;&gt;&gt; i;\n72                      \n73         13/13              assign Z_sign = Z[i][15]; \n74                      \n75                            always @(posedge clock)\n76                            begin\n77         1/1                   X[i+1] &lt;= Z_sign ? X[i] + Y_shr : X[i] - Y_shr;\n78         1/1                   Y[i+1] &lt;= Z_sign ? Y[i] - X_shr : Y[i] + X_shr;\n79         1/1                   Z[i+1] &lt;= Z_sign ? Z[i] + atan_table[i] : Z[i] - atan_table[i];\n***repeat 1\n77         1/1                   X[i+1] &lt;= Z_sign ? X[i] + Y_shr : X[i] - Y_shr;\n78         1/1                   Y[i+1] &lt;= Z_sign ? Y[i] - X_shr : Y[i] + X_shr;\n79         1/1                   Z[i+1] &lt;= Z_sign ? Z[i] + atan_table[i] : Z[i] - atan_table[i];\n***repeat 2\n77         1/1                   X[i+1] &lt;= Z_sign ? X[i] + Y_shr : X[i] - Y_shr;\n78         1/1                   Y[i+1] &lt;= Z_sign ? Y[i] - X_shr : Y[i] + X_shr;\n79         1/1                   Z[i+1] &lt;= Z_sign ? Z[i] + atan_table[i] : Z[i] - atan_table[i];\n***repeat 3\n77         1/1                   X[i+1] &lt;= Z_sign ? X[i] + Y_shr : X[i] - Y_shr;\n78         1/1                   Y[i+1] &lt;= Z_sign ? Y[i] - X_shr : Y[i] + X_shr;\n79         1/1                   Z[i+1] &lt;= Z_sign ? Z[i] + atan_table[i] : Z[i] - atan_table[i];\n***repeat 4\n77         1/1                   X[i+1] &lt;= Z_sign ? X[i] + Y_shr : X[i] - Y_shr;\n78         1/1                   Y[i+1] &lt;= Z_sign ? Y[i] - X_shr : Y[i] + X_shr;\n79         1/1                   Z[i+1] &lt;= Z_sign ? Z[i] + atan_table[i] : Z[i] - atan_table[i];\n***repeat 5\n77         1/1                   X[i+1] &lt;= Z_sign ? X[i] + Y_shr : X[i] - Y_shr;\n78         1/1                   Y[i+1] &lt;= Z_sign ? Y[i] - X_shr : Y[i] + X_shr;\n79         1/1                   Z[i+1] &lt;= Z_sign ? Z[i] + atan_table[i] : Z[i] - atan_table[i];\n***repeat 6\n77         1/1                   X[i+1] &lt;= Z_sign ? X[i] + Y_shr : X[i] - Y_shr;\n78         1/1                   Y[i+1] &lt;= Z_sign ? Y[i] - X_shr : Y[i] + X_shr;\n79         1/1                   Z[i+1] &lt;= Z_sign ? Z[i] + atan_table[i] : Z[i] - atan_table[i];\n***repeat 7\n77         1/1                   X[i+1] &lt;= Z_sign ? X[i] + Y_shr : X[i] - Y_shr;\n78         1/1                   Y[i+1] &lt;= Z_sign ? Y[i] - X_shr : Y[i] + X_shr;\n79         1/1                   Z[i+1] &lt;= Z_sign ? Z[i] + atan_table[i] : Z[i] - atan_table[i];\n***repeat 8\n77         1/1                   X[i+1] &lt;= Z_sign ? X[i] + Y_shr : X[i] - Y_shr;\n78         1/1                   Y[i+1] &lt;= Z_sign ? Y[i] - X_shr : Y[i] + X_shr;\n79         1/1                   Z[i+1] &lt;= Z_sign ? Z[i] + atan_table[i] : Z[i] - atan_table[i];\n***repeat 9\n77         1/1                   X[i+1] &lt;= Z_sign ? X[i] + Y_shr : X[i] - Y_shr;\n78         1/1                   Y[i+1] &lt;= Z_sign ? Y[i] - X_shr : Y[i] + X_shr;\n79         1/1                   Z[i+1] &lt;= Z_sign ? Z[i] + atan_table[i] : Z[i] - atan_table[i];\n***repeat 10\n77         1/1                   X[i+1] &lt;= Z_sign ? X[i] + Y_shr : X[i] - Y_shr;\n78         1/1                   Y[i+1] &lt;= Z_sign ? Y[i] - X_shr : Y[i] + X_shr;\n79         1/1                   Z[i+1] &lt;= Z_sign ? Z[i] + atan_table[i] : Z[i] - atan_table[i];\n***repeat 11\n77         1/1                   X[i+1] &lt;= Z_sign ? X[i] + Y_shr : X[i] - Y_shr;\n78         1/1                   Y[i+1] &lt;= Z_sign ? Y[i] - X_shr : Y[i] + X_shr;\n79         1/1                   Z[i+1] &lt;= Z_sign ? Z[i] + atan_table[i] : Z[i] - atan_table[i];\n***repeat 12\n77         1/1                   X[i+1] &lt;= Z_sign ? X[i] + Y_shr : X[i] - Y_shr;\n78         1/1                   Y[i+1] &lt;= Z_sign ? Y[i] - X_shr : Y[i] + X_shr;\n79         1/1                   Z[i+1] &lt;= Z_sign ? Z[i] + atan_table[i] : Z[i] - atan_table[i];\n80                            end\n81                         end\n82                         endgenerate\n83                      \n84         1/1             assign Xout = X[ITR-1];\n85         1/1             assign Yout = Y[ITR-1];\n']}%
2025-03-09 13:58:40,292 - verilog_tb_gen - INFO - Failed to generate testbench for 5183
2025-03-09 13:58:40,303 - verilog_tb_gen - INFO - ==================== Time Cost: 75.8375940322876 ====================
2025-03-09 13:58:40,303 - verilog_tb_gen - INFO - ==================== Generate data: 5184 ====================
2025-03-09 13:58:44,315 - verilog_tb_gen - INFO - Finished llm_function_points in 3.91 seconds
2025-03-09 13:58:49,392 - verilog_tb_gen - INFO - Finished llm_testcases in 5.08 seconds
2025-03-09 13:59:03,521 - verilog_tb_gen - INFO - Finished llm_testbench in 14.13 seconds
2025-03-09 13:59:06,491 - verilog_tb_gen - INFO - Finished vcs_compile in 2.97 seconds
2025-03-09 13:59:08,780 - verilog_tb_gen - INFO - Line coverage at iteration 0 is 100.0%
2025-03-09 13:59:08,780 - verilog_tb_gen - INFO - Finished vcs_coverage in 2.29 seconds
2025-03-09 13:59:09,282 - verilog_tb_gen - INFO - Finished vcs_simulate in 0.50 seconds
2025-03-09 13:59:22,693 - verilog_tb_gen - INFO - Finished llm_testbench_align in 13.41 seconds
2025-03-09 13:59:25,690 - verilog_tb_gen - INFO - Finished vcs_simulate_align in 3.00 seconds
2025-03-09 13:59:25,692 - verilog_tb_gen - INFO - Successfully generated testbench for 5184
2025-03-09 13:59:25,703 - verilog_tb_gen - INFO - ==================== Time Cost: 45.39968013763428 ====================
2025-03-09 13:59:25,703 - verilog_tb_gen - INFO - ==================== Generate data: 5185 ====================
2025-03-09 13:59:29,925 - verilog_tb_gen - INFO - Finished llm_function_points in 4.12 seconds
2025-03-09 13:59:34,283 - verilog_tb_gen - INFO - Finished llm_testcases in 4.36 seconds
2025-03-09 13:59:46,188 - verilog_tb_gen - INFO - Finished llm_testbench in 11.90 seconds
2025-03-09 13:59:49,229 - verilog_tb_gen - INFO - Finished vcs_compile in 3.04 seconds
2025-03-09 13:59:51,471 - verilog_tb_gen - INFO - Line coverage at iteration 0 is 100.0%
2025-03-09 13:59:51,471 - verilog_tb_gen - INFO - Finished vcs_coverage in 2.24 seconds
2025-03-09 13:59:51,981 - verilog_tb_gen - INFO - Finished vcs_simulate in 0.51 seconds
2025-03-09 14:00:04,131 - verilog_tb_gen - INFO - Finished llm_testbench_align in 12.15 seconds
2025-03-09 14:00:07,204 - verilog_tb_gen - INFO - Finished vcs_simulate_align in 3.07 seconds
2025-03-09 14:00:07,206 - verilog_tb_gen - INFO - Successfully generated testbench for 5185
2025-03-09 14:00:07,218 - verilog_tb_gen - INFO - ==================== Time Cost: 41.514585971832275 ====================
2025-03-09 14:00:07,218 - verilog_tb_gen - INFO - ==================== Generate data: 5186 ====================
2025-03-09 14:00:12,286 - verilog_tb_gen - INFO - Finished llm_function_points in 4.97 seconds
2025-03-09 14:00:16,654 - verilog_tb_gen - INFO - Finished llm_testcases in 4.37 seconds
2025-03-09 14:00:29,187 - verilog_tb_gen - INFO - Finished llm_testbench in 12.53 seconds
2025-03-09 14:00:32,281 - verilog_tb_gen - INFO - Finished vcs_compile in 3.09 seconds
2025-03-09 14:00:34,550 - verilog_tb_gen - INFO - Line coverage at iteration 0 is 46.15%
2025-03-09 14:00:34,550 - verilog_tb_gen - INFO - Finished vcs_coverage in 2.27 seconds
2025-03-09 14:00:58,543 - verilog_tb_gen - INFO - Finished llm_coverage in 23.99 seconds
2025-03-09 14:01:02,201 - verilog_tb_gen - INFO - Line coverage at iteration 1 is 50.0%
2025-03-09 14:01:02,201 - verilog_tb_gen - INFO - Finished vcs_coverage in 3.66 seconds
2025-03-09 14:01:25,556 - verilog_tb_gen - INFO - Finished llm_coverage in 23.35 seconds
2025-03-09 14:01:29,225 - verilog_tb_gen - INFO - Line coverage at iteration 2 is 50.0%
2025-03-09 14:01:29,226 - verilog_tb_gen - INFO - Finished vcs_coverage in 3.67 seconds
2025-03-09 14:01:58,047 - verilog_tb_gen - INFO - Finished llm_coverage in 28.82 seconds
2025-03-09 14:02:01,591 - verilog_tb_gen - INFO - Line coverage at iteration 3 is 50.0%
2025-03-09 14:02:01,591 - verilog_tb_gen - INFO - Finished vcs_coverage in 3.54 seconds
2025-03-09 14:02:01,592 - verilog_tb_gen - INFO - Reached maximum iterations (3). Stopping retry loop.
2025-03-09 14:02:02,095 - verilog_tb_gen - INFO - Finished vcs_simulate in 0.50 seconds
2025-03-09 14:02:36,836 - verilog_tb_gen - INFO - Finished llm_testbench_align in 34.74 seconds
2025-03-09 14:02:39,888 - verilog_tb_gen - INFO - Finished vcs_simulate_align in 3.05 seconds
2025-03-09 14:03:15,115 - verilog_tb_gen - INFO - Save graph to ./outputs/lang/graph.mmd You can paste this code to https://mermaid.live to generate the chart.
2025-03-09 14:03:15,734 - verilog_tb_gen - INFO - ==================== Generate data: 7079 ====================
2025-03-09 14:03:22,273 - verilog_tb_gen - INFO - Finished llm_function_points in 6.43 seconds
2025-03-09 14:03:24,996 - verilog_tb_gen - INFO - Finished llm_testbench_align in 45.11 seconds
2025-03-09 14:03:28,042 - verilog_tb_gen - INFO - Finished vcs_simulate_align in 3.05 seconds
2025-03-09 14:03:28,044 - verilog_tb_gen - INFO - Successfully generated testbench for 5186
2025-03-09 14:03:28,056 - verilog_tb_gen - INFO - ==================== Time Cost: 200.83794832229614 ====================
2025-03-09 14:03:28,056 - verilog_tb_gen - INFO - ==================== Generate data: 5187 ====================
2025-03-09 14:03:29,021 - verilog_tb_gen - INFO - Finished llm_testcases in 6.75 seconds
2025-03-09 14:03:33,292 - verilog_tb_gen - INFO - Finished llm_function_points in 5.14 seconds
2025-03-09 14:03:38,495 - verilog_tb_gen - INFO - Finished llm_testcases in 5.20 seconds
2025-03-09 14:03:38,659 - verilog_tb_gen - INFO - Finished llm_testbench in 9.63 seconds
2025-03-09 14:03:48,672 - verilog_tb_gen - INFO - ===== Error for 7079 =====
2025-03-09 14:03:48,672 - verilog_tb_gen - INFO - Command '['make', 'vcs', 'sim']' timed out after 10 seconds
2025-03-09 14:03:48,672 - verilog_tb_gen - INFO - ==================== Time Cost: 32.93766474723816 ====================
2025-03-09 14:03:48,672 - verilog_tb_gen - INFO - ==================== Generate data: 7080 ====================
2025-03-09 14:03:52,581 - verilog_tb_gen - INFO - Finished llm_testbench in 14.08 seconds
2025-03-09 14:03:53,933 - verilog_tb_gen - INFO - Finished vcs_compile in 1.35 seconds
2025-03-09 14:03:54,223 - verilog_tb_gen - INFO - Finished llm_function_points in 5.45 seconds
2025-03-09 14:03:58,055 - verilog_tb_gen - INFO - Finished llm_testcases in 3.83 seconds
2025-03-09 14:04:11,239 - verilog_tb_gen - INFO - Finished llm_testbench in 13.18 seconds
2025-03-09 14:04:14,310 - verilog_tb_gen - INFO - Finished vcs_compile in 3.07 seconds
2025-03-09 14:04:16,687 - verilog_tb_gen - INFO - Line coverage at iteration 0 is 70.97%
2025-03-09 14:04:16,687 - verilog_tb_gen - INFO - Finished vcs_coverage in 2.37 seconds
2025-03-09 14:04:20,462 - verilog_tb_gen - INFO - Finished llm_testbench in 26.53 seconds
2025-03-09 14:04:21,834 - verilog_tb_gen - INFO - Finished vcs_compile in 1.37 seconds
2025-03-09 14:04:32,643 - verilog_tb_gen - INFO - Finished llm_testbench in 10.81 seconds
2025-03-09 14:04:33,982 - verilog_tb_gen - INFO - Finished vcs_compile in 1.34 seconds
2025-03-09 14:04:33,982 - verilog_tb_gen - INFO - Reached maximum iterations (3). Stopping retry loop.
2025-03-09 14:04:33,984 - verilog_tb_gen - INFO - Failed to generate testbench for 5187
2025-03-09 14:04:33,991 - verilog_tb_gen - INFO - ==================== Time Cost: 65.93481945991516 ====================
2025-03-09 14:04:33,991 - verilog_tb_gen - INFO - ==================== Generate data: 5188 ====================
2025-03-09 14:04:37,693 - verilog_tb_gen - INFO - Finished llm_coverage in 21.00 seconds
2025-03-09 14:04:40,265 - verilog_tb_gen - INFO - Finished llm_function_points in 6.17 seconds
2025-03-09 14:04:41,473 - verilog_tb_gen - INFO - Line coverage at iteration 1 is 100.0%
2025-03-09 14:04:41,473 - verilog_tb_gen - INFO - Finished vcs_coverage in 3.78 seconds
2025-03-09 14:04:41,988 - verilog_tb_gen - INFO - Finished vcs_simulate in 0.51 seconds
2025-03-09 14:04:46,115 - verilog_tb_gen - INFO - Finished llm_testcases in 5.85 seconds
2025-03-09 14:05:03,742 - verilog_tb_gen - INFO - Finished llm_testbench in 17.63 seconds
2025-03-09 14:05:06,858 - verilog_tb_gen - INFO - Finished vcs_compile in 3.11 seconds
2025-03-09 14:05:06,996 - verilog_tb_gen - INFO - Finished llm_testbench_align in 25.01 seconds
2025-03-09 14:05:09,236 - verilog_tb_gen - INFO - Line coverage at iteration 0 is 100.0%
2025-03-09 14:05:09,236 - verilog_tb_gen - INFO - Finished vcs_coverage in 2.38 seconds
2025-03-09 14:05:09,753 - verilog_tb_gen - INFO - Finished vcs_simulate in 0.52 seconds
2025-03-09 14:05:10,100 - verilog_tb_gen - INFO - Finished vcs_simulate_align in 3.10 seconds
2025-03-09 14:05:22,182 - verilog_tb_gen - INFO - Finished llm_testbench_align in 12.43 seconds
2025-03-09 14:05:25,302 - verilog_tb_gen - INFO - Finished vcs_simulate_align in 3.12 seconds
2025-03-09 14:05:25,304 - verilog_tb_gen - INFO - Successfully generated testbench for 5188
2025-03-09 14:05:25,317 - verilog_tb_gen - INFO - ==================== Time Cost: 51.32602262496948 ====================
2025-03-09 14:05:25,317 - verilog_tb_gen - INFO - ==================== Generate data: 5189 ====================
2025-03-09 14:05:30,906 - verilog_tb_gen - INFO - Finished llm_function_points in 5.49 seconds
2025-03-09 14:05:34,507 - verilog_tb_gen - INFO - Finished llm_testbench_align in 24.40 seconds
2025-03-09 14:05:36,079 - verilog_tb_gen - INFO - Finished llm_testcases in 5.17 seconds
2025-03-09 14:05:37,762 - verilog_tb_gen - INFO - Finished vcs_simulate_align in 3.25 seconds
2025-03-09 14:05:48,098 - verilog_tb_gen - INFO - Finished llm_testbench in 12.02 seconds
2025-03-09 14:05:51,195 - verilog_tb_gen - INFO - Finished vcs_compile in 3.10 seconds
2025-03-09 14:05:53,575 - verilog_tb_gen - INFO - Line coverage at iteration 0 is 85.71%
2025-03-09 14:05:53,576 - verilog_tb_gen - INFO - Finished vcs_coverage in 2.38 seconds
2025-03-09 14:06:02,845 - verilog_tb_gen - INFO - Finished llm_testbench_align in 25.08 seconds
2025-03-09 14:06:06,075 - verilog_tb_gen - INFO - Finished vcs_simulate_align in 3.23 seconds
2025-03-09 14:06:06,076 - verilog_tb_gen - INFO - Reached maximum iterations (3). Stopping retry loop.
2025-03-09 14:06:06,077 - verilog_tb_gen - INFO - Generated testbench for 7080 coverst {'overall': {'score': 98.91, 'line': 100.0, 'condition': 0.0, 'toggle': 96.72, 'branch': 100.0}, 'lines': ["\n17                      \t\tbegin\n18         1/1          \t\t\tcase (REG_NUM)\n19         1/1          \t\t\t\t3'b000: READ_REG = r[0]; \n20         1/1          \t\t\t\t3'b001: READ_REG = r[1];\n21         1/1          \t\t\t\t3'b010: READ_REG = r[2];\n22         1/1          \t\t\t\t3'b011: READ_REG = r[3];\n23         1/1          \t\t\t\t3'b100: READ_REG = r[4];\n24         1/1          \t\t\t\t3'b101: READ_REG = r[5];\n25         1/1          \t\t\t\t3'b110: READ_REG = r[6];\n26         1/1          \t\t\t\t3'b111: READ_REG = r[7];\n                        MISSING_DEFAULT\n27                      \t\t\tendcase\n28                      \t\tend\n29                      \tendfunction\n30                      \n31         1/1          \tassign AR = READ_REG(Rs);\n32         1/1          \tassign BR = READ_REG(Rd);\n33                      \n34                      \talways @ (posedge clock) begin\n35         1/1          \t\tif (reset) begin\n36         1/1          \t\t\tr[0] &lt;= 16'h0000; \n37         1/1          \t\t\tr[1] &lt;= 16'h0000;\n38         1/1          \t\t\tr[2] &lt;= 16'h0000;\n39         1/1          \t\t\tr[3] &lt;= 16'h0000;\n40         1/1          \t\t\tr[4] &lt;= 16'h0000;\n41         1/1          \t\t\tr[5] &lt;= 16'h0000;\n42         1/1          \t\t\tr[6] &lt;= 16'h0000;\n43         1/1          \t\t\tr[7] &lt;= 16'h0000;\n44                      \t\tend else begin\n45         1/1          \t\t\tif(changeEnable) begin\n46         1/1          \t\t\t\tif(regWrite) begin\n47         1/1          \t\t\t\t\tcase (writeRegister)\n48         1/1          \t\t\t\t\t\t3'b000: r[0] &lt;= writeData; \n49         1/1          \t\t\t\t\t\t3'b001: r[1] &lt;= writeData;\n50         1/1          \t\t\t\t\t\t3'b010: r[2] &lt;= writeData;\n51         1/1          \t\t\t\t\t\t3'b011: r[3] &lt;= writeData;\n52         1/1          \t\t\t\t\t\t3'b100: r[4] &lt;= writeData;\n53         1/1          \t\t\t\t\t\t3'b101: r[5] &lt;= writeData;\n54         1/1          \t\t\t\t\t\t3'b110: r[6] &lt;= writeData;\n55         1/1          \t\t\t\t\t\t3'b111: r[7] &lt;= writeData;\n                        MISSING_DEFAULT\n56                      \t\t\t\t\tendcase\n57                      \t\t\t\tend\n                        MISSING_ELSE\n58                      \t\t\tend\n                        MISSING_ELSE\n"]}%
2025-03-09 14:06:06,078 - verilog_tb_gen - INFO - Failed to generate testbench for 7080
2025-03-09 14:06:06,090 - verilog_tb_gen - INFO - ==================== Time Cost: 137.4175307750702 ====================
2025-03-09 14:06:06,090 - verilog_tb_gen - INFO - ==================== Generate data: 7081 ====================
2025-03-09 14:06:07,111 - verilog_tb_gen - INFO - Finished llm_coverage in 13.53 seconds
2025-03-09 14:06:10,778 - verilog_tb_gen - INFO - Line coverage at iteration 1 is 89.29%
2025-03-09 14:06:10,781 - verilog_tb_gen - INFO - Finished vcs_coverage in 3.67 seconds
2025-03-09 14:06:11,226 - verilog_tb_gen - INFO - Finished llm_function_points in 5.04 seconds
2025-03-09 14:06:15,055 - verilog_tb_gen - INFO - Finished llm_testcases in 3.83 seconds
2025-03-09 14:06:27,747 - verilog_tb_gen - INFO - Finished llm_coverage in 16.97 seconds
2025-03-09 14:06:29,111 - verilog_tb_gen - INFO - Finished llm_testbench in 14.05 seconds
2025-03-09 14:06:31,407 - verilog_tb_gen - INFO - Line coverage at iteration 2 is 89.29%
2025-03-09 14:06:31,407 - verilog_tb_gen - INFO - Finished vcs_coverage in 3.66 seconds
2025-03-09 14:06:32,080 - verilog_tb_gen - INFO - Finished vcs_compile in 2.97 seconds
2025-03-09 14:06:34,464 - verilog_tb_gen - INFO - Line coverage at iteration 0 is 100.0%
2025-03-09 14:06:34,464 - verilog_tb_gen - INFO - Finished vcs_coverage in 2.38 seconds
2025-03-09 14:06:34,981 - verilog_tb_gen - INFO - Finished vcs_simulate in 0.52 seconds
2025-03-09 14:06:48,643 - verilog_tb_gen - INFO - Finished llm_testbench_align in 13.66 seconds
2025-03-09 14:06:49,240 - verilog_tb_gen - INFO - Finished llm_coverage in 17.83 seconds
2025-03-09 14:06:51,730 - verilog_tb_gen - INFO - Finished vcs_simulate_align in 3.09 seconds
2025-03-09 14:06:51,732 - verilog_tb_gen - INFO - Successfully generated testbench for 7081
2025-03-09 14:06:51,744 - verilog_tb_gen - INFO - ==================== Time Cost: 45.654245138168335 ====================
2025-03-09 14:06:51,744 - verilog_tb_gen - INFO - ==================== Generate data: 7082 ====================
2025-03-09 14:06:52,855 - verilog_tb_gen - INFO - Line coverage at iteration 3 is 89.29%
2025-03-09 14:06:52,855 - verilog_tb_gen - INFO - Finished vcs_coverage in 3.61 seconds
2025-03-09 14:06:52,856 - verilog_tb_gen - INFO - Reached maximum iterations (3). Stopping retry loop.
2025-03-09 14:06:53,377 - verilog_tb_gen - INFO - Finished vcs_simulate in 0.52 seconds
2025-03-09 14:06:57,725 - verilog_tb_gen - INFO - Finished llm_function_points in 5.88 seconds
2025-03-09 14:07:02,941 - verilog_tb_gen - INFO - Finished llm_testcases in 5.21 seconds
2025-03-09 14:07:12,429 - verilog_tb_gen - INFO - Finished llm_testbench_align in 19.05 seconds
2025-03-09 14:07:15,592 - verilog_tb_gen - INFO - Finished vcs_simulate_align in 3.16 seconds
2025-03-09 14:07:15,594 - verilog_tb_gen - INFO - Successfully generated testbench for 5189
2025-03-09 14:07:15,606 - verilog_tb_gen - INFO - ==================== Time Cost: 110.28927397727966 ====================
2025-03-09 14:07:15,606 - verilog_tb_gen - INFO - ==================== Generate data: 5190 ====================
2025-03-09 14:07:21,849 - verilog_tb_gen - INFO - Finished llm_testbench in 18.91 seconds
2025-03-09 14:07:22,780 - verilog_tb_gen - INFO - Finished llm_function_points in 7.08 seconds
2025-03-09 14:07:24,933 - verilog_tb_gen - INFO - Finished vcs_compile in 3.08 seconds
2025-03-09 14:07:27,080 - verilog_tb_gen - INFO - Line coverage at iteration 0 is 63.33%
2025-03-09 14:07:27,080 - verilog_tb_gen - INFO - Finished vcs_coverage in 2.15 seconds
2025-03-09 14:07:28,616 - verilog_tb_gen - INFO - Finished llm_testcases in 5.83 seconds
2025-03-09 14:07:38,915 - verilog_tb_gen - INFO - Finished llm_testbench in 10.30 seconds
2025-03-09 14:07:41,982 - verilog_tb_gen - INFO - Finished vcs_compile in 3.07 seconds
2025-03-09 14:07:44,100 - verilog_tb_gen - INFO - Line coverage at iteration 0 is 82.35%
2025-03-09 14:07:44,100 - verilog_tb_gen - INFO - Finished vcs_coverage in 2.12 seconds
2025-03-09 14:07:51,948 - verilog_tb_gen - INFO - Finished llm_coverage in 24.87 seconds
2025-03-09 14:07:55,575 - verilog_tb_gen - INFO - Finished llm_coverage in 11.47 seconds
2025-03-09 14:07:55,701 - verilog_tb_gen - INFO - Line coverage at iteration 1 is 63.33%
2025-03-09 14:07:55,701 - verilog_tb_gen - INFO - Finished vcs_coverage in 3.75 seconds
2025-03-09 14:07:59,357 - verilog_tb_gen - INFO - Line coverage at iteration 1 is 82.35%
2025-03-09 14:07:59,357 - verilog_tb_gen - INFO - Finished vcs_coverage in 3.78 seconds
2025-03-09 14:08:12,716 - verilog_tb_gen - INFO - Finished llm_coverage in 13.36 seconds
2025-03-09 14:08:16,400 - verilog_tb_gen - INFO - Line coverage at iteration 2 is 82.35%
2025-03-09 14:08:16,400 - verilog_tb_gen - INFO - Finished vcs_coverage in 3.68 seconds
2025-03-09 14:08:24,994 - verilog_tb_gen - INFO - Save graph to ./outputs/lang/graph.mmd You can paste this code to https://mermaid.live to generate the chart.
2025-03-09 14:08:25,656 - verilog_tb_gen - INFO - ==================== Generate data: 7082 ====================
2025-03-09 14:08:27,313 - verilog_tb_gen - INFO - Finished llm_coverage in 10.91 seconds
2025-03-09 14:08:30,365 - verilog_tb_gen - INFO - Finished llm_function_points in 4.61 seconds
2025-03-09 14:08:30,928 - verilog_tb_gen - INFO - Line coverage at iteration 3 is 82.35%
2025-03-09 14:08:30,928 - verilog_tb_gen - INFO - Finished vcs_coverage in 3.61 seconds
2025-03-09 14:08:30,928 - verilog_tb_gen - INFO - Reached maximum iterations (3). Stopping retry loop.
2025-03-09 14:08:31,439 - verilog_tb_gen - INFO - Finished vcs_simulate in 0.51 seconds
2025-03-09 14:08:36,103 - verilog_tb_gen - INFO - Finished llm_testcases in 5.74 seconds
2025-03-09 14:08:43,358 - verilog_tb_gen - INFO - Save graph to ./outputs/lang/graph.mmd You can paste this code to https://mermaid.live to generate the chart.
2025-03-09 14:08:44,015 - verilog_tb_gen - INFO - ==================== Generate data: 7100 ====================
2025-03-09 14:08:45,559 - verilog_tb_gen - INFO - Finished llm_testbench_align in 14.12 seconds
2025-03-09 14:08:48,577 - verilog_tb_gen - INFO - Finished vcs_simulate_align in 3.02 seconds
2025-03-09 14:08:48,580 - verilog_tb_gen - INFO - Successfully generated testbench for 5190
2025-03-09 14:08:48,592 - verilog_tb_gen - INFO - ==================== Time Cost: 92.9853675365448 ====================
2025-03-09 14:08:48,592 - verilog_tb_gen - INFO - ==================== Generate data: 5191 ====================
2025-03-09 14:08:48,987 - verilog_tb_gen - INFO - Finished llm_function_points in 4.87 seconds
2025-03-09 14:08:52,953 - verilog_tb_gen - INFO - Save graph to ./outputs/lang/graph.mmd You can paste this code to https://mermaid.live to generate the chart.
2025-03-09 14:08:53,137 - verilog_tb_gen - INFO - Finished llm_function_points in 4.44 seconds
2025-03-09 14:08:53,618 - verilog_tb_gen - INFO - ==================== Generate data: 7120 ====================
2025-03-09 14:08:55,500 - verilog_tb_gen - INFO - Finished llm_testbench in 19.40 seconds
2025-03-09 14:08:55,511 - verilog_tb_gen - INFO - Finished llm_testcases in 6.52 seconds
2025-03-09 14:08:58,267 - verilog_tb_gen - INFO - Finished llm_function_points in 4.55 seconds
2025-03-09 14:08:58,431 - verilog_tb_gen - INFO - Finished vcs_compile in 2.93 seconds
2025-03-09 14:08:58,837 - verilog_tb_gen - INFO - Finished llm_testcases in 5.70 seconds
2025-03-09 14:09:00,720 - verilog_tb_gen - INFO - Line coverage at iteration 0 is 63.33%
2025-03-09 14:09:00,720 - verilog_tb_gen - INFO - Finished vcs_coverage in 2.29 seconds
2025-03-09 14:09:05,654 - verilog_tb_gen - INFO - Finished llm_testcases in 7.39 seconds
2025-03-09 14:09:08,318 - verilog_tb_gen - INFO - Save graph to ./outputs/lang/graph.mmd You can paste this code to https://mermaid.live to generate the chart.
2025-03-09 14:09:08,975 - verilog_tb_gen - INFO - ==================== Generate data: 7140 ====================
2025-03-09 14:09:12,365 - verilog_tb_gen - INFO - Finished llm_testbench in 13.53 seconds
2025-03-09 14:09:15,465 - verilog_tb_gen - INFO - Finished vcs_compile in 3.10 seconds
2025-03-09 14:09:16,165 - verilog_tb_gen - INFO - Finished llm_testbench in 10.51 seconds
2025-03-09 14:09:17,418 - verilog_tb_gen - INFO - Finished vcs_compile in 1.25 seconds
2025-03-09 14:09:17,771 - verilog_tb_gen - INFO - Line coverage at iteration 0 is 97.96%
2025-03-09 14:09:17,771 - verilog_tb_gen - INFO - Finished vcs_coverage in 2.30 seconds
2025-03-09 14:09:18,285 - verilog_tb_gen - INFO - Finished vcs_simulate in 0.51 seconds
2025-03-09 14:09:20,298 - verilog_tb_gen - INFO - Finished llm_coverage in 19.58 seconds
2025-03-09 14:09:21,057 - verilog_tb_gen - INFO - Finished llm_function_points in 11.98 seconds
2025-03-09 14:09:23,462 - verilog_tb_gen - INFO - Save graph to ./outputs/lang/graph.mmd You can paste this code to https://mermaid.live to generate the chart.
2025-03-09 14:09:23,819 - verilog_tb_gen - INFO - Line coverage at iteration 1 is 63.33%
2025-03-09 14:09:23,819 - verilog_tb_gen - INFO - Finished vcs_coverage in 3.52 seconds
2025-03-09 14:09:24,156 - verilog_tb_gen - INFO - ==================== Generate data: 7160 ====================
2025-03-09 14:09:24,210 - verilog_tb_gen - INFO - Finished llm_testbench in 28.70 seconds
2025-03-09 14:09:26,006 - verilog_tb_gen - INFO - Finished llm_testcases in 4.95 seconds
2025-03-09 14:09:27,140 - verilog_tb_gen - INFO - Finished vcs_compile in 2.93 seconds
2025-03-09 14:09:28,917 - verilog_tb_gen - INFO - Finished llm_function_points in 4.66 seconds
2025-03-09 14:09:29,155 - verilog_tb_gen - INFO - Finished llm_testbench_align in 10.87 seconds
2025-03-09 14:09:29,347 - verilog_tb_gen - INFO - Line coverage at iteration 0 is 100.0%
2025-03-09 14:09:29,347 - verilog_tb_gen - INFO - Finished vcs_coverage in 2.21 seconds
2025-03-09 14:09:29,859 - verilog_tb_gen - INFO - Finished vcs_simulate in 0.51 seconds
2025-03-09 14:09:30,319 - verilog_tb_gen - INFO - Finished llm_testbench in 12.90 seconds
2025-03-09 14:09:32,179 - verilog_tb_gen - INFO - Finished vcs_simulate_align in 3.02 seconds
2025-03-09 14:09:32,181 - verilog_tb_gen - INFO - Successfully generated testbench for 5191
2025-03-09 14:09:32,193 - verilog_tb_gen - INFO - ==================== Time Cost: 43.60128331184387 ====================
2025-03-09 14:09:32,194 - verilog_tb_gen - INFO - ==================== Generate data: 5192 ====================
2025-03-09 14:09:33,286 - verilog_tb_gen - INFO - Finished vcs_compile in 2.97 seconds
2025-03-09 14:09:34,236 - verilog_tb_gen - INFO - Finished llm_testcases in 5.32 seconds
2025-03-09 14:09:35,486 - verilog_tb_gen - INFO - Line coverage at iteration 0 is 100.0%
2025-03-09 14:09:35,486 - verilog_tb_gen - INFO - Finished vcs_coverage in 2.20 seconds
2025-03-09 14:09:35,990 - verilog_tb_gen - INFO - Finished vcs_simulate in 0.50 seconds
2025-03-09 14:09:37,016 - verilog_tb_gen - INFO - Finished llm_testbench in 11.01 seconds
2025-03-09 14:09:37,303 - verilog_tb_gen - INFO - Finished llm_function_points in 5.01 seconds
2025-03-09 14:09:39,907 - verilog_tb_gen - INFO - Finished vcs_compile in 2.89 seconds
2025-03-09 14:09:40,658 - verilog_tb_gen - INFO - Save graph to ./outputs/lang/graph.mmd You can paste this code to https://mermaid.live to generate the chart.
2025-03-09 14:09:41,322 - verilog_tb_gen - INFO - ==================== Generate data: 7180 ====================
2025-03-09 14:09:42,190 - verilog_tb_gen - INFO - Line coverage at iteration 0 is 100.0%
2025-03-09 14:09:42,190 - verilog_tb_gen - INFO - Finished vcs_coverage in 2.28 seconds
2025-03-09 14:09:42,697 - verilog_tb_gen - INFO - Finished vcs_simulate in 0.51 seconds
2025-03-09 14:09:42,951 - verilog_tb_gen - INFO - Finished llm_testcases in 5.65 seconds
2025-03-09 14:09:46,683 - verilog_tb_gen - INFO - Finished llm_function_points in 5.26 seconds
2025-03-09 14:09:49,469 - verilog_tb_gen - INFO - Finished llm_testbench_align in 13.48 seconds
2025-03-09 14:09:51,536 - verilog_tb_gen - INFO - Finished llm_testcases in 4.85 seconds
2025-03-09 14:09:52,430 - verilog_tb_gen - INFO - Finished vcs_simulate_align in 2.96 seconds
2025-03-09 14:09:53,609 - verilog_tb_gen - INFO - Finished llm_testbench in 19.37 seconds
2025-03-09 14:09:55,055 - verilog_tb_gen - INFO - Finished llm_testbench_align in 25.19 seconds
2025-03-09 14:09:55,398 - verilog_tb_gen - INFO - Finished llm_testbench in 12.45 seconds
2025-03-09 14:09:56,531 - verilog_tb_gen - INFO - Finished vcs_compile in 2.92 seconds
2025-03-09 14:09:58,162 - verilog_tb_gen - INFO - Finished vcs_simulate_align in 3.10 seconds
2025-03-09 14:09:58,164 - verilog_tb_gen - INFO - Successfully generated testbench for 7100
2025-03-09 14:09:58,176 - verilog_tb_gen - INFO - ==================== Time Cost: 74.16058397293091 ====================
2025-03-09 14:09:58,176 - verilog_tb_gen - INFO - ==================== Generate data: 7101 ====================
2025-03-09 14:09:58,476 - verilog_tb_gen - INFO - Finished vcs_compile in 3.08 seconds
2025-03-09 14:09:58,805 - verilog_tb_gen - INFO - Line coverage at iteration 0 is 100.0%
2025-03-09 14:09:58,805 - verilog_tb_gen - INFO - Finished vcs_coverage in 2.27 seconds
2025-03-09 14:09:59,317 - verilog_tb_gen - INFO - Finished vcs_simulate in 0.51 seconds
2025-03-09 14:10:00,038 - verilog_tb_gen - INFO - Finished llm_coverage in 36.22 seconds
2025-03-09 14:10:00,107 - verilog_tb_gen - INFO - Finished llm_testbench_align in 17.41 seconds
2025-03-09 14:10:00,745 - verilog_tb_gen - INFO - Line coverage at iteration 0 is 100.0%
2025-03-09 14:10:00,745 - verilog_tb_gen - INFO - Finished vcs_coverage in 2.27 seconds
2025-03-09 14:10:01,263 - verilog_tb_gen - INFO - Finished vcs_simulate in 0.52 seconds
2025-03-09 14:10:02,598 - verilog_tb_gen - INFO - Finished llm_function_points in 4.32 seconds
2025-03-09 14:10:03,078 - verilog_tb_gen - INFO - Finished llm_testbench in 11.54 seconds
2025-03-09 14:10:03,090 - verilog_tb_gen - INFO - Finished vcs_simulate_align in 2.98 seconds
2025-03-09 14:10:03,092 - verilog_tb_gen - INFO - Successfully generated testbench for 7140
2025-03-09 14:10:03,104 - verilog_tb_gen - INFO - ==================== Time Cost: 54.12868881225586 ====================
2025-03-09 14:10:03,104 - verilog_tb_gen - INFO - ==================== Generate data: 7141 ====================
2025-03-09 14:10:03,663 - verilog_tb_gen - INFO - Line coverage at iteration 2 is 63.33%
2025-03-09 14:10:03,663 - verilog_tb_gen - INFO - Finished vcs_coverage in 3.62 seconds
2025-03-09 14:10:04,938 - verilog_tb_gen - INFO - Finished llm_testbench_align in 12.51 seconds
2025-03-09 14:10:05,928 - verilog_tb_gen - INFO - Finished vcs_compile in 2.85 seconds
2025-03-09 14:10:06,298 - verilog_tb_gen - INFO - Finished llm_testcases in 3.70 seconds
2025-03-09 14:10:07,995 - verilog_tb_gen - INFO - Finished vcs_simulate_align in 3.06 seconds
2025-03-09 14:10:08,216 - verilog_tb_gen - INFO - Line coverage at iteration 0 is 100.0%
2025-03-09 14:10:08,217 - verilog_tb_gen - INFO - Finished vcs_coverage in 2.29 seconds
2025-03-09 14:10:08,719 - verilog_tb_gen - INFO - Finished vcs_simulate in 0.50 seconds
2025-03-09 14:10:09,052 - verilog_tb_gen - INFO - Finished llm_function_points in 5.85 seconds
2025-03-09 14:10:13,907 - verilog_tb_gen - INFO - Finished llm_testbench_align in 12.64 seconds
2025-03-09 14:10:15,679 - verilog_tb_gen - INFO - Finished llm_testcases in 6.62 seconds
2025-03-09 14:10:16,832 - verilog_tb_gen - INFO - Finished vcs_simulate_align in 2.92 seconds
2025-03-09 14:10:16,834 - verilog_tb_gen - INFO - Successfully generated testbench for 5192
2025-03-09 14:10:16,847 - verilog_tb_gen - INFO - ==================== Time Cost: 44.653218507766724 ====================
2025-03-09 14:10:16,847 - verilog_tb_gen - INFO - ==================== Generate data: 5193 ====================
2025-03-09 14:10:20,142 - verilog_tb_gen - INFO - Finished llm_testbench_align in 12.15 seconds
2025-03-09 14:10:20,592 - verilog_tb_gen - INFO - Finished llm_testbench_align in 11.87 seconds
2025-03-09 14:10:21,742 - verilog_tb_gen - INFO - Finished llm_testbench in 15.44 seconds
2025-03-09 14:10:22,181 - verilog_tb_gen - INFO - Finished llm_function_points in 5.22 seconds
2025-03-09 14:10:23,230 - verilog_tb_gen - INFO - Finished vcs_simulate_align in 3.09 seconds
2025-03-09 14:10:23,231 - verilog_tb_gen - INFO - Reached maximum iterations (3). Stopping retry loop.
2025-03-09 14:10:23,232 - verilog_tb_gen - INFO - Generated testbench for 7120 coverst {'overall': {'score': 88.76, 'line': 100.0, 'condition': 83.33, 'toggle': 77.94, 'branch': 93.75}, 'lines': ['\n10                      \n11         1/1          wire sclk_w = sck_i ^ spi_mode_i[1];\n12                      \n13                      reg [2:0] sck_r = 0;\n14         1/1          wire sck_risingedge_w = (sck_r[2:1] == {spi_mode_i[0], ~spi_mode_i[0]});\n15         1/1          wire sck_fallingedge_w = (sck_r[2:1] == {~spi_mode_i[0], spi_mode_i[0]});\n16                      \n17                      reg [2:0] ssel_r = 3\'b111;\n18         1/1          wire ssel_active_w = ~ssel_r[1];  \n19                      \n20                      reg [1:0] mosi_r = 0;\n21                      \n22                      reg [2:0] bitcnt_r;\n23                      \n24                      reg byte_received_r;  \n25                      reg [7:0] byte_data_received_r;\n26                      reg [1:0] data_ready_r = 0;\n27                      reg [7:0] data_r;\n28                      \n29         1/1          assign ready_o = data_ready_r[1];\n30         1/1          assign data_o = data_r;\n31                      \n32                      always @(posedge clk_i) begin\n33         1/1          \tif (reset_i) begin\n34         1/1          \t\tdata_ready_r &lt;= 0;\n35         1/1          \t\tsck_r &lt;= 0;\n36         1/1          \t\tssel_r &lt;= 3\'b111;\n37         1/1          \t\tmosi_r &lt;= 0;\n38                      \tend\n39                      \telse begin\n40         1/1          \t\tsck_r &lt;= {sck_r[1:0], sclk_w};\n41         1/1          \t\tssel_r &lt;= {ssel_r[1:0], ssel_i};\n42         1/1          \t\tmosi_r &lt;= {mosi_r[0], mosi_i};\n43         1/1          \t\tbyte_received_r &lt;= ssel_active_w &amp;&amp; sck_risingedge_w &amp;&amp; (bitcnt_r==3\'d7);\n44         1/1          \t\tif(~ssel_active_w)\n45         1/1          \t\t\tbitcnt_r &lt;= 0;\n46         1/1          \t\telse if(sck_risingedge_w) begin\n47         1/1          \t\t\tbitcnt_r &lt;= bitcnt_r + 1\'b1;\n48                      \n49         1/1          \t\t\tbyte_data_received_r &lt;= {byte_data_received_r[6:0], mosi_r[1]};\n50                      \t\tend\n                        MISSING_ELSE\n51         1/1          \t\tif(byte_received_r)\n52         1/1          \t\t\tdata_r &lt;= byte_data_received_r;\n                        MISSING_ELSE\n53         1/1          \t\tdata_ready_r &lt;= {data_ready_r[0], byte_received_r};\n54                      \tend\n55                      end\n56                      \n57                      reg [7:0] byte_data_sent_r;\n58                      reg [7:0] cnt_r;\n59                      \n60         1/1          wire ssel_start_w = (ssel_r[2:1]==2\'b10);\n61                      \n62         1/1          assign miso_o = ssel_active_w ? byte_data_sent_r[7] : 1\'bz;\n63                      \n64                      always @(posedge clk_i) begin\n65         1/1          \tif(ssel_active_w)\n66                      \tbegin\n67         1/1          \t\tif (~reset_i) begin\n68         1/1          \t\t\tif(ssel_start_w)\n69         1/1          \t\t\t\tcnt_r&lt;=cnt_r + 1\'b1;\n                        MISSING_ELSE\n70         1/1          \t\t\tif(ssel_start_w)\n71         1/1          \t\t\t\tbyte_data_sent_r &lt;= 0;  \n72         1/1          \t\t\telse if(sck_fallingedge_w) begin\n73         1/1          \t\t\t\tif(bitcnt_r==3\'b0)\n74         1/1          \t\t\t\t\tbyte_data_sent_r &lt;= byte_data_received_r; \n75                      \t\t\t\telse\n76         1/1          \t\t\t\t\tbyte_data_sent_r &lt;= {byte_data_sent_r[6:0], 1\'b0};\n77                      \t\t\tend\n                        MISSING_ELSE\n78                      \t\tend\n                   <font color = "red">==>  MISSING_ELSE</font>\n79                      \tend\n                        MISSING_ELSE\n']}%
2025-03-09 14:10:23,232 - verilog_tb_gen - INFO - Failed to generate testbench for 7120
2025-03-09 14:10:23,245 - verilog_tb_gen - INFO - ==================== Time Cost: 89.62682366371155 ====================
2025-03-09 14:10:23,245 - verilog_tb_gen - INFO - ==================== Generate data: 7121 ====================
2025-03-09 14:10:23,489 - verilog_tb_gen - INFO - Finished llm_testbench_align in 24.17 seconds
2025-03-09 14:10:23,614 - verilog_tb_gen - INFO - Finished vcs_simulate_align in 3.02 seconds
2025-03-09 14:10:23,616 - verilog_tb_gen - INFO - Successfully generated testbench for 7180
2025-03-09 14:10:23,629 - verilog_tb_gen - INFO - ==================== Time Cost: 42.307536125183105 ====================
2025-03-09 14:10:23,629 - verilog_tb_gen - INFO - ==================== Generate data: 7181 ====================
2025-03-09 14:10:24,790 - verilog_tb_gen - INFO - Finished vcs_compile in 3.05 seconds
2025-03-09 14:10:25,102 - verilog_tb_gen - INFO - Finished llm_coverage in 21.44 seconds
2025-03-09 14:10:26,527 - verilog_tb_gen - INFO - Finished vcs_simulate_align in 3.04 seconds
2025-03-09 14:10:26,529 - verilog_tb_gen - INFO - Successfully generated testbench for 7160
2025-03-09 14:10:26,541 - verilog_tb_gen - INFO - ==================== Time Cost: 62.38534355163574 ====================
2025-03-09 14:10:26,542 - verilog_tb_gen - INFO - ==================== Generate data: 7161 ====================
2025-03-09 14:10:26,631 - verilog_tb_gen - INFO - Finished llm_testcases in 4.45 seconds
2025-03-09 14:10:27,092 - verilog_tb_gen - INFO - Line coverage at iteration 0 is 77.42%
2025-03-09 14:10:27,092 - verilog_tb_gen - INFO - Finished vcs_coverage in 2.30 seconds
2025-03-09 14:10:28,684 - verilog_tb_gen - INFO - Line coverage at iteration 3 is 63.33%
2025-03-09 14:10:28,684 - verilog_tb_gen - INFO - Finished vcs_coverage in 3.58 seconds
2025-03-09 14:10:28,684 - verilog_tb_gen - INFO - Reached maximum iterations (3). Stopping retry loop.
2025-03-09 14:10:29,087 - verilog_tb_gen - INFO - Finished llm_function_points in 5.74 seconds
2025-03-09 14:10:29,193 - verilog_tb_gen - INFO - Finished vcs_simulate in 0.51 seconds
2025-03-09 14:10:29,234 - verilog_tb_gen - INFO - Finished llm_function_points in 5.51 seconds
2025-03-09 14:10:33,030 - verilog_tb_gen - INFO - Finished llm_function_points in 6.39 seconds
2025-03-09 14:10:33,354 - verilog_tb_gen - INFO - Finished llm_testbench in 17.67 seconds
2025-03-09 14:10:33,959 - verilog_tb_gen - INFO - Finished llm_testcases in 4.72 seconds
2025-03-09 14:10:35,699 - verilog_tb_gen - INFO - Finished llm_testcases in 6.61 seconds
2025-03-09 14:10:36,282 - verilog_tb_gen - INFO - Finished vcs_compile in 2.93 seconds
2025-03-09 14:10:37,274 - verilog_tb_gen - INFO - Finished llm_testbench in 10.64 seconds
2025-03-09 14:10:38,488 - verilog_tb_gen - INFO - Line coverage at iteration 0 is 87.8%
2025-03-09 14:10:38,488 - verilog_tb_gen - INFO - Finished vcs_coverage in 2.20 seconds
2025-03-09 14:10:39,922 - verilog_tb_gen - INFO - Finished llm_testcases in 6.89 seconds
2025-03-09 14:10:40,219 - verilog_tb_gen - INFO - Finished vcs_compile in 2.94 seconds
2025-03-09 14:10:42,434 - verilog_tb_gen - INFO - Line coverage at iteration 0 is 100.0%
2025-03-09 14:10:42,435 - verilog_tb_gen - INFO - Finished vcs_coverage in 2.21 seconds
2025-03-09 14:10:42,929 - verilog_tb_gen - INFO - Finished vcs_simulate in 0.49 seconds
2025-03-09 14:10:43,585 - verilog_tb_gen - INFO - Finished llm_coverage in 16.49 seconds
2025-03-09 14:10:44,744 - verilog_tb_gen - INFO - Finished llm_testbench in 10.78 seconds
2025-03-09 14:10:47,171 - verilog_tb_gen - INFO - Line coverage at iteration 1 is 77.42%
2025-03-09 14:10:47,171 - verilog_tb_gen - INFO - Finished vcs_coverage in 3.59 seconds
2025-03-09 14:10:47,523 - verilog_tb_gen - INFO - Finished llm_testbench in 11.82 seconds
2025-03-09 14:10:47,733 - verilog_tb_gen - INFO - Finished vcs_compile in 2.99 seconds
2025-03-09 14:10:50,006 - verilog_tb_gen - INFO - Line coverage at iteration 0 is 5.36%
2025-03-09 14:10:50,006 - verilog_tb_gen - INFO - Finished vcs_coverage in 2.27 seconds
2025-03-09 14:10:50,472 - verilog_tb_gen - INFO - Finished vcs_compile in 2.95 seconds
2025-03-09 14:10:50,769 - verilog_tb_gen - INFO - Finished llm_testbench_align in 21.58 seconds
2025-03-09 14:10:52,386 - verilog_tb_gen - INFO - Finished llm_testbench in 12.46 seconds
2025-03-09 14:10:52,748 - verilog_tb_gen - INFO - Line coverage at iteration 0 is 88.89%
2025-03-09 14:10:52,748 - verilog_tb_gen - INFO - Finished vcs_coverage in 2.27 seconds
2025-03-09 14:10:53,831 - verilog_tb_gen - INFO - Finished vcs_simulate_align in 3.06 seconds
2025-03-09 14:10:55,350 - verilog_tb_gen - INFO - Finished vcs_compile in 2.96 seconds
2025-03-09 14:10:57,527 - verilog_tb_gen - INFO - Line coverage at iteration 0 is 100.0%
2025-03-09 14:10:57,527 - verilog_tb_gen - INFO - Finished vcs_coverage in 2.18 seconds
2025-03-09 14:10:58,037 - verilog_tb_gen - INFO - Finished vcs_simulate in 0.51 seconds
2025-03-09 14:10:59,189 - verilog_tb_gen - INFO - Finished llm_testbench_align in 16.26 seconds
2025-03-09 14:11:02,122 - verilog_tb_gen - INFO - Finished vcs_simulate_align in 2.93 seconds
2025-03-09 14:11:02,124 - verilog_tb_gen - INFO - Successfully generated testbench for 5193
2025-03-09 14:11:02,137 - verilog_tb_gen - INFO - ==================== Time Cost: 45.28952145576477 ====================
2025-03-09 14:11:02,137 - verilog_tb_gen - INFO - ==================== Generate data: 5194 ====================
2025-03-09 14:11:02,396 - verilog_tb_gen - INFO - Finished llm_coverage in 12.39 seconds
2025-03-09 14:11:04,121 - verilog_tb_gen - INFO - Line coverage at iteration 1 is 5.36%
2025-03-09 14:11:04,121 - verilog_tb_gen - INFO - Finished vcs_coverage in 1.72 seconds
2025-03-09 14:11:05,433 - verilog_tb_gen - INFO - Finished llm_coverage in 12.68 seconds
2025-03-09 14:11:06,000 - verilog_tb_gen - INFO - Finished llm_coverage in 18.83 seconds
2025-03-09 14:11:07,092 - verilog_tb_gen - INFO - Finished llm_function_points in 4.86 seconds
2025-03-09 14:11:08,975 - verilog_tb_gen - INFO - Line coverage at iteration 1 is 92.59%
2025-03-09 14:11:08,976 - verilog_tb_gen - INFO - Finished vcs_coverage in 3.54 seconds
2025-03-09 14:11:09,485 - verilog_tb_gen - INFO - Finished vcs_simulate in 0.51 seconds
2025-03-09 14:11:09,601 - verilog_tb_gen - INFO - Line coverage at iteration 2 is 77.42%
2025-03-09 14:11:09,602 - verilog_tb_gen - INFO - Finished vcs_coverage in 3.60 seconds
2025-03-09 14:11:12,586 - verilog_tb_gen - INFO - Finished llm_testbench_align in 14.55 seconds
2025-03-09 14:11:13,443 - verilog_tb_gen - INFO - Finished llm_testcases in 6.35 seconds
2025-03-09 14:11:15,400 - verilog_tb_gen - INFO - Finished llm_coverage in 36.91 seconds
2025-03-09 14:11:15,575 - verilog_tb_gen - INFO - Finished vcs_simulate_align in 2.99 seconds
2025-03-09 14:11:15,577 - verilog_tb_gen - INFO - Successfully generated testbench for 7161
2025-03-09 14:11:15,588 - verilog_tb_gen - INFO - ==================== Time Cost: 49.046942949295044 ====================
2025-03-09 14:11:15,589 - verilog_tb_gen - INFO - ==================== Generate data: 7162 ====================
2025-03-09 14:11:17,272 - verilog_tb_gen - INFO - Finished llm_testbench_align in 23.44 seconds
2025-03-09 14:11:18,047 - verilog_tb_gen - INFO - Finished llm_coverage in 13.92 seconds
2025-03-09 14:11:19,022 - verilog_tb_gen - INFO - Line coverage at iteration 1 is 97.56%
2025-03-09 14:11:19,022 - verilog_tb_gen - INFO - Finished vcs_coverage in 3.62 seconds
2025-03-09 14:11:19,540 - verilog_tb_gen - INFO - Finished vcs_simulate in 0.52 seconds
2025-03-09 14:11:19,893 - verilog_tb_gen - INFO - Line coverage at iteration 2 is 5.36%
2025-03-09 14:11:19,893 - verilog_tb_gen - INFO - Finished vcs_coverage in 1.85 seconds
2025-03-09 14:11:20,325 - verilog_tb_gen - INFO - Finished vcs_simulate_align in 3.05 seconds
2025-03-09 14:11:21,437 - verilog_tb_gen - INFO - Finished llm_function_points in 5.75 seconds
2025-03-09 14:11:24,593 - verilog_tb_gen - INFO - Finished llm_testbench_align in 15.11 seconds
2025-03-09 14:11:27,516 - verilog_tb_gen - INFO - Finished vcs_simulate_align in 2.92 seconds
2025-03-09 14:11:27,518 - verilog_tb_gen - INFO - Successfully generated testbench for 7121
2025-03-09 14:11:27,530 - verilog_tb_gen - INFO - ==================== Time Cost: 64.28465008735657 ====================
2025-03-09 14:11:27,530 - verilog_tb_gen - INFO - ==================== Generate data: 7122 ====================
2025-03-09 14:11:28,088 - verilog_tb_gen - INFO - Finished llm_testcases in 6.65 seconds
2025-03-09 14:11:29,004 - verilog_tb_gen - INFO - Finished llm_coverage in 19.40 seconds
2025-03-09 14:11:32,004 - verilog_tb_gen - INFO - Finished llm_coverage in 12.11 seconds
2025-03-09 14:11:32,512 - verilog_tb_gen - INFO - Finished llm_testbench in 19.07 seconds
2025-03-09 14:11:32,522 - verilog_tb_gen - INFO - Line coverage at iteration 3 is 77.42%
2025-03-09 14:11:32,522 - verilog_tb_gen - INFO - Finished vcs_coverage in 3.52 seconds
2025-03-09 14:11:32,523 - verilog_tb_gen - INFO - Reached maximum iterations (3). Stopping retry loop.
2025-03-09 14:11:33,033 - verilog_tb_gen - INFO - Finished vcs_simulate in 0.51 seconds
2025-03-09 14:11:33,768 - verilog_tb_gen - INFO - Line coverage at iteration 3 is 5.36%
2025-03-09 14:11:33,768 - verilog_tb_gen - INFO - Finished vcs_coverage in 1.76 seconds
2025-03-09 14:11:33,769 - verilog_tb_gen - INFO - Reached maximum iterations (3). Stopping retry loop.
2025-03-09 14:11:33,773 - verilog_tb_gen - INFO - ===== Error for 7181 =====
2025-03-09 14:11:33,773 - verilog_tb_gen - INFO - list index out of range
2025-03-09 14:11:33,774 - verilog_tb_gen - INFO - ==================== Time Cost: 70.14416122436523 ====================
2025-03-09 14:11:33,774 - verilog_tb_gen - INFO - ==================== Generate data: 7182 ====================
2025-03-09 14:11:33,893 - verilog_tb_gen - INFO - Finished llm_function_points in 6.26 seconds
2025-03-09 14:11:35,431 - verilog_tb_gen - INFO - Finished vcs_compile in 2.92 seconds
2025-03-09 14:11:36,784 - verilog_tb_gen - INFO - Finished llm_testbench in 8.69 seconds
2025-03-09 14:11:37,631 - verilog_tb_gen - INFO - Line coverage at iteration 0 is 100.0%
2025-03-09 14:11:37,631 - verilog_tb_gen - INFO - Finished vcs_coverage in 2.20 seconds
2025-03-09 14:11:38,136 - verilog_tb_gen - INFO - Finished vcs_simulate in 0.50 seconds
2025-03-09 14:11:38,354 - verilog_tb_gen - INFO - Finished llm_function_points in 4.48 seconds
2025-03-09 14:11:38,505 - verilog_tb_gen - INFO - Finished llm_testcases in 4.61 seconds
2025-03-09 14:11:39,703 - verilog_tb_gen - INFO - Finished vcs_compile in 2.92 seconds
2025-03-09 14:11:41,884 - verilog_tb_gen - INFO - Line coverage at iteration 0 is 96.15%
2025-03-09 14:11:41,884 - verilog_tb_gen - INFO - Finished vcs_coverage in 2.18 seconds
2025-03-09 14:11:42,106 - verilog_tb_gen - INFO - Finished llm_testbench_align in 22.56 seconds
2025-03-09 14:11:42,392 - verilog_tb_gen - INFO - Finished vcs_simulate in 0.51 seconds
2025-03-09 14:11:43,839 - verilog_tb_gen - INFO - Finished llm_testcases in 5.48 seconds
2025-03-09 14:11:44,224 - verilog_tb_gen - INFO - Finished llm_testbench_align in 23.90 seconds
2025-03-09 14:11:45,151 - verilog_tb_gen - INFO - Finished vcs_simulate_align in 3.04 seconds
2025-03-09 14:11:45,154 - verilog_tb_gen - INFO - Successfully generated testbench for 7141
2025-03-09 14:11:45,166 - verilog_tb_gen - INFO - ==================== Time Cost: 102.06190419197083 ====================
2025-03-09 14:11:45,166 - verilog_tb_gen - INFO - ==================== Generate data: 7142 ====================
2025-03-09 14:11:47,223 - verilog_tb_gen - INFO - Finished vcs_simulate_align in 3.00 seconds
2025-03-09 14:11:47,224 - verilog_tb_gen - INFO - Reached maximum iterations (3). Stopping retry loop.
2025-03-09 14:11:47,225 - verilog_tb_gen - INFO - Generated testbench for 7082 coverst {'overall': {'score': 47.75, 'line': 63.33, 'condition': 42.86, 'toggle': 30.26, 'branch': 54.55}, 'lines': ['\n57                      \n58         1/1            assign HBUSREQ = {HBUSREQ2, HBUSREQ1, HBUSREQ0};\n59                      \n60                        always @ (HBUSREQ or AddrMaster)\n61                          begin\n62                      \n63                          end \n64                      \n65                        always @ (iHMASTLOCK or HoldLock or AddrMaster or TopRequest)\n66                          begin\n67         1/1                if  ( (iHMASTLOCK  || HoldLock ) )\n68         <font color = "red">0/1     ==>          GrantMaster  = AddrMaster ;</font>\n69                            else\n70         1/1                  GrantMaster  = TopRequest ;\n71                          end\n72                      \n73                        always @ ( GrantMaster )\n74                          begin\n75                      \n76         <font color = "red">0/1     ==>        HGRANT0 = 1\'b0;</font>\n77         <font color = "red">0/1     ==>        HGRANT1 = 1\'b0;</font>\n78         <font color = "red">0/1     ==>        HGRANT2 = 1\'b0;</font>\n79         <font color = "red">0/1     ==>        case ( GrantMaster ) </font>\n80         <font color = "red">0/1     ==>          3\'b000: HGRANT0 = 1\'b1;</font>\n81         <font color = "red">0/1     ==>          3\'b001: HGRANT1 = 1\'b1;</font>\n82         <font color = "red">0/1     ==>          3\'b010: HGRANT2 = 1\'b1;</font>\n                   <font color = "red">==>  MISSING_DEFAULT</font>\n83                            endcase \n84                          end \n85                      \n86                        always @ (posedge HCLK or negedge HRESETn)\n87                          begin\n88         1/1                if (!HRESETn)\n89         1/1                  AddrMaster &lt;=#1 3\'b000 ;\n90         1/1                else if  ( HREADY )\n91         1/1                  AddrMaster  &lt;=#1 ( HTRANS==`TRN_BUSY )? AddrMaster :GrantMaster ;\n                        MISSING_ELSE\n92                          end \n93                      \n94         1/1              assign HMASTER  = AddrMaster ;\n95                      \n96                        always @ ( GrantMaster or HLOCK0 or HLOCK1 or HLOCK2 )\n97                        begin\n98         1/1              case ( GrantMaster )\n99         <font color = "red">0/1     ==>        3\'b000: Lock  = HLOCK0;</font>\n100        <font color = "red">0/1     ==>        3\'b001: Lock  = HLOCK1;</font>\n101        <font color = "red">0/1     ==>        3\'b010: Lock  = HLOCK2;</font>\n102        1/1                default : Lock  = 1\'b0;\n103                         endcase\n104                       end \n105                     \n106                       always @ (posedge HCLK or negedge HRESETn)\n107                         begin\n108        1/1                if  (!HRESETn)\n109        1/1                  iHMASTLOCK  &lt;=#1 1\'b0 ;\n110        1/1                else if  ( HREADY )\n111        1/1                  iHMASTLOCK  &lt;=#1 Lock ;\n                        MISSING_ELSE\n112                         end \n113                     \n114                       always @ (posedge HCLK or negedge HRESETn)\n115                         begin\n116        1/1                if  (!HRESETn)\n117        1/1                  LockedData  &lt;=#1 1\'b0 ;\n118        1/1                else if  ( HREADY )\n119        1/1                  LockedData  &lt;=#1 iHMASTLOCK ;\n                        MISSING_ELSE\n120                         end \n121                     \n122        1/1            assign HoldLock  = (LockedData ) ? 1\'b1  : 1\'b0 ;\n']}%
2025-03-09 14:11:47,226 - verilog_tb_gen - INFO - Failed to generate testbench for 7082
2025-03-09 14:11:47,238 - verilog_tb_gen - INFO - ==================== Time Cost: 201.58178234100342 ====================
2025-03-09 14:11:47,238 - verilog_tb_gen - INFO - ==================== Generate data: 7083 ====================
2025-03-09 14:11:48,800 - verilog_tb_gen - INFO - Finished llm_testbench_align in 10.66 seconds
2025-03-09 14:11:49,998 - verilog_tb_gen - INFO - Finished llm_function_points in 4.73 seconds
2025-03-09 14:11:50,490 - verilog_tb_gen - INFO - Finished llm_testbench in 11.98 seconds
2025-03-09 14:11:51,713 - verilog_tb_gen - INFO - Finished vcs_simulate_align in 2.91 seconds
2025-03-09 14:11:51,715 - verilog_tb_gen - INFO - Successfully generated testbench for 5194
2025-03-09 14:11:51,727 - verilog_tb_gen - INFO - ==================== Time Cost: 49.58999800682068 ====================
2025-03-09 14:11:51,727 - verilog_tb_gen - INFO - ==================== Generate data: 5195 ====================
2025-03-09 14:11:52,425 - verilog_tb_gen - INFO - Finished llm_function_points in 5.09 seconds
2025-03-09 14:11:53,407 - verilog_tb_gen - INFO - Finished vcs_compile in 2.92 seconds
2025-03-09 14:11:53,581 - verilog_tb_gen - INFO - Finished llm_testbench_align in 11.19 seconds
2025-03-09 14:11:54,974 - verilog_tb_gen - INFO - Finished llm_testcases in 4.98 seconds
2025-03-09 14:11:55,295 - verilog_tb_gen - INFO - Finished llm_testbench in 11.45 seconds
2025-03-09 14:11:55,634 - verilog_tb_gen - INFO - Line coverage at iteration 0 is 92.68%
2025-03-09 14:11:55,634 - verilog_tb_gen - INFO - Finished vcs_coverage in 2.23 seconds
2025-03-09 14:11:56,144 - verilog_tb_gen - INFO - Finished vcs_simulate in 0.51 seconds
2025-03-09 14:11:56,605 - verilog_tb_gen - INFO - Finished vcs_simulate_align in 3.02 seconds
2025-03-09 14:11:56,607 - verilog_tb_gen - INFO - Successfully generated testbench for 7162
2025-03-09 14:11:56,622 - verilog_tb_gen - INFO - ==================== Time Cost: 41.033583879470825 ====================
2025-03-09 14:11:56,623 - verilog_tb_gen - INFO - ==================== Generate data: 7163 ====================
2025-03-09 14:11:56,891 - verilog_tb_gen - INFO - Finished llm_function_points in 5.07 seconds
2025-03-09 14:11:57,607 - verilog_tb_gen - INFO - Finished llm_testbench_align in 24.57 seconds
2025-03-09 14:11:58,247 - verilog_tb_gen - INFO - Finished vcs_compile in 2.95 seconds
2025-03-09 14:11:58,469 - verilog_tb_gen - INFO - Finished llm_testcases in 6.04 seconds
2025-03-09 14:12:00,514 - verilog_tb_gen - INFO - Line coverage at iteration 0 is 86.11%
2025-03-09 14:12:00,515 - verilog_tb_gen - INFO - Finished vcs_coverage in 2.27 seconds
2025-03-09 14:12:00,637 - verilog_tb_gen - INFO - Finished vcs_simulate_align in 3.03 seconds
2025-03-09 14:12:00,640 - verilog_tb_gen - INFO - Successfully generated testbench for 7101
2025-03-09 14:12:00,652 - verilog_tb_gen - INFO - ==================== Time Cost: 122.47605562210083 ====================
2025-03-09 14:12:00,652 - verilog_tb_gen - INFO - ==================== Generate data: 7102 ====================
2025-03-09 14:12:01,879 - verilog_tb_gen - INFO - Finished llm_function_points in 5.15 seconds
2025-03-09 14:12:02,242 - verilog_tb_gen - INFO - Finished llm_testcases in 5.35 seconds
2025-03-09 14:12:05,341 - verilog_tb_gen - INFO - Finished llm_function_points in 4.59 seconds
2025-03-09 14:12:06,888 - verilog_tb_gen - INFO - Finished llm_testcases in 5.01 seconds
2025-03-09 14:12:09,016 - verilog_tb_gen - INFO - Finished llm_testbench in 14.04 seconds
2025-03-09 14:12:10,334 - verilog_tb_gen - INFO - Finished llm_testbench in 11.86 seconds
2025-03-09 14:12:10,707 - verilog_tb_gen - INFO - Finished llm_testbench_align in 14.56 seconds
2025-03-09 14:12:10,981 - verilog_tb_gen - INFO - Finished llm_testcases in 5.64 seconds
2025-03-09 14:12:11,520 - verilog_tb_gen - INFO - Finished llm_coverage in 11.00 seconds
2025-03-09 14:12:11,956 - verilog_tb_gen - INFO - Finished vcs_compile in 2.94 seconds
2025-03-09 14:12:13,874 - verilog_tb_gen - INFO - Finished vcs_simulate_align in 3.17 seconds
2025-03-09 14:12:13,876 - verilog_tb_gen - INFO - Successfully generated testbench for 7122
2025-03-09 14:12:13,887 - verilog_tb_gen - INFO - ==================== Time Cost: 46.35686993598938 ====================
2025-03-09 14:12:13,887 - verilog_tb_gen - INFO - ==================== Generate data: 7123 ====================
2025-03-09 14:12:14,284 - verilog_tb_gen - INFO - Line coverage at iteration 0 is 100.0%
2025-03-09 14:12:14,285 - verilog_tb_gen - INFO - Finished vcs_coverage in 2.33 seconds
2025-03-09 14:12:14,379 - verilog_tb_gen - INFO - Finished vcs_compile in 4.04 seconds
2025-03-09 14:12:14,802 - verilog_tb_gen - INFO - Finished vcs_simulate in 0.52 seconds
2025-03-09 14:12:15,174 - verilog_tb_gen - INFO - Line coverage at iteration 1 is 86.11%
2025-03-09 14:12:15,175 - verilog_tb_gen - INFO - Finished vcs_coverage in 3.65 seconds
2025-03-09 14:12:16,589 - verilog_tb_gen - INFO - Finished llm_testbench in 14.35 seconds
2025-03-09 14:12:17,732 - verilog_tb_gen - INFO - Line coverage at iteration 0 is 73.53%
2025-03-09 14:12:17,732 - verilog_tb_gen - INFO - Finished vcs_coverage in 3.35 seconds
2025-03-09 14:12:19,505 - verilog_tb_gen - INFO - Finished llm_function_points in 5.52 seconds
2025-03-09 14:12:19,567 - verilog_tb_gen - INFO - Finished vcs_compile in 2.98 seconds
2025-03-09 14:12:19,764 - verilog_tb_gen - INFO - Finished llm_testbench in 12.87 seconds
2025-03-09 14:12:21,822 - verilog_tb_gen - INFO - Line coverage at iteration 0 is 45.83%
2025-03-09 14:12:21,823 - verilog_tb_gen - INFO - Finished vcs_coverage in 2.25 seconds
2025-03-09 14:12:22,699 - verilog_tb_gen - INFO - Finished vcs_compile in 2.93 seconds
2025-03-09 14:12:24,295 - verilog_tb_gen - INFO - Finished llm_testcases in 4.79 seconds
2025-03-09 14:12:24,878 - verilog_tb_gen - INFO - Line coverage at iteration 0 is 77.27%
2025-03-09 14:12:24,878 - verilog_tb_gen - INFO - Finished vcs_coverage in 2.18 seconds
2025-03-09 14:12:26,887 - verilog_tb_gen - INFO - Finished llm_testbench in 15.90 seconds
2025-03-09 14:12:28,248 - verilog_tb_gen - INFO - Finished llm_coverage in 13.07 seconds
2025-03-09 14:12:29,460 - verilog_tb_gen - INFO - Finished llm_testbench_align in 14.66 seconds
2025-03-09 14:12:29,866 - verilog_tb_gen - INFO - Finished vcs_compile in 2.98 seconds
2025-03-09 14:12:30,723 - verilog_tb_gen - INFO - Finished llm_coverage in 12.99 seconds
2025-03-09 14:12:31,840 - verilog_tb_gen - INFO - Line coverage at iteration 2 is 86.11%
2025-03-09 14:12:31,841 - verilog_tb_gen - INFO - Finished vcs_coverage in 3.59 seconds
2025-03-09 14:12:32,153 - verilog_tb_gen - INFO - Line coverage at iteration 0 is 100.0%
2025-03-09 14:12:32,153 - verilog_tb_gen - INFO - Finished vcs_coverage in 2.29 seconds
2025-03-09 14:12:32,580 - verilog_tb_gen - INFO - Finished vcs_simulate_align in 3.12 seconds
2025-03-09 14:12:32,582 - verilog_tb_gen - INFO - Successfully generated testbench for 7142
2025-03-09 14:12:32,595 - verilog_tb_gen - INFO - ==================== Time Cost: 47.428853273391724 ====================
2025-03-09 14:12:32,595 - verilog_tb_gen - INFO - ==================== Generate data: 7143 ====================
2025-03-09 14:12:32,663 - verilog_tb_gen - INFO - Finished vcs_simulate in 0.51 seconds
2025-03-09 14:12:35,304 - verilog_tb_gen - INFO - Line coverage at iteration 1 is 91.18%
2025-03-09 14:12:35,304 - verilog_tb_gen - INFO - Finished vcs_coverage in 4.58 seconds
2025-03-09 14:12:36,951 - verilog_tb_gen - INFO - Finished vcs_simulate in 1.65 seconds
2025-03-09 14:12:36,974 - verilog_tb_gen - INFO - Finished llm_function_points in 4.28 seconds
2025-03-09 14:12:38,148 - verilog_tb_gen - INFO - Finished llm_coverage in 16.32 seconds
2025-03-09 14:12:40,309 - verilog_tb_gen - INFO - Finished llm_coverage in 15.43 seconds
2025-03-09 14:12:41,636 - verilog_tb_gen - INFO - Line coverage at iteration 1 is 45.83%
2025-03-09 14:12:41,637 - verilog_tb_gen - INFO - Finished vcs_coverage in 3.49 seconds
2025-03-09 14:12:42,158 - verilog_tb_gen - INFO - Finished llm_coverage in 10.32 seconds
2025-03-09 14:12:43,063 - verilog_tb_gen - INFO - Finished llm_testcases in 6.09 seconds
2025-03-09 14:12:43,843 - verilog_tb_gen - INFO - Line coverage at iteration 1 is 86.36%
2025-03-09 14:12:43,843 - verilog_tb_gen - INFO - Finished vcs_coverage in 3.53 seconds
2025-03-09 14:12:45,707 - verilog_tb_gen - INFO - Line coverage at iteration 3 is 86.11%
2025-03-09 14:12:45,707 - verilog_tb_gen - INFO - Finished vcs_coverage in 3.55 seconds
2025-03-09 14:12:45,708 - verilog_tb_gen - INFO - Reached maximum iterations (3). Stopping retry loop.
2025-03-09 14:12:46,222 - verilog_tb_gen - INFO - Finished vcs_simulate in 0.51 seconds
2025-03-09 14:12:53,433 - verilog_tb_gen - INFO - Finished llm_testbench_align in 20.77 seconds
2025-03-09 14:12:53,889 - verilog_tb_gen - INFO - Finished llm_testbench_align in 16.94 seconds
2025-03-09 14:12:54,848 - verilog_tb_gen - INFO - Finished llm_testbench in 11.78 seconds
2025-03-09 14:12:56,149 - verilog_tb_gen - INFO - Finished llm_coverage in 14.51 seconds
2025-03-09 14:12:56,452 - verilog_tb_gen - INFO - Finished vcs_simulate_align in 3.02 seconds
2025-03-09 14:12:57,863 - verilog_tb_gen - INFO - Finished vcs_compile in 3.01 seconds
2025-03-09 14:12:58,026 - verilog_tb_gen - INFO - Finished vcs_simulate_align in 4.14 seconds
2025-03-09 14:12:58,028 - verilog_tb_gen - INFO - Successfully generated testbench for 7083
2025-03-09 14:12:58,041 - verilog_tb_gen - INFO - ==================== Time Cost: 70.80256986618042 ====================
2025-03-09 14:12:58,041 - verilog_tb_gen - INFO - ==================== Generate data: 7084 ====================
2025-03-09 14:12:59,056 - verilog_tb_gen - INFO - Finished llm_coverage in 15.21 seconds
2025-03-09 14:12:59,289 - verilog_tb_gen - INFO - Finished llm_testbench_align in 13.07 seconds
2025-03-09 14:12:59,884 - verilog_tb_gen - INFO - Line coverage at iteration 2 is 45.83%
2025-03-09 14:12:59,884 - verilog_tb_gen - INFO - Finished vcs_coverage in 3.73 seconds
2025-03-09 14:13:00,218 - verilog_tb_gen - INFO - Line coverage at iteration 0 is 100.0%
2025-03-09 14:13:00,218 - verilog_tb_gen - INFO - Finished vcs_coverage in 2.35 seconds
2025-03-09 14:13:00,720 - verilog_tb_gen - INFO - Finished vcs_simulate in 0.50 seconds
2025-03-09 14:13:02,396 - verilog_tb_gen - INFO - Finished vcs_simulate_align in 3.11 seconds
2025-03-09 14:13:02,398 - verilog_tb_gen - INFO - Successfully generated testbench for 7182
2025-03-09 14:13:02,409 - verilog_tb_gen - INFO - ==================== Time Cost: 88.63587999343872 ====================
2025-03-09 14:13:02,410 - verilog_tb_gen - INFO - ==================== Generate data: 7183 ====================
2025-03-09 14:13:02,669 - verilog_tb_gen - INFO - Line coverage at iteration 2 is 86.36%
2025-03-09 14:13:02,670 - verilog_tb_gen - INFO - Finished vcs_coverage in 3.61 seconds
2025-03-09 14:13:03,241 - verilog_tb_gen - INFO - Finished llm_function_points in 5.10 seconds
2025-03-09 14:13:08,117 - verilog_tb_gen - INFO - Finished llm_function_points in 5.61 seconds
2025-03-09 14:13:08,234 - verilog_tb_gen - INFO - Finished llm_testbench in 43.94 seconds
2025-03-09 14:13:08,580 - verilog_tb_gen - INFO - Finished llm_testcases in 5.34 seconds
2025-03-09 14:13:11,352 - verilog_tb_gen - INFO - Finished vcs_compile in 3.12 seconds
2025-03-09 14:13:13,292 - verilog_tb_gen - INFO - Finished llm_testcases in 5.17 seconds
2025-03-09 14:13:13,724 - verilog_tb_gen - INFO - Line coverage at iteration 0 is 100.0%
2025-03-09 14:13:13,724 - verilog_tb_gen - INFO - Finished vcs_coverage in 2.37 seconds
2025-03-09 14:13:14,166 - verilog_tb_gen - INFO - Finished llm_testbench_align in 13.44 seconds
2025-03-09 14:13:14,246 - verilog_tb_gen - INFO - Finished vcs_simulate in 0.52 seconds
2025-03-09 14:13:17,314 - verilog_tb_gen - INFO - Finished vcs_simulate_align in 3.15 seconds
2025-03-09 14:13:17,316 - verilog_tb_gen - INFO - Successfully generated testbench for 7143
2025-03-09 14:13:17,330 - verilog_tb_gen - INFO - ==================== Time Cost: 44.734580278396606 ====================
2025-03-09 14:13:17,330 - verilog_tb_gen - INFO - ==================== Generate data: 7144 ====================
2025-03-09 14:13:17,393 - verilog_tb_gen - INFO - Finished llm_coverage in 17.51 seconds
2025-03-09 14:13:17,793 - verilog_tb_gen - INFO - Finished llm_testbench_align in 21.34 seconds
2025-03-09 14:13:17,851 - verilog_tb_gen - INFO - Finished llm_coverage in 15.18 seconds
2025-03-09 14:13:20,890 - verilog_tb_gen - INFO - Finished vcs_simulate_align in 3.10 seconds
2025-03-09 14:13:21,119 - verilog_tb_gen - INFO - Line coverage at iteration 3 is 45.83%
2025-03-09 14:13:21,119 - verilog_tb_gen - INFO - Finished vcs_coverage in 3.73 seconds
2025-03-09 14:13:21,120 - verilog_tb_gen - INFO - Reached maximum iterations (3). Stopping retry loop.
2025-03-09 14:13:21,578 - verilog_tb_gen - INFO - Line coverage at iteration 3 is 86.36%
2025-03-09 14:13:21,578 - verilog_tb_gen - INFO - Finished vcs_coverage in 3.73 seconds
2025-03-09 14:13:21,579 - verilog_tb_gen - INFO - Reached maximum iterations (3). Stopping retry loop.
2025-03-09 14:13:21,637 - verilog_tb_gen - INFO - Finished vcs_simulate in 0.52 seconds
2025-03-09 14:13:22,095 - verilog_tb_gen - INFO - Finished vcs_simulate in 0.52 seconds
2025-03-09 14:13:22,344 - verilog_tb_gen - INFO - Finished llm_function_points in 4.91 seconds
2025-03-09 14:13:22,462 - verilog_tb_gen - INFO - Finished llm_testbench in 9.17 seconds
2025-03-09 14:13:23,992 - verilog_tb_gen - INFO - Finished llm_testbench in 15.41 seconds
2025-03-09 14:13:25,322 - verilog_tb_gen - INFO - Finished vcs_compile in 1.33 seconds
2025-03-09 14:13:25,596 - verilog_tb_gen - INFO - Finished vcs_compile in 3.13 seconds
2025-03-09 14:13:27,849 - verilog_tb_gen - INFO - Finished llm_testcases in 5.50 seconds
2025-03-09 14:13:27,949 - verilog_tb_gen - INFO - Line coverage at iteration 0 is 100.0%
2025-03-09 14:13:27,949 - verilog_tb_gen - INFO - Finished vcs_coverage in 2.35 seconds
2025-03-09 14:13:28,465 - verilog_tb_gen - INFO - Finished vcs_simulate in 0.51 seconds
2025-03-09 14:13:37,477 - verilog_tb_gen - INFO - Finished llm_testbench_align in 15.38 seconds
2025-03-09 14:13:38,624 - verilog_tb_gen - INFO - Finished llm_testbench in 13.30 seconds
2025-03-09 14:13:39,016 - verilog_tb_gen - INFO - Finished llm_testbench_align in 10.55 seconds
2025-03-09 14:13:40,596 - verilog_tb_gen - INFO - Finished vcs_simulate_align in 3.12 seconds
2025-03-09 14:13:40,598 - verilog_tb_gen - INFO - Successfully generated testbench for 7163
2025-03-09 14:13:40,611 - verilog_tb_gen - INFO - ==================== Time Cost: 103.9883759021759 ====================
2025-03-09 14:13:40,611 - verilog_tb_gen - INFO - ==================== Generate data: 7164 ====================
2025-03-09 14:13:41,386 - verilog_tb_gen - INFO - Finished llm_testbench in 13.54 seconds
2025-03-09 14:13:41,772 - verilog_tb_gen - INFO - Finished vcs_compile in 3.15 seconds
2025-03-09 14:13:41,898 - verilog_tb_gen - INFO - Finished llm_testbench_align in 21.01 seconds
2025-03-09 14:13:42,138 - verilog_tb_gen - INFO - Finished llm_testbench_align in 20.50 seconds
2025-03-09 14:13:42,179 - verilog_tb_gen - INFO - Finished vcs_simulate_align in 3.16 seconds
2025-03-09 14:13:44,076 - verilog_tb_gen - INFO - Line coverage at iteration 0 is 87.18%
2025-03-09 14:13:44,076 - verilog_tb_gen - INFO - Finished vcs_coverage in 2.30 seconds
2025-03-09 14:13:44,329 - verilog_tb_gen - INFO - Finished vcs_compile in 2.94 seconds
2025-03-09 14:13:44,664 - verilog_tb_gen - INFO - Finished llm_function_points in 3.96 seconds
2025-03-09 14:13:44,878 - verilog_tb_gen - INFO - Finished llm_testbench_align in 30.63 seconds
2025-03-09 14:13:44,981 - verilog_tb_gen - INFO - Finished vcs_simulate_align in 3.08 seconds
2025-03-09 14:13:44,981 - verilog_tb_gen - INFO - Reached maximum iterations (3). Stopping retry loop.
2025-03-09 14:13:44,983 - verilog_tb_gen - INFO - Generated testbench for 7102 coverst {'overall': {'score': 65.18, 'line': 100.0, 'condition': 0.0, 'toggle': 30.36, 'branch': 0.0}, 'lines': ["\n34                      reg clk;\n35         2/2          always #5 clk = ~clk;\n36                      \n37                      initial begin\n38                          // Initialize Inputs\n39         1/1              clk = 0;\n40         1/1              instr = 32'd0;\n41         1/1              opcode = 6'd0;\n42         1/1              funct = 6'd0;\n43                      \n44                          // Wait 100 ns for global reset to finish\n45         2/2              #100;\n46                      \n47                          // Add stimulus here\n48         1/1              $display(&quot;===========TestCases===========&quot;);\n49                      \n50                          // Test Case 1: R_FORMAT with funct = 0 (NOP)\n51         3/3              opcode = R_FORMAT; funct = 6'd0; instr = 32'd0;\n52         2/2              #10;\n53         1/1              $display(&quot;Test Case 1. Expected CtrlSignal: 8'bxx0x10x0, Branch: 0, Jump: 0, Shamt: 0&quot;);\n54         1/1              $display(&quot;Test Case 1. Actual CtrlSignal: %b, Branch: %b, Jump: %b, Shamt: %b&quot;, CtrlSignal, Branch, Jump, Shamt);\n55                      \n56                          // Test Case 2: R_FORMAT with funct = 32 (ADD)\n57         3/3              opcode = R_FORMAT; funct = 6'd32; instr = 32'd1;\n58         2/2              #10;\n59         1/1              $display(&quot;Test Case 2. Expected CtrlSignal: 8'b00101000, Branch: 0, Jump: 0, Shamt: 0&quot;);\n60         1/1              $display(&quot;Test Case 2. Actual CtrlSignal: %b, Branch: %b, Jump: %b, Shamt: %b&quot;, CtrlSignal, Branch, Jump, Shamt);\n61                      \n62                          // Test Case 3: LW\n63         3/3              opcode = LW; funct = 6'd0; instr = 32'd0;\n64         2/2              #10;\n65         1/1              $display(&quot;Test Case 3. Expected CtrlSignal: 8'b11100010, Branch: 0, Jump: 0, Shamt: 0&quot;);\n66         1/1              $display(&quot;Test Case 3. Actual CtrlSignal: %b, Branch: %b, Jump: %b, Shamt: %b&quot;, CtrlSignal, Branch, Jump, Shamt);\n67                      \n68                          // Test Case 4: SW\n69         3/3              opcode = SW; funct = 6'd0; instr = 32'd0;\n70         2/2              #10;\n71         1/1              $display(&quot;Test Case 4. Expected CtrlSignal: 8'b0x100010, Branch: 0, Jump: 0, Shamt: 0&quot;);\n72         1/1              $display(&quot;Test Case 4. Actual CtrlSignal: %b, Branch: %b, Jump: %b, Shamt: %b&quot;, CtrlSignal, Branch, Jump, Shamt);\n73                      \n74                          // Test Case 5: BEQ\n75         3/3              opcode = BEQ; funct = 6'd0; instr = 32'd0;\n76         2/2              #10;\n77         1/1              $display(&quot;Test Case 5. Expected CtrlSignal: 8'b0x000100, Branch: 1, Jump: 0, Shamt: 0&quot;);\n78         1/1              $display(&quot;Test Case 5. Actual CtrlSignal: %b, Branch: %b, Jump: %b, Shamt: %b&quot;, CtrlSignal, Branch, Jump, Shamt);\n79                      \n80                          // Test Case 6: J\n81         3/3              opcode = J; funct = 6'd0; instr = 32'd0;\n82         2/2              #10;\n83         1/1              $display(&quot;Test Case 6. Expected CtrlSignal: 8'b0x000100, Branch: 1, Jump: 1, Shamt: 0&quot;);\n84         1/1              $display(&quot;Test Case 6. Actual CtrlSignal: %b, Branch: %b, Jump: %b, Shamt: %b&quot;, CtrlSignal, Branch, Jump, Shamt);\n85                      \n86                          // Test Case 7: ADDIU\n87         3/3              opcode = ADDIU; funct = 6'd0; instr = 32'd0;\n88         2/2              #10;\n89         1/1              $display(&quot;Test Case 7. Expected CtrlSignal: 8'b00100010, Branch: 0, Jump: 0, Shamt: 0&quot;);\n90         1/1              $display(&quot;Test Case 7. Actual CtrlSignal: %b, Branch: %b, Jump: %b, Shamt: %b&quot;, CtrlSignal, Branch, Jump, Shamt);\n91                      \n92                          // Test Case 8: BGTZ\n93         3/3              opcode = BGTZ; funct = 6'd0; instr = 32'd0;\n94         2/2              #10;\n95         1/1              $display(&quot;Test Case 8. Expected CtrlSignal: 8'b0x000100, Branch: 1, Jump: 0, Shamt: 0&quot;);\n96         1/1              $display(&quot;Test Case 8. Actual CtrlSignal: %b, Branch: %b, Jump: %b, Shamt: %b&quot;, CtrlSignal, Branch, Jump, Shamt);\n97                      \n98                          // Test Case 9: ORI\n99         3/3              opcode = ORI; funct = 6'd0; instr = 32'd0;\n100        2/2              #10;\n101        1/1              $display(&quot;Test Case 9. Expected CtrlSignal: 8'b00110010, Branch: 0, Jump: 0, Shamt: 0&quot;);\n102        1/1              $display(&quot;Test Case 9. Actual CtrlSignal: %b, Branch: %b, Jump: %b, Shamt: %b&quot;, CtrlSignal, Branch, Jump, Shamt);\n103                     \n104                         // Test Case 10: Unimplemented opcode\n105        3/3              opcode = 6'd50; funct = 6'd0; instr = 32'd0;\n106        2/2              #10;\n107        1/1              $display(&quot;Test Case 10. Expected CtrlSignal: 8'bx1xxxxxx, Branch: 0, Jump: 0, Shamt: x&quot;);\n108        1/1              $display(&quot;Test Case 10. Actual CtrlSignal: %b, Branch: %b, Jump: %b, Shamt: %b&quot;, CtrlSignal, Branch, Jump, Shamt);\n109                     \n110        1/1              $display(&quot;===========End===========&quot;);\n111                     \n112                         // Must finish simulation\n113        1/1              $finish;\n"]}%
2025-03-09 14:13:44,983 - verilog_tb_gen - INFO - Failed to generate testbench for 7102
2025-03-09 14:13:44,995 - verilog_tb_gen - INFO - ==================== Time Cost: 104.34270763397217 ====================
2025-03-09 14:13:44,995 - verilog_tb_gen - INFO - ==================== Generate data: 7103 ====================
2025-03-09 14:13:45,198 - verilog_tb_gen - INFO - Finished vcs_simulate_align in 3.06 seconds
2025-03-09 14:13:45,200 - verilog_tb_gen - INFO - Successfully generated testbench for 5195
2025-03-09 14:13:45,215 - verilog_tb_gen - INFO - ==================== Time Cost: 113.4875111579895 ====================
2025-03-09 14:13:45,215 - verilog_tb_gen - INFO - ==================== Generate data: 5196 ====================
2025-03-09 14:13:46,692 - verilog_tb_gen - INFO - Line coverage at iteration 0 is 100.0%
2025-03-09 14:13:46,692 - verilog_tb_gen - INFO - Finished vcs_coverage in 2.36 seconds
2025-03-09 14:13:47,207 - verilog_tb_gen - INFO - Finished vcs_simulate in 0.51 seconds
2025-03-09 14:13:47,997 - verilog_tb_gen - INFO - Finished vcs_simulate_align in 3.12 seconds
2025-03-09 14:13:47,999 - verilog_tb_gen - INFO - Successfully generated testbench for 7123
2025-03-09 14:13:48,011 - verilog_tb_gen - INFO - ==================== Time Cost: 94.12396049499512 ====================
2025-03-09 14:13:48,011 - verilog_tb_gen - INFO - ==================== Generate data: 7124 ====================
2025-03-09 14:13:50,223 - verilog_tb_gen - INFO - Finished llm_function_points in 4.91 seconds
2025-03-09 14:13:50,940 - verilog_tb_gen - INFO - Finished llm_testcases in 6.28 seconds
2025-03-09 14:13:50,971 - verilog_tb_gen - INFO - Finished llm_function_points in 5.88 seconds
2025-03-09 14:13:54,113 - verilog_tb_gen - INFO - Finished llm_testbench_align in 11.93 seconds
2025-03-09 14:13:54,787 - verilog_tb_gen - INFO - Finished llm_function_points in 6.68 seconds
2025-03-09 14:13:55,664 - verilog_tb_gen - INFO - Finished llm_testcases in 4.69 seconds
2025-03-09 14:13:55,981 - verilog_tb_gen - INFO - Finished llm_testcases in 5.76 seconds
2025-03-09 14:13:57,331 - verilog_tb_gen - INFO - Finished vcs_simulate_align in 3.22 seconds
2025-03-09 14:13:59,150 - verilog_tb_gen - INFO - Finished llm_coverage in 15.07 seconds
2025-03-09 14:14:00,273 - verilog_tb_gen - INFO - Finished llm_testcases in 5.48 seconds
2025-03-09 14:14:01,697 - verilog_tb_gen - INFO - Finished llm_testbench_align in 14.49 seconds
2025-03-09 14:14:01,774 - verilog_tb_gen - INFO - Finished llm_testbench in 10.83 seconds
2025-03-09 14:14:02,982 - verilog_tb_gen - INFO - Line coverage at iteration 1 is 89.74%
2025-03-09 14:14:02,983 - verilog_tb_gen - INFO - Finished vcs_coverage in 3.83 seconds
2025-03-09 14:14:04,876 - verilog_tb_gen - INFO - Finished vcs_compile in 3.10 seconds
2025-03-09 14:14:04,877 - verilog_tb_gen - INFO - Finished vcs_simulate_align in 3.18 seconds
2025-03-09 14:14:04,879 - verilog_tb_gen - INFO - Successfully generated testbench for 7144
2025-03-09 14:14:04,893 - verilog_tb_gen - INFO - ==================== Time Cost: 47.56285834312439 ====================
2025-03-09 14:14:04,893 - verilog_tb_gen - INFO - ==================== Generate data: 7145 ====================
2025-03-09 14:14:07,281 - verilog_tb_gen - INFO - Line coverage at iteration 0 is 100.0%
2025-03-09 14:14:07,282 - verilog_tb_gen - INFO - Finished vcs_coverage in 2.40 seconds
2025-03-09 14:14:07,794 - verilog_tb_gen - INFO - Finished vcs_simulate in 0.51 seconds
2025-03-09 14:14:09,402 - verilog_tb_gen - INFO - Finished llm_testbench_align in 12.07 seconds
2025-03-09 14:14:10,650 - verilog_tb_gen - INFO - Finished llm_function_points in 5.64 seconds
2025-03-09 14:14:11,170 - verilog_tb_gen - INFO - Finished llm_testbench in 10.90 seconds
2025-03-09 14:14:12,588 - verilog_tb_gen - INFO - Finished vcs_simulate_align in 3.18 seconds
2025-03-09 14:14:12,589 - verilog_tb_gen - INFO - Reached maximum iterations (3). Stopping retry loop.
2025-03-09 14:14:12,590 - verilog_tb_gen - INFO - Generated testbench for 7183 coverst {'overall': {'score': 64.45, 'line': 100.0, 'condition': 0.0, 'toggle': 28.91, 'branch': 0.0}, 'lines': ["\n41                          // Clock generation\n42         2/2              always #5 clk = ~clk;\n43                      \n44                          initial begin\n45                              // Initialize Inputs\n46         1/1                  clk = 0;\n47         1/1                  rst = 0;\n48         1/1                  in_valid = 0;\n49         1/1                  out_ready = 0;\n50         1/1                  magnitude = 0;\n51         1/1                  bin_index = 0;\n52                      \n53                              // Wait 100 ns for global reset to finish\n54         2/2                  #100;\n55                              \n56                              // Test Case 1: Normal operation\n57         1/1                  $display(&quot;===========TestCases===========&quot;);\n58         4/4                  rst = 1; #10; rst = 0; // Reset the DUT\n59         4/4                  in_valid = 1; out_ready = 1; magnitude = 8'd5; bin_index = 4'd0;\n60         2/2                  #10;\n61         1/1                  $display(&quot;Test Case 1. Expected row_histogram[0]: %d&quot;, 5);\n62         1/1                  $display(&quot;Test Case 1. Actual row_histogram[0]: %d&quot;, row_histogram[0*BIN_WIDTH +: BIN_WIDTH]);\n63                      \n64                              // Test Case 2: Edge case - maximum magnitude\n65         2/2                  magnitude = 8'd255; bin_index = 4'd1;\n66         2/2                  #10;\n67         1/1                  $display(&quot;Test Case 2. Expected row_histogram[1]: %d&quot;, 255);\n68         1/1                  $display(&quot;Test Case 2. Actual row_histogram[1]: %d&quot;, row_histogram[1*BIN_WIDTH +: BIN_WIDTH]);\n69                      \n70                              // Test Case 3: Error condition - invalid bin_index\n71         2/2                  magnitude = 8'd10; bin_index = 4'd10; // Invalid bin_index\n72         2/2                  #10;\n73         1/1                  $display(&quot;Test Case 3. Expected row_histogram: unchanged&quot;);\n74         1/1                  $display(&quot;Test Case 3. Actual row_histogram: %d&quot;, row_histogram);\n75                      \n76                              // Test Case 4: Reset during operation\n77         4/4                  rst = 1; #10; rst = 0; // Reset the DUT\n78         1/1                  $display(&quot;Test Case 4. Expected row_histogram: 0&quot;);\n79         1/1                  $display(&quot;Test Case 4. Actual row_histogram: %d&quot;, row_histogram);\n80                      \n81                              // Test Case 5: Accumulate multiple values\n82         4/4                  in_valid = 1; out_ready = 1; magnitude = 8'd3; bin_index = 4'd2;\n83         2/2                  #10;\n84         2/2                  magnitude = 8'd7; bin_index = 4'd2;\n85         2/2                  #10;\n86         1/1                  $display(&quot;Test Case 5. Expected row_histogram[2]: %d&quot;, 10);\n87         1/1                  $display(&quot;Test Case 5. Actual row_histogram[2]: %d&quot;, row_histogram[2*BIN_WIDTH +: BIN_WIDTH]);\n88                      \n89         1/1                  $display(&quot;===========End===========&quot;);\n90                      \n91                              // Must finish simulation\n92         1/1                  $finish;\n"]}%
2025-03-09 14:14:12,590 - verilog_tb_gen - INFO - Failed to generate testbench for 7183
2025-03-09 14:14:12,603 - verilog_tb_gen - INFO - ==================== Time Cost: 70.19295930862427 ====================
2025-03-09 14:14:12,603 - verilog_tb_gen - INFO - ==================== Generate data: 7184 ====================
2025-03-09 14:14:13,722 - verilog_tb_gen - INFO - Finished llm_testbench in 17.74 seconds
2025-03-09 14:14:14,294 - verilog_tb_gen - INFO - Finished vcs_compile in 3.12 seconds
2025-03-09 14:14:15,678 - verilog_tb_gen - INFO - Finished llm_testbench in 20.01 seconds
2025-03-09 14:14:15,940 - verilog_tb_gen - INFO - Finished llm_testcases in 5.29 seconds
2025-03-09 14:14:16,651 - verilog_tb_gen - INFO - Line coverage at iteration 0 is 100.0%
2025-03-09 14:14:16,651 - verilog_tb_gen - INFO - Finished vcs_coverage in 2.36 seconds
2025-03-09 14:14:16,666 - verilog_tb_gen - INFO - Finished vcs_compile in 2.94 seconds
2025-03-09 14:14:16,752 - verilog_tb_gen - INFO - Finished llm_function_points in 4.04 seconds
2025-03-09 14:14:17,166 - verilog_tb_gen - INFO - Finished vcs_simulate in 0.51 seconds
2025-03-09 14:14:18,542 - verilog_tb_gen - INFO - Finished vcs_compile in 2.86 seconds
2025-03-09 14:14:18,874 - verilog_tb_gen - INFO - Line coverage at iteration 0 is 100.0%
2025-03-09 14:14:18,874 - verilog_tb_gen - INFO - Finished vcs_coverage in 2.20 seconds
2025-03-09 14:14:19,387 - verilog_tb_gen - INFO - Finished vcs_simulate in 0.51 seconds
2025-03-09 14:14:20,857 - verilog_tb_gen - INFO - Line coverage at iteration 0 is 93.75%
2025-03-09 14:14:20,858 - verilog_tb_gen - INFO - Finished vcs_coverage in 2.31 seconds
2025-03-09 14:14:20,888 - verilog_tb_gen - INFO - Finished llm_testbench_align in 13.09 seconds
2025-03-09 14:14:21,227 - verilog_tb_gen - INFO - Finished llm_testcases in 4.47 seconds
2025-03-09 14:14:21,378 - verilog_tb_gen - INFO - Finished vcs_simulate in 0.52 seconds
2025-03-09 14:14:21,478 - verilog_tb_gen - INFO - Finished llm_coverage in 18.49 seconds
2025-03-09 14:14:23,371 - verilog_tb_gen - INFO - Line coverage at iteration 2 is 89.74%
2025-03-09 14:14:23,371 - verilog_tb_gen - INFO - Finished vcs_coverage in 1.89 seconds
2025-03-09 14:14:24,065 - verilog_tb_gen - INFO - Finished vcs_simulate_align in 3.18 seconds
2025-03-09 14:14:24,067 - verilog_tb_gen - INFO - Successfully generated testbench for 7164
2025-03-09 14:14:24,080 - verilog_tb_gen - INFO - ==================== Time Cost: 43.469313859939575 ====================
2025-03-09 14:14:24,081 - verilog_tb_gen - INFO - ==================== Generate data: 7165 ====================
2025-03-09 14:14:27,157 - verilog_tb_gen - INFO - Finished llm_testbench_align in 9.99 seconds
2025-03-09 14:14:27,398 - verilog_tb_gen - INFO - Finished llm_testbench in 11.46 seconds
2025-03-09 14:14:29,374 - verilog_tb_gen - INFO - Finished llm_function_points in 5.20 seconds
2025-03-09 14:14:30,378 - verilog_tb_gen - INFO - Finished vcs_simulate_align in 3.22 seconds
2025-03-09 14:14:30,380 - verilog_tb_gen - INFO - Successfully generated testbench for 7124
2025-03-09 14:14:30,393 - verilog_tb_gen - INFO - ==================== Time Cost: 42.381643295288086 ====================
2025-03-09 14:14:30,393 - verilog_tb_gen - INFO - ==================== Generate data: 7125 ====================
2025-03-09 14:14:30,500 - verilog_tb_gen - INFO - Finished vcs_compile in 3.10 seconds
2025-03-09 14:14:32,448 - verilog_tb_gen - INFO - Finished llm_testbench in 11.22 seconds
2025-03-09 14:14:32,930 - verilog_tb_gen - INFO - Line coverage at iteration 0 is 100.0%
2025-03-09 14:14:32,930 - verilog_tb_gen - INFO - Finished vcs_coverage in 2.43 seconds
2025-03-09 14:14:33,447 - verilog_tb_gen - INFO - Finished vcs_simulate in 0.52 seconds
2025-03-09 14:14:34,591 - verilog_tb_gen - INFO - Finished llm_testcases in 5.22 seconds
2025-03-09 14:14:35,561 - verilog_tb_gen - INFO - Finished vcs_compile in 3.11 seconds
2025-03-09 14:14:35,859 - verilog_tb_gen - INFO - Finished llm_coverage in 12.49 seconds
2025-03-09 14:14:37,714 - verilog_tb_gen - INFO - Finished llm_function_points in 7.22 seconds
2025-03-09 14:14:37,753 - verilog_tb_gen - INFO - Line coverage at iteration 3 is 89.74%
2025-03-09 14:14:37,753 - verilog_tb_gen - INFO - Finished vcs_coverage in 1.89 seconds
2025-03-09 14:14:37,754 - verilog_tb_gen - INFO - Reached maximum iterations (3). Stopping retry loop.
2025-03-09 14:14:37,759 - verilog_tb_gen - INFO - ===== Error for 7084 =====
2025-03-09 14:14:37,759 - verilog_tb_gen - INFO - list index out of range
2025-03-09 14:14:37,759 - verilog_tb_gen - INFO - ==================== Time Cost: 99.7183256149292 ====================
2025-03-09 14:14:37,759 - verilog_tb_gen - INFO - ==================== Generate data: 7085 ====================
2025-03-09 14:14:37,945 - verilog_tb_gen - INFO - Finished llm_testbench_align in 18.56 seconds
2025-03-09 14:14:37,957 - verilog_tb_gen - INFO - Line coverage at iteration 0 is 81.08%
2025-03-09 14:14:37,957 - verilog_tb_gen - INFO - Finished vcs_coverage in 2.39 seconds
2025-03-09 14:14:41,093 - verilog_tb_gen - INFO - Finished vcs_simulate_align in 3.15 seconds
2025-03-09 14:14:41,095 - verilog_tb_gen - INFO - Successfully generated testbench for 5196
2025-03-09 14:14:41,107 - verilog_tb_gen - INFO - ==================== Time Cost: 55.89238405227661 ====================
2025-03-09 14:14:41,107 - verilog_tb_gen - INFO - ==================== Generate data: 5197 ====================
2025-03-09 14:14:42,640 - verilog_tb_gen - INFO - Finished llm_testcases in 4.92 seconds
2025-03-09 14:14:42,771 - verilog_tb_gen - INFO - Finished llm_function_points in 4.91 seconds
2025-03-09 14:14:44,388 - verilog_tb_gen - INFO - Finished llm_testbench_align in 10.94 seconds
2025-03-09 14:14:46,936 - verilog_tb_gen - INFO - Finished llm_testcases in 4.16 seconds
2025-03-09 14:14:46,973 - verilog_tb_gen - INFO - Finished llm_testbench_align in 25.59 seconds
2025-03-09 14:14:47,590 - verilog_tb_gen - INFO - Finished vcs_simulate_align in 3.20 seconds
2025-03-09 14:14:48,524 - verilog_tb_gen - INFO - Finished llm_function_points in 7.32 seconds
2025-03-09 14:14:49,372 - verilog_tb_gen - INFO - Finished llm_coverage in 11.41 seconds
2025-03-09 14:14:49,477 - verilog_tb_gen - INFO - Finished llm_testbench in 14.88 seconds
2025-03-09 14:14:50,070 - verilog_tb_gen - INFO - Finished vcs_simulate_align in 3.10 seconds
2025-03-09 14:14:50,072 - verilog_tb_gen - INFO - Successfully generated testbench for 7103
2025-03-09 14:14:50,085 - verilog_tb_gen - INFO - ==================== Time Cost: 65.0899407863617 ====================
2025-03-09 14:14:50,085 - verilog_tb_gen - INFO - ==================== Generate data: 7104 ====================
2025-03-09 14:14:51,279 - verilog_tb_gen - INFO - Line coverage at iteration 1 is 81.08%
2025-03-09 14:14:51,279 - verilog_tb_gen - INFO - Finished vcs_coverage in 1.91 seconds
2025-03-09 14:14:52,539 - verilog_tb_gen - INFO - Finished vcs_compile in 3.06 seconds
2025-03-09 14:14:54,425 - verilog_tb_gen - INFO - Finished llm_testcases in 5.90 seconds
2025-03-09 14:14:54,940 - verilog_tb_gen - INFO - Line coverage at iteration 0 is 60.0%
2025-03-09 14:14:54,940 - verilog_tb_gen - INFO - Finished vcs_coverage in 2.40 seconds
2025-03-09 14:14:55,031 - verilog_tb_gen - INFO - Finished llm_testbench in 12.39 seconds
2025-03-09 14:14:55,268 - verilog_tb_gen - INFO - Finished llm_function_points in 5.09 seconds
2025-03-09 14:14:56,405 - verilog_tb_gen - INFO - Finished llm_testbench in 9.47 seconds
2025-03-09 14:14:58,151 - verilog_tb_gen - INFO - Finished vcs_compile in 3.12 seconds
2025-03-09 14:14:58,875 - verilog_tb_gen - INFO - Finished llm_testbench_align in 11.28 seconds
2025-03-09 14:14:59,425 - verilog_tb_gen - INFO - Finished llm_testcases in 4.15 seconds
2025-03-09 14:14:59,454 - verilog_tb_gen - INFO - Finished vcs_compile in 3.05 seconds
2025-03-09 14:15:00,499 - verilog_tb_gen - INFO - Line coverage at iteration 0 is 87.8%
2025-03-09 14:15:00,499 - verilog_tb_gen - INFO - Finished vcs_coverage in 2.35 seconds
2025-03-09 14:15:01,804 - verilog_tb_gen - INFO - Line coverage at iteration 0 is 100.0%
2025-03-09 14:15:01,804 - verilog_tb_gen - INFO - Finished vcs_coverage in 2.35 seconds
2025-03-09 14:15:01,960 - verilog_tb_gen - INFO - Finished vcs_simulate_align in 3.08 seconds
2025-03-09 14:15:02,321 - verilog_tb_gen - INFO - Finished vcs_simulate in 0.52 seconds
2025-03-09 14:15:02,989 - verilog_tb_gen - INFO - Finished llm_coverage in 11.71 seconds
2025-03-09 14:15:04,937 - verilog_tb_gen - INFO - Line coverage at iteration 2 is 81.08%
2025-03-09 14:15:04,937 - verilog_tb_gen - INFO - Finished vcs_coverage in 1.95 seconds
2025-03-09 14:15:08,688 - verilog_tb_gen - INFO - Finished llm_coverage in 13.75 seconds
2025-03-09 14:15:08,893 - verilog_tb_gen - INFO - Finished llm_testbench in 9.47 seconds
2025-03-09 14:15:10,630 - verilog_tb_gen - INFO - Line coverage at iteration 1 is 60.0%
2025-03-09 14:15:10,630 - verilog_tb_gen - INFO - Finished vcs_coverage in 1.94 seconds
2025-03-09 14:15:12,035 - verilog_tb_gen - INFO - Finished vcs_compile in 3.14 seconds
2025-03-09 14:15:12,112 - verilog_tb_gen - INFO - Finished llm_testbench in 17.69 seconds
2025-03-09 14:15:12,839 - verilog_tb_gen - INFO - Finished llm_coverage in 12.34 seconds
2025-03-09 14:15:12,950 - verilog_tb_gen - INFO - Finished llm_testbench_align in 10.63 seconds
2025-03-09 14:15:14,109 - verilog_tb_gen - INFO - Finished llm_testbench_align in 12.15 seconds
2025-03-09 14:15:14,418 - verilog_tb_gen - INFO - Line coverage at iteration 0 is 100.0%
2025-03-09 14:15:14,419 - verilog_tb_gen - INFO - Finished vcs_coverage in 2.38 seconds
2025-03-09 14:15:14,936 - verilog_tb_gen - INFO - Finished vcs_simulate in 0.52 seconds
2025-03-09 14:15:15,267 - verilog_tb_gen - INFO - Finished vcs_compile in 3.15 seconds
2025-03-09 14:15:16,090 - verilog_tb_gen - INFO - Finished vcs_simulate_align in 3.14 seconds
2025-03-09 14:15:16,092 - verilog_tb_gen - INFO - Successfully generated testbench for 7085
2025-03-09 14:15:16,104 - verilog_tb_gen - INFO - ==================== Time Cost: 38.34478235244751 ====================
2025-03-09 14:15:16,104 - verilog_tb_gen - INFO - ==================== Generate data: 7086 ====================
2025-03-09 14:15:16,429 - verilog_tb_gen - INFO - Finished llm_coverage in 11.49 seconds
2025-03-09 14:15:16,621 - verilog_tb_gen - INFO - Line coverage at iteration 1 is 87.8%
2025-03-09 14:15:16,622 - verilog_tb_gen - INFO - Finished vcs_coverage in 3.78 seconds
2025-03-09 14:15:17,288 - verilog_tb_gen - INFO - Finished vcs_simulate_align in 3.18 seconds
2025-03-09 14:15:17,289 - verilog_tb_gen - INFO - Reached maximum iterations (3). Stopping retry loop.
2025-03-09 14:15:17,291 - verilog_tb_gen - INFO - Generated testbench for 7145 coverst {'overall': {'score': 88.03, 'line': 100.0, 'condition': 0.0, 'toggle': 76.06, 'branch': 0.0}, 'lines': ["\n37                      // Clock toggle generation\n38         2/2          always #5 clk = ~clk;\n39                      \n40                      initial begin\n41                          // Initialize Inputs\n42         1/1              clk = 0;\n43         1/1              clk7_en = 0;\n44         1/1              rst = 1;\n45         1/1              fifo_in = 0;\n46         1/1              fifo_wr_en = 0;\n47         1/1              fifo_rd_en = 0;\n48                      \n49                          // Wait 100 ns for global reset to finish\n50         2/2              #100;\n51         1/1              rst = 0;\n52         1/1              clk7_en = 1;\n53                      \n54                          // Add stimulus here\n55         1/1              $display(&quot;===========TestCases===========&quot;);\n56                      \n57                          // Test Case 1: Write and Read Single Element\n58         1/1              fifo_in = 32'hA5A5A5A5;\n59         1/1              fifo_wr_en = 1;\n60         2/2              #10;\n61         1/1              fifo_wr_en = 0;\n62         1/1              fifo_rd_en = 1;\n63         2/2              #10;\n64         1/1              fifo_rd_en = 0;\n65         1/1              $display(&quot;Test Case 1. Expected fifo_out: %h, fifo_empty: %b&quot;, 32'hA5A5A5A5, 1'b1);\n66         1/1              $display(&quot;Test Case 1. Actual fifo_out: %h, fifo_empty: %b&quot;, fifo_out, fifo_empty);\n67                      \n68                          // Test Case 2: Fill FIFO to Full\n69         1/1              for (integer i = 0; i &lt; FD; i = i + 1) begin\n70         1/1                  fifo_in = i;\n71         1/1                  fifo_wr_en = 1;\n72         2/2                  #10;\n73                          end\n74         1/1              fifo_wr_en = 0;\n75         1/1              $display(&quot;Test Case 2. Expected fifo_full: %b&quot;, 1'b1);\n76         1/1              $display(&quot;Test Case 2. Actual fifo_full: %b&quot;, fifo_full);\n77                      \n78                          // Test Case 3: Read All Elements\n79         1/1              for (integer i = 0; i &lt; FD; i = i + 1) begin\n80         1/1                  fifo_rd_en = 1;\n81         2/2                  #10;\n82         1/1                  $display(&quot;Test Case 3. Expected fifo_out: %d&quot;, i);\n83         1/1                  $display(&quot;Test Case 3. Actual fifo_out: %d&quot;, fifo_out);\n84                          end\n85         1/1              fifo_rd_en = 0;\n86         1/1              $display(&quot;Test Case 3. Expected fifo_empty: %b&quot;, 1'b1);\n87         1/1              $display(&quot;Test Case 3. Actual fifo_empty: %b&quot;, fifo_empty);\n88                      \n89                          // Test Case 4: Write and Read Simultaneously\n90         1/1              fifo_in = 32'hDEADBEEF;\n91         1/1              fifo_wr_en = 1;\n92         1/1              fifo_rd_en = 1;\n93         2/2              #10;\n94         1/1              fifo_wr_en = 0;\n95         1/1              fifo_rd_en = 0;\n96         1/1              $display(&quot;Test Case 4. Expected fifo_out: %h&quot;, 32'hDEADBEEF);\n97         1/1              $display(&quot;Test Case 4. Actual fifo_out: %h&quot;, fifo_out);\n98                      \n99                          // Test Case 5: Reset Functionality\n100        1/1              rst = 1;\n101        2/2              #10;\n102        1/1              rst = 0;\n103        1/1              $display(&quot;Test Case 5. Expected fifo_empty: %b&quot;, 1'b1);\n104        1/1              $display(&quot;Test Case 5. Actual fifo_empty: %b&quot;, fifo_empty);\n105                     \n106        1/1              $display(&quot;===========End===========&quot;);\n107                     \n108                         // Must finish simulation\n109        1/1              $finish;\n"]}%
2025-03-09 14:15:17,291 - verilog_tb_gen - INFO - Failed to generate testbench for 7145
2025-03-09 14:15:17,305 - verilog_tb_gen - INFO - ==================== Time Cost: 72.41216921806335 ====================
2025-03-09 14:15:17,305 - verilog_tb_gen - INFO - ==================== Generate data: 7146 ====================
2025-03-09 14:15:17,622 - verilog_tb_gen - INFO - Line coverage at iteration 0 is 100.0%
2025-03-09 14:15:17,622 - verilog_tb_gen - INFO - Finished vcs_coverage in 2.35 seconds
2025-03-09 14:15:18,138 - verilog_tb_gen - INFO - Finished vcs_simulate in 0.51 seconds
2025-03-09 14:15:18,330 - verilog_tb_gen - INFO - Line coverage at iteration 3 is 81.08%
2025-03-09 14:15:18,330 - verilog_tb_gen - INFO - Finished vcs_coverage in 1.90 seconds
2025-03-09 14:15:18,330 - verilog_tb_gen - INFO - Reached maximum iterations (3). Stopping retry loop.
2025-03-09 14:15:18,336 - verilog_tb_gen - INFO - ===== Error for 7184 =====
2025-03-09 14:15:18,336 - verilog_tb_gen - INFO - list index out of range
2025-03-09 14:15:18,336 - verilog_tb_gen - INFO - ==================== Time Cost: 65.73295378684998 ====================
2025-03-09 14:15:18,336 - verilog_tb_gen - INFO - ==================== Generate data: 7185 ====================
2025-03-09 14:15:20,592 - verilog_tb_gen - INFO - Finished llm_coverage in 9.96 seconds
2025-03-09 14:15:21,475 - verilog_tb_gen - INFO - Finished llm_function_points in 5.26 seconds
2025-03-09 14:15:22,570 - verilog_tb_gen - INFO - Line coverage at iteration 2 is 60.0%
2025-03-09 14:15:22,570 - verilog_tb_gen - INFO - Finished vcs_coverage in 1.98 seconds
2025-03-09 14:15:22,706 - verilog_tb_gen - INFO - Finished llm_function_points in 5.30 seconds
2025-03-09 14:15:24,315 - verilog_tb_gen - INFO - Finished llm_function_points in 5.88 seconds
2025-03-09 14:15:24,624 - verilog_tb_gen - INFO - Finished llm_testbench_align in 9.69 seconds
2025-03-09 14:15:27,692 - verilog_tb_gen - INFO - Finished vcs_simulate_align in 3.07 seconds
2025-03-09 14:15:27,694 - verilog_tb_gen - INFO - Successfully generated testbench for 7104
2025-03-09 14:15:27,706 - verilog_tb_gen - INFO - ==================== Time Cost: 37.621299743652344 ====================
2025-03-09 14:15:27,707 - verilog_tb_gen - INFO - ==================== Generate data: 7105 ====================
2025-03-09 14:15:27,930 - verilog_tb_gen - INFO - Finished llm_testcases in 5.22 seconds
2025-03-09 14:15:29,034 - verilog_tb_gen - INFO - Finished llm_testcases in 7.56 seconds
2025-03-09 14:15:29,532 - verilog_tb_gen - INFO - Finished llm_coverage in 12.91 seconds
2025-03-09 14:15:29,757 - verilog_tb_gen - INFO - Finished llm_testcases in 5.44 seconds
2025-03-09 14:15:32,656 - verilog_tb_gen - INFO - Finished llm_function_points in 4.85 seconds
2025-03-09 14:15:33,290 - verilog_tb_gen - INFO - Line coverage at iteration 2 is 87.8%
2025-03-09 14:15:33,290 - verilog_tb_gen - INFO - Finished vcs_coverage in 3.76 seconds
2025-03-09 14:15:34,181 - verilog_tb_gen - INFO - Finished llm_coverage in 11.61 seconds
2025-03-09 14:15:35,228 - verilog_tb_gen - INFO - Finished llm_testbench_align in 17.09 seconds
2025-03-09 14:15:36,134 - verilog_tb_gen - INFO - Line coverage at iteration 3 is 60.0%
2025-03-09 14:15:36,134 - verilog_tb_gen - INFO - Finished vcs_coverage in 1.95 seconds
2025-03-09 14:15:36,135 - verilog_tb_gen - INFO - Reached maximum iterations (3). Stopping retry loop.
2025-03-09 14:15:36,140 - verilog_tb_gen - INFO - ===== Error for 7165 =====
2025-03-09 14:15:36,140 - verilog_tb_gen - INFO - list index out of range
2025-03-09 14:15:36,140 - verilog_tb_gen - INFO - ==================== Time Cost: 72.0594847202301 ====================
2025-03-09 14:15:36,140 - verilog_tb_gen - INFO - ==================== Generate data: 7166 ====================
2025-03-09 14:15:38,240 - verilog_tb_gen - INFO - Finished llm_testcases in 5.58 seconds
2025-03-09 14:15:38,435 - verilog_tb_gen - INFO - Finished vcs_simulate_align in 3.21 seconds
2025-03-09 14:15:38,438 - verilog_tb_gen - INFO - Successfully generated testbench for 5197
2025-03-09 14:15:38,450 - verilog_tb_gen - INFO - ==================== Time Cost: 57.342602252960205 ====================
2025-03-09 14:15:38,450 - verilog_tb_gen - INFO - ==================== Generate data: 5198 ====================
2025-03-09 14:15:39,061 - verilog_tb_gen - INFO - Finished llm_testbench in 11.13 seconds
2025-03-09 14:15:39,501 - verilog_tb_gen - INFO - Finished llm_testbench in 9.74 seconds
2025-03-09 14:15:40,811 - verilog_tb_gen - INFO - Finished vcs_compile in 1.31 seconds
2025-03-09 14:15:41,131 - verilog_tb_gen - INFO - Finished llm_function_points in 4.89 seconds
2025-03-09 14:15:42,144 - verilog_tb_gen - INFO - Finished vcs_compile in 3.08 seconds
2025-03-09 14:15:43,353 - verilog_tb_gen - INFO - Finished llm_function_points in 4.81 seconds
2025-03-09 14:15:44,546 - verilog_tb_gen - INFO - Line coverage at iteration 0 is 83.33%
2025-03-09 14:15:44,546 - verilog_tb_gen - INFO - Finished vcs_coverage in 2.40 seconds
2025-03-09 14:15:45,031 - verilog_tb_gen - INFO - Finished llm_testbench in 16.00 seconds
2025-03-09 14:15:46,238 - verilog_tb_gen - INFO - Finished llm_testcases in 5.11 seconds
2025-03-09 14:15:48,108 - verilog_tb_gen - INFO - Finished vcs_compile in 3.07 seconds
2025-03-09 14:15:49,053 - verilog_tb_gen - INFO - Finished llm_testcases in 5.70 seconds
2025-03-09 14:15:49,174 - verilog_tb_gen - INFO - Finished llm_coverage in 15.88 seconds
2025-03-09 14:15:50,537 - verilog_tb_gen - INFO - Line coverage at iteration 0 is 96.3%
2025-03-09 14:15:50,537 - verilog_tb_gen - INFO - Finished vcs_coverage in 2.43 seconds
2025-03-09 14:15:50,540 - verilog_tb_gen - INFO - Finished llm_testbench in 9.73 seconds
2025-03-09 14:15:51,054 - verilog_tb_gen - INFO - Finished vcs_simulate in 0.52 seconds
2025-03-09 14:15:51,837 - verilog_tb_gen - INFO - Finished llm_testbench in 13.60 seconds
2025-03-09 14:15:52,915 - verilog_tb_gen - INFO - Line coverage at iteration 3 is 87.8%
2025-03-09 14:15:52,915 - verilog_tb_gen - INFO - Finished vcs_coverage in 3.74 seconds
2025-03-09 14:15:52,916 - verilog_tb_gen - INFO - Reached maximum iterations (3). Stopping retry loop.
2025-03-09 14:15:53,427 - verilog_tb_gen - INFO - Finished vcs_simulate in 0.51 seconds
2025-03-09 14:15:53,621 - verilog_tb_gen - INFO - Finished vcs_compile in 3.08 seconds
2025-03-09 14:15:55,011 - verilog_tb_gen - INFO - Finished vcs_compile in 3.17 seconds
2025-03-09 14:15:55,955 - verilog_tb_gen - INFO - Line coverage at iteration 0 is 78.46%
2025-03-09 14:15:55,956 - verilog_tb_gen - INFO - Finished vcs_coverage in 2.33 seconds
2025-03-09 14:15:57,303 - verilog_tb_gen - INFO - Line coverage at iteration 0 is 83.61%
2025-03-09 14:15:57,303 - verilog_tb_gen - INFO - Finished vcs_coverage in 2.29 seconds
2025-03-09 14:15:57,479 - verilog_tb_gen - INFO - Finished llm_coverage in 12.93 seconds
2025-03-09 14:15:58,968 - verilog_tb_gen - INFO - Finished llm_testbench in 12.73 seconds
2025-03-09 14:16:01,249 - verilog_tb_gen - INFO - Line coverage at iteration 1 is 93.33%
2025-03-09 14:16:01,249 - verilog_tb_gen - INFO - Finished vcs_coverage in 3.77 seconds
2025-03-09 14:16:01,760 - verilog_tb_gen - INFO - Finished vcs_simulate in 0.51 seconds
2025-03-09 14:16:02,051 - verilog_tb_gen - INFO - Finished vcs_compile in 3.08 seconds
2025-03-09 14:16:04,413 - verilog_tb_gen - INFO - Line coverage at iteration 0 is 59.32%
2025-03-09 14:16:04,413 - verilog_tb_gen - INFO - Finished vcs_coverage in 2.36 seconds
2025-03-09 14:16:05,831 - verilog_tb_gen - INFO - Finished llm_testbench in 16.78 seconds
2025-03-09 14:16:08,254 - verilog_tb_gen - INFO - Finished llm_testbench_align in 14.83 seconds
2025-03-09 14:16:08,912 - verilog_tb_gen - INFO - Finished vcs_compile in 3.08 seconds
2025-03-09 14:16:09,528 - verilog_tb_gen - INFO - Finished llm_testbench_align in 18.47 seconds
2025-03-09 14:16:09,585 - verilog_tb_gen - INFO - Finished llm_coverage in 13.63 seconds
2025-03-09 14:16:11,250 - verilog_tb_gen - INFO - Line coverage at iteration 0 is 68.0%
2025-03-09 14:16:11,250 - verilog_tb_gen - INFO - Finished vcs_coverage in 2.34 seconds
2025-03-09 14:16:11,423 - verilog_tb_gen - INFO - Finished vcs_simulate_align in 3.17 seconds
2025-03-09 14:16:11,425 - verilog_tb_gen - INFO - Successfully generated testbench for 7125
2025-03-09 14:16:11,437 - verilog_tb_gen - INFO - ==================== Time Cost: 101.04396939277649 ====================
2025-03-09 14:16:11,437 - verilog_tb_gen - INFO - ==================== Generate data: 7126 ====================
2025-03-09 14:16:12,720 - verilog_tb_gen - INFO - Finished vcs_simulate_align in 3.19 seconds
2025-03-09 14:16:12,722 - verilog_tb_gen - INFO - Successfully generated testbench for 7086
2025-03-09 14:16:12,734 - verilog_tb_gen - INFO - ==================== Time Cost: 56.630260944366455 ====================
2025-03-09 14:16:12,735 - verilog_tb_gen - INFO - ==================== Generate data: 7087 ====================
2025-03-09 14:16:13,321 - verilog_tb_gen - INFO - Line coverage at iteration 1 is 78.46%
2025-03-09 14:16:13,321 - verilog_tb_gen - INFO - Finished vcs_coverage in 3.73 seconds
2025-03-09 14:16:15,347 - verilog_tb_gen - INFO - Finished llm_testbench_align in 13.59 seconds
2025-03-09 14:16:15,604 - verilog_tb_gen - INFO - Finished llm_function_points in 4.07 seconds
2025-03-09 14:16:16,689 - verilog_tb_gen - INFO - ===== Error for 7146 =====
2025-03-09 14:16:16,689 - verilog_tb_gen - INFO - list index out of range
2025-03-09 14:16:16,689 - verilog_tb_gen - INFO - ==================== Time Cost: 59.38396096229553 ====================
2025-03-09 14:16:16,689 - verilog_tb_gen - INFO - ==================== Generate data: 7147 ====================
2025-03-09 14:16:16,786 - verilog_tb_gen - INFO - Finished llm_coverage in 19.48 seconds
2025-03-09 14:16:17,883 - verilog_tb_gen - INFO - Finished llm_function_points in 5.05 seconds
2025-03-09 14:16:20,607 - verilog_tb_gen - INFO - Finished llm_testcases in 5.00 seconds
2025-03-09 14:16:20,626 - verilog_tb_gen - INFO - Line coverage at iteration 1 is 85.25%
2025-03-09 14:16:20,627 - verilog_tb_gen - INFO - Finished vcs_coverage in 3.84 seconds
2025-03-09 14:16:21,833 - verilog_tb_gen - INFO - Finished llm_function_points in 5.04 seconds
2025-03-09 14:16:23,769 - verilog_tb_gen - INFO - Finished llm_testcases in 5.88 seconds
2025-03-09 14:16:26,146 - verilog_tb_gen - INFO - Finished llm_coverage in 12.82 seconds
2025-03-09 14:16:26,696 - verilog_tb_gen - INFO - Finished llm_testcases in 4.86 seconds
2025-03-09 14:16:29,887 - verilog_tb_gen - INFO - Line coverage at iteration 2 is 78.46%
2025-03-09 14:16:29,887 - verilog_tb_gen - INFO - Finished vcs_coverage in 3.74 seconds
2025-03-09 14:16:30,625 - verilog_tb_gen - INFO - Finished llm_testbench in 10.02 seconds
2025-03-09 14:16:32,660 - verilog_tb_gen - INFO - Finished llm_coverage in 28.25 seconds
2025-03-09 14:16:33,255 - verilog_tb_gen - INFO - Finished llm_testbench in 9.48 seconds
2025-03-09 14:16:33,686 - verilog_tb_gen - INFO - Finished vcs_compile in 3.06 seconds
2025-03-09 14:16:34,588 - verilog_tb_gen - INFO - Finished vcs_compile in 1.33 seconds
2025-03-09 14:16:36,027 - verilog_tb_gen - INFO - Line coverage at iteration 0 is 33.33%
2025-03-09 14:16:36,027 - verilog_tb_gen - INFO - Finished vcs_coverage in 2.34 seconds
2025-03-09 14:16:36,447 - verilog_tb_gen - INFO - Line coverage at iteration 1 is 96.61%
2025-03-09 14:16:36,448 - verilog_tb_gen - INFO - Finished vcs_coverage in 3.79 seconds
2025-03-09 14:16:36,963 - verilog_tb_gen - INFO - Finished vcs_simulate in 0.51 seconds
2025-03-09 14:16:39,788 - verilog_tb_gen - INFO - Finished llm_coverage in 19.16 seconds
2025-03-09 14:16:40,266 - verilog_tb_gen - INFO - Finished llm_testbench in 13.57 seconds
2025-03-09 14:16:40,608 - verilog_tb_gen - INFO - Finished llm_coverage in 10.72 seconds
2025-03-09 14:16:43,312 - verilog_tb_gen - INFO - Finished vcs_compile in 3.05 seconds
2025-03-09 14:16:43,446 - verilog_tb_gen - INFO - Line coverage at iteration 2 is 85.25%
2025-03-09 14:16:43,446 - verilog_tb_gen - INFO - Finished vcs_coverage in 3.66 seconds
2025-03-09 14:16:44,293 - verilog_tb_gen - INFO - Line coverage at iteration 3 is 78.46%
2025-03-09 14:16:44,293 - verilog_tb_gen - INFO - Finished vcs_coverage in 3.68 seconds
2025-03-09 14:16:44,294 - verilog_tb_gen - INFO - Reached maximum iterations (3). Stopping retry loop.
2025-03-09 14:16:44,803 - verilog_tb_gen - INFO - Finished vcs_simulate in 0.51 seconds
2025-03-09 14:16:45,602 - verilog_tb_gen - INFO - Line coverage at iteration 0 is 100.0%
2025-03-09 14:16:45,602 - verilog_tb_gen - INFO - Finished vcs_coverage in 2.29 seconds
2025-03-09 14:16:46,113 - verilog_tb_gen - INFO - Finished vcs_simulate in 0.51 seconds
2025-03-09 14:16:46,627 - verilog_tb_gen - INFO - Finished llm_coverage in 35.37 seconds
2025-03-09 14:16:50,107 - verilog_tb_gen - INFO - Line coverage at iteration 1 is 92.0%
2025-03-09 14:16:50,107 - verilog_tb_gen - INFO - Finished vcs_coverage in 3.48 seconds
2025-03-09 14:16:50,614 - verilog_tb_gen - INFO - Finished vcs_simulate in 0.51 seconds
2025-03-09 14:16:55,135 - verilog_tb_gen - INFO - Finished llm_testbench in 20.55 seconds
2025-03-09 14:16:55,265 - verilog_tb_gen - INFO - Finished llm_coverage in 19.24 seconds
2025-03-09 14:16:56,434 - verilog_tb_gen - INFO - Finished vcs_compile in 1.30 seconds
2025-03-09 14:16:58,954 - verilog_tb_gen - INFO - Line coverage at iteration 1 is 66.67%
2025-03-09 14:16:58,954 - verilog_tb_gen - INFO - Finished vcs_coverage in 3.69 seconds
2025-03-09 14:16:59,720 - verilog_tb_gen - INFO - Finished llm_testbench_align in 14.92 seconds
2025-03-09 14:17:02,813 - verilog_tb_gen - INFO - Finished vcs_simulate_align in 3.09 seconds
2025-03-09 14:17:06,019 - verilog_tb_gen - INFO - Finished llm_coverage in 22.57 seconds
2025-03-09 14:17:09,621 - verilog_tb_gen - INFO - Line coverage at iteration 3 is 85.25%
2025-03-09 14:17:09,621 - verilog_tb_gen - INFO - Finished vcs_coverage in 3.60 seconds
2025-03-09 14:17:09,622 - verilog_tb_gen - INFO - Reached maximum iterations (3). Stopping retry loop.
2025-03-09 14:17:10,132 - verilog_tb_gen - INFO - Finished vcs_simulate in 0.51 seconds
2025-03-09 14:17:11,179 - verilog_tb_gen - INFO - Finished llm_testbench_align in 25.06 seconds
2025-03-09 14:17:14,156 - verilog_tb_gen - INFO - Finished vcs_simulate_align in 2.98 seconds
2025-03-09 14:17:14,158 - verilog_tb_gen - INFO - Successfully generated testbench for 7147
2025-03-09 14:17:14,171 - verilog_tb_gen - INFO - ==================== Time Cost: 57.481587409973145 ====================
2025-03-09 14:17:14,171 - verilog_tb_gen - INFO - ==================== Generate data: 7148 ====================
2025-03-09 14:17:15,166 - verilog_tb_gen - INFO - Finished llm_coverage in 16.21 seconds
2025-03-09 14:17:16,853 - verilog_tb_gen - INFO - Finished llm_testbench in 20.42 seconds
2025-03-09 14:17:17,585 - verilog_tb_gen - INFO - Finished llm_testbench_align in 14.77 seconds
2025-03-09 14:17:18,152 - verilog_tb_gen - INFO - Finished vcs_compile in 1.30 seconds
2025-03-09 14:17:18,152 - verilog_tb_gen - INFO - Reached maximum iterations (3). Stopping retry loop.
2025-03-09 14:17:18,154 - verilog_tb_gen - INFO - Failed to generate testbench for 7087
2025-03-09 14:17:18,169 - verilog_tb_gen - INFO - ==================== Time Cost: 65.43470120429993 ====================
2025-03-09 14:17:18,169 - verilog_tb_gen - INFO - ==================== Generate data: 7088 ====================
2025-03-09 14:17:18,793 - verilog_tb_gen - INFO - Line coverage at iteration 2 is 66.67%
2025-03-09 14:17:18,793 - verilog_tb_gen - INFO - Finished vcs_coverage in 3.63 seconds
2025-03-09 14:17:19,337 - verilog_tb_gen - INFO - Finished llm_testbench_align in 42.37 seconds
2025-03-09 14:17:20,174 - verilog_tb_gen - INFO - Finished llm_function_points in 5.90 seconds
2025-03-09 14:17:20,691 - verilog_tb_gen - INFO - Finished vcs_simulate_align in 3.10 seconds
2025-03-09 14:17:20,693 - verilog_tb_gen - INFO - Successfully generated testbench for 7185
2025-03-09 14:17:20,706 - verilog_tb_gen - INFO - ==================== Time Cost: 122.36966586112976 ====================
2025-03-09 14:17:20,706 - verilog_tb_gen - INFO - ==================== Generate data: 7186 ====================
2025-03-09 14:17:22,512 - verilog_tb_gen - INFO - Finished vcs_simulate_align in 3.17 seconds
2025-03-09 14:17:22,514 - verilog_tb_gen - INFO - Successfully generated testbench for 7166
2025-03-09 14:17:22,527 - verilog_tb_gen - INFO - ==================== Time Cost: 106.38680148124695 ====================
2025-03-09 14:17:22,527 - verilog_tb_gen - INFO - ==================== Generate data: 7167 ====================
2025-03-09 14:17:23,733 - verilog_tb_gen - INFO - Finished llm_function_points in 5.46 seconds
2025-03-09 14:17:26,195 - verilog_tb_gen - INFO - Finished llm_function_points in 5.39 seconds
2025-03-09 14:17:27,134 - verilog_tb_gen - INFO - Finished llm_testcases in 6.96 seconds
2025-03-09 14:17:27,165 - verilog_tb_gen - INFO - Finished llm_function_points in 4.54 seconds
2025-03-09 14:17:27,431 - verilog_tb_gen - INFO - Finished llm_testbench_align in 36.82 seconds
2025-03-09 14:17:30,334 - verilog_tb_gen - INFO - Finished llm_testcases in 6.60 seconds
2025-03-09 14:17:30,514 - verilog_tb_gen - INFO - Finished vcs_simulate_align in 3.08 seconds
2025-03-09 14:17:30,516 - verilog_tb_gen - INFO - Successfully generated testbench for 5198
2025-03-09 14:17:30,528 - verilog_tb_gen - INFO - ==================== Time Cost: 112.07728552818298 ====================
2025-03-09 14:17:30,528 - verilog_tb_gen - INFO - ==================== Generate data: 5199 ====================
2025-03-09 14:17:31,182 - verilog_tb_gen - INFO - Finished llm_testcases in 4.99 seconds
2025-03-09 14:17:32,940 - verilog_tb_gen - INFO - Finished llm_testcases in 5.77 seconds
2025-03-09 14:17:33,786 - verilog_tb_gen - INFO - Finished llm_testbench_align in 23.65 seconds
2025-03-09 14:17:35,128 - verilog_tb_gen - INFO - Finished llm_function_points in 4.50 seconds
2025-03-09 14:17:36,926 - verilog_tb_gen - INFO - Finished vcs_simulate_align in 3.14 seconds
2025-03-09 14:17:36,928 - verilog_tb_gen - INFO - Successfully generated testbench for 7105
2025-03-09 14:17:36,941 - verilog_tb_gen - INFO - ==================== Time Cost: 129.2347536087036 ====================
2025-03-09 14:17:36,942 - verilog_tb_gen - INFO - ==================== Generate data: 7106 ====================
2025-03-09 14:17:37,566 - verilog_tb_gen - INFO - Finished llm_coverage in 18.77 seconds
2025-03-09 14:17:39,544 - verilog_tb_gen - INFO - Finished llm_testbench in 12.39 seconds
2025-03-09 14:17:40,537 - verilog_tb_gen - INFO - Finished llm_testbench in 10.20 seconds
2025-03-09 14:17:41,146 - verilog_tb_gen - INFO - Finished llm_testcases in 6.02 seconds
2025-03-09 14:17:41,190 - verilog_tb_gen - INFO - Line coverage at iteration 3 is 66.67%
2025-03-09 14:17:41,191 - verilog_tb_gen - INFO - Finished vcs_coverage in 3.62 seconds
2025-03-09 14:17:41,191 - verilog_tb_gen - INFO - Reached maximum iterations (3). Stopping retry loop.
2025-03-09 14:17:41,296 - verilog_tb_gen - INFO - Finished llm_function_points in 4.26 seconds
2025-03-09 14:17:41,701 - verilog_tb_gen - INFO - Finished vcs_simulate in 0.51 seconds
2025-03-09 14:17:42,555 - verilog_tb_gen - INFO - Finished vcs_compile in 3.01 seconds
2025-03-09 14:17:43,574 - verilog_tb_gen - INFO - Finished vcs_compile in 3.04 seconds
2025-03-09 14:17:44,722 - verilog_tb_gen - INFO - Finished llm_testbench in 13.54 seconds
2025-03-09 14:17:44,898 - verilog_tb_gen - INFO - Line coverage at iteration 0 is 100.0%
2025-03-09 14:17:44,899 - verilog_tb_gen - INFO - Finished vcs_coverage in 2.34 seconds
2025-03-09 14:17:45,403 - verilog_tb_gen - INFO - Finished vcs_simulate in 0.50 seconds
2025-03-09 14:17:45,892 - verilog_tb_gen - INFO - Line coverage at iteration 0 is 100.0%
2025-03-09 14:17:45,892 - verilog_tb_gen - INFO - Finished vcs_coverage in 2.32 seconds
2025-03-09 14:17:46,394 - verilog_tb_gen - INFO - Finished vcs_simulate in 0.50 seconds
2025-03-09 14:17:46,430 - verilog_tb_gen - INFO - Finished llm_testbench in 13.49 seconds
2025-03-09 14:17:47,794 - verilog_tb_gen - INFO - Finished vcs_compile in 3.07 seconds
2025-03-09 14:17:49,227 - verilog_tb_gen - INFO - Finished llm_testcases in 7.93 seconds
2025-03-09 14:17:49,412 - verilog_tb_gen - INFO - Finished vcs_compile in 2.98 seconds
2025-03-09 14:17:50,147 - verilog_tb_gen - INFO - Line coverage at iteration 0 is 100.0%
2025-03-09 14:17:50,148 - verilog_tb_gen - INFO - Finished vcs_coverage in 2.35 seconds
2025-03-09 14:17:50,659 - verilog_tb_gen - INFO - Finished vcs_simulate in 0.51 seconds
2025-03-09 14:17:51,757 - verilog_tb_gen - INFO - Line coverage at iteration 0 is 37.5%
2025-03-09 14:17:51,758 - verilog_tb_gen - INFO - Finished vcs_coverage in 2.34 seconds
2025-03-09 14:17:53,108 - verilog_tb_gen - INFO - Finished llm_testbench in 11.96 seconds
2025-03-09 14:17:56,101 - verilog_tb_gen - INFO - Finished vcs_compile in 2.99 seconds
2025-03-09 14:17:57,756 - verilog_tb_gen - INFO - Finished llm_testbench_align in 12.35 seconds
2025-03-09 14:17:58,380 - verilog_tb_gen - INFO - Line coverage at iteration 0 is 100.0%
2025-03-09 14:17:58,380 - verilog_tb_gen - INFO - Finished vcs_coverage in 2.28 seconds
2025-03-09 14:17:58,572 - verilog_tb_gen - INFO - Finished llm_testbench_align in 12.18 seconds
2025-03-09 14:17:58,905 - verilog_tb_gen - INFO - Finished vcs_simulate in 0.52 seconds
2025-03-09 14:18:00,882 - verilog_tb_gen - INFO - Finished vcs_simulate_align in 3.12 seconds
2025-03-09 14:18:00,884 - verilog_tb_gen - INFO - Successfully generated testbench for 7148
2025-03-09 14:18:00,896 - verilog_tb_gen - INFO - ==================== Time Cost: 46.72524881362915 ====================
2025-03-09 14:18:00,896 - verilog_tb_gen - INFO - ==================== Generate data: 7149 ====================
2025-03-09 14:18:01,609 - verilog_tb_gen - INFO - Finished vcs_simulate_align in 3.04 seconds
2025-03-09 14:18:01,611 - verilog_tb_gen - INFO - Successfully generated testbench for 7088
2025-03-09 14:18:01,623 - verilog_tb_gen - INFO - ==================== Time Cost: 43.454023599624634 ====================
2025-03-09 14:18:01,624 - verilog_tb_gen - INFO - ==================== Generate data: 7089 ====================
2025-03-09 14:18:04,118 - verilog_tb_gen - INFO - Finished llm_testbench in 14.89 seconds
2025-03-09 14:18:05,463 - verilog_tb_gen - INFO - Finished vcs_compile in 1.34 seconds
2025-03-09 14:18:05,618 - verilog_tb_gen - INFO - Finished llm_function_points in 4.62 seconds
2025-03-09 14:18:05,671 - verilog_tb_gen - INFO - Finished llm_testbench_align in 15.01 seconds
2025-03-09 14:18:07,037 - verilog_tb_gen - INFO - ===== Error for 7186 =====
2025-03-09 14:18:07,037 - verilog_tb_gen - INFO - list index out of range
2025-03-09 14:18:07,037 - verilog_tb_gen - INFO - ==================== Time Cost: 46.33159327507019 ====================
2025-03-09 14:18:07,037 - verilog_tb_gen - INFO - ==================== Generate data: 7187 ====================
2025-03-09 14:18:07,449 - verilog_tb_gen - INFO - Finished llm_function_points in 5.73 seconds
2025-03-09 14:18:07,945 - verilog_tb_gen - INFO - Finished llm_testbench_align in 26.24 seconds
2025-03-09 14:18:11,114 - verilog_tb_gen - INFO - Finished vcs_simulate_align in 3.17 seconds
2025-03-09 14:18:11,116 - verilog_tb_gen - INFO - Successfully generated testbench for 7126
2025-03-09 14:18:11,131 - verilog_tb_gen - INFO - ==================== Time Cost: 119.69347429275513 ====================
2025-03-09 14:18:11,131 - verilog_tb_gen - INFO - ==================== Generate data: 7127 ====================
2025-03-09 14:18:11,763 - verilog_tb_gen - INFO - Finished llm_function_points in 4.63 seconds
2025-03-09 14:18:11,792 - verilog_tb_gen - INFO - Finished llm_testbench_align in 12.89 seconds
2025-03-09 14:18:12,358 - verilog_tb_gen - INFO - Finished llm_testcases in 6.74 seconds
2025-03-09 14:18:12,750 - verilog_tb_gen - INFO - Finished llm_testcases in 5.30 seconds
2025-03-09 14:18:14,957 - verilog_tb_gen - INFO - Finished vcs_simulate_align in 3.16 seconds
2025-03-09 14:18:14,959 - verilog_tb_gen - INFO - Successfully generated testbench for 5199
2025-03-09 14:18:14,970 - verilog_tb_gen - INFO - ==================== Time Cost: 44.44273352622986 ====================
2025-03-09 14:18:16,257 - verilog_tb_gen - INFO - Finished llm_function_points in 5.03 seconds
2025-03-09 14:18:17,041 - verilog_tb_gen - INFO - Finished llm_testcases in 5.28 seconds
2025-03-09 14:18:22,540 - verilog_tb_gen - INFO - Finished llm_testbench in 17.08 seconds
2025-03-09 14:18:22,716 - verilog_tb_gen - INFO - Finished llm_testbench in 10.36 seconds
2025-03-09 14:18:23,844 - verilog_tb_gen - INFO - Finished llm_testcases in 7.59 seconds
2025-03-09 14:18:23,904 - verilog_tb_gen - INFO - Finished vcs_compile in 1.36 seconds
2025-03-09 14:18:24,220 - verilog_tb_gen - INFO - Finished llm_coverage in 32.46 seconds
2025-03-09 14:18:25,816 - verilog_tb_gen - INFO - Finished vcs_compile in 3.10 seconds
2025-03-09 14:18:26,120 - verilog_tb_gen - INFO - Finished llm_testbench in 13.37 seconds
2025-03-09 14:18:27,901 - verilog_tb_gen - INFO - Line coverage at iteration 1 is 92.5%
2025-03-09 14:18:27,901 - verilog_tb_gen - INFO - Finished vcs_coverage in 3.68 seconds
2025-03-09 14:18:28,164 - verilog_tb_gen - INFO - Line coverage at iteration 0 is 100.0%
2025-03-09 14:18:28,164 - verilog_tb_gen - INFO - Finished vcs_coverage in 2.35 seconds
2025-03-09 14:18:28,405 - verilog_tb_gen - INFO - Finished vcs_simulate in 0.50 seconds
2025-03-09 14:18:28,667 - verilog_tb_gen - INFO - Finished vcs_simulate in 0.50 seconds
2025-03-09 14:18:29,139 - verilog_tb_gen - INFO - Finished vcs_compile in 3.02 seconds
2025-03-09 14:18:31,534 - verilog_tb_gen - INFO - Line coverage at iteration 0 is 100.0%
2025-03-09 14:18:31,534 - verilog_tb_gen - INFO - Finished vcs_coverage in 2.39 seconds
2025-03-09 14:18:32,042 - verilog_tb_gen - INFO - Finished vcs_simulate in 0.51 seconds
2025-03-09 14:18:33,244 - verilog_tb_gen - INFO - Finished llm_testbench in 16.19 seconds
2025-03-09 14:18:36,310 - verilog_tb_gen - INFO - Finished vcs_compile in 3.06 seconds
2025-03-09 14:18:37,921 - verilog_tb_gen - INFO - Finished llm_testbench in 14.01 seconds
2025-03-09 14:18:38,704 - verilog_tb_gen - INFO - Line coverage at iteration 0 is 88.24%
2025-03-09 14:18:38,704 - verilog_tb_gen - INFO - Finished vcs_coverage in 2.39 seconds
2025-03-09 14:18:39,230 - verilog_tb_gen - INFO - Finished vcs_compile in 1.31 seconds
2025-03-09 14:18:39,231 - verilog_tb_gen - INFO - Reached maximum iterations (3). Stopping retry loop.
2025-03-09 14:18:39,232 - verilog_tb_gen - INFO - Failed to generate testbench for 7106
2025-03-09 14:18:39,240 - verilog_tb_gen - INFO - ==================== Time Cost: 62.297810316085815 ====================
2025-03-09 14:18:39,240 - verilog_tb_gen - INFO - ==================== Generate data: 7107 ====================
2025-03-09 14:18:39,587 - verilog_tb_gen - INFO - Finished llm_testbench_align in 10.92 seconds
2025-03-09 14:18:40,282 - verilog_tb_gen - INFO - Finished llm_testbench in 16.44 seconds
2025-03-09 14:18:42,724 - verilog_tb_gen - INFO - Finished vcs_simulate_align in 3.14 seconds
2025-03-09 14:18:42,726 - verilog_tb_gen - INFO - Successfully generated testbench for 7149
2025-03-09 14:18:42,738 - verilog_tb_gen - INFO - ==================== Time Cost: 41.84156155586243 ====================
2025-03-09 14:18:42,738 - verilog_tb_gen - INFO - ==================== Generate data: 7150 ====================
2025-03-09 14:18:43,303 - verilog_tb_gen - INFO - Finished vcs_compile in 3.02 seconds
2025-03-09 14:18:44,077 - verilog_tb_gen - INFO - Finished llm_function_points in 4.74 seconds
2025-03-09 14:18:44,736 - verilog_tb_gen - INFO - Finished llm_testbench_align in 12.69 seconds
2025-03-09 14:18:45,641 - verilog_tb_gen - INFO - Line coverage at iteration 0 is 95.83%
2025-03-09 14:18:45,642 - verilog_tb_gen - INFO - Finished vcs_coverage in 2.34 seconds
2025-03-09 14:18:46,157 - verilog_tb_gen - INFO - Finished vcs_simulate in 0.51 seconds
2025-03-09 14:18:47,721 - verilog_tb_gen - INFO - Finished llm_function_points in 4.87 seconds
2025-03-09 14:18:47,839 - verilog_tb_gen - INFO - Finished vcs_simulate_align in 3.10 seconds
2025-03-09 14:18:47,841 - verilog_tb_gen - INFO - Successfully generated testbench for 7089
2025-03-09 14:18:47,854 - verilog_tb_gen - INFO - ==================== Time Cost: 46.23004746437073 ====================
2025-03-09 14:18:47,854 - verilog_tb_gen - INFO - ==================== Generate data: 7090 ====================
2025-03-09 14:18:50,527 - verilog_tb_gen - INFO - Finished llm_testcases in 6.45 seconds
2025-03-09 14:18:53,307 - verilog_tb_gen - INFO - Finished llm_function_points in 5.35 seconds
2025-03-09 14:18:55,079 - verilog_tb_gen - INFO - Finished llm_testcases in 7.36 seconds
2025-03-09 14:18:55,978 - verilog_tb_gen - INFO - Finished llm_coverage in 17.27 seconds
2025-03-09 14:18:57,938 - verilog_tb_gen - INFO - Finished llm_testcases in 4.63 seconds
2025-03-09 14:18:59,736 - verilog_tb_gen - INFO - Line coverage at iteration 1 is 91.18%
2025-03-09 14:18:59,737 - verilog_tb_gen - INFO - Finished vcs_coverage in 3.76 seconds
2025-03-09 14:19:00,253 - verilog_tb_gen - INFO - Finished vcs_simulate in 0.51 seconds
2025-03-09 14:19:00,556 - verilog_tb_gen - INFO - Finished llm_testbench in 10.03 seconds
2025-03-09 14:19:01,358 - verilog_tb_gen - INFO - Finished llm_testbench_align in 15.20 seconds
2025-03-09 14:19:03,643 - verilog_tb_gen - INFO - Finished vcs_compile in 3.09 seconds
2025-03-09 14:19:04,446 - verilog_tb_gen - INFO - Finished llm_testbench in 9.37 seconds
2025-03-09 14:19:04,484 - verilog_tb_gen - INFO - Finished vcs_simulate_align in 3.12 seconds
2025-03-09 14:19:04,486 - verilog_tb_gen - INFO - Successfully generated testbench for 7127
2025-03-09 14:19:04,498 - verilog_tb_gen - INFO - ==================== Time Cost: 53.36713242530823 ====================
2025-03-09 14:19:04,498 - verilog_tb_gen - INFO - ==================== Generate data: 7128 ====================
2025-03-09 14:19:05,975 - verilog_tb_gen - INFO - Line coverage at iteration 0 is 38.46%
2025-03-09 14:19:05,975 - verilog_tb_gen - INFO - Finished vcs_coverage in 2.33 seconds
2025-03-09 14:19:07,354 - verilog_tb_gen - INFO - Finished llm_testbench_align in 38.95 seconds
2025-03-09 14:19:07,564 - verilog_tb_gen - INFO - Finished vcs_compile in 3.12 seconds
2025-03-09 14:19:09,144 - verilog_tb_gen - INFO - Finished llm_function_points in 4.55 seconds
2025-03-09 14:19:09,903 - verilog_tb_gen - INFO - Line coverage at iteration 0 is 100.0%
2025-03-09 14:19:09,904 - verilog_tb_gen - INFO - Finished vcs_coverage in 2.34 seconds
2025-03-09 14:19:10,417 - verilog_tb_gen - INFO - Finished vcs_simulate in 0.51 seconds
2025-03-09 14:19:10,459 - verilog_tb_gen - INFO - Finished vcs_simulate_align in 3.10 seconds
2025-03-09 14:19:10,461 - verilog_tb_gen - INFO - Successfully generated testbench for 7167
2025-03-09 14:19:10,473 - verilog_tb_gen - INFO - ==================== Time Cost: 107.94605255126953 ====================
2025-03-09 14:19:10,473 - verilog_tb_gen - INFO - ==================== Generate data: 7168 ====================
2025-03-09 14:19:14,624 - verilog_tb_gen - INFO - Finished llm_testcases in 5.48 seconds
2025-03-09 14:19:16,219 - verilog_tb_gen - INFO - Finished llm_function_points in 5.65 seconds
2025-03-09 14:19:18,370 - verilog_tb_gen - INFO - Finished llm_testbench in 20.43 seconds
2025-03-09 14:19:18,651 - verilog_tb_gen - INFO - Finished llm_coverage in 12.67 seconds
2025-03-09 14:19:19,783 - verilog_tb_gen - INFO - Finished llm_testbench_align in 9.36 seconds
2025-03-09 14:19:21,153 - verilog_tb_gen - INFO - Finished llm_testcases in 4.93 seconds
2025-03-09 14:19:21,429 - verilog_tb_gen - INFO - Finished vcs_compile in 3.06 seconds
2025-03-09 14:19:22,372 - verilog_tb_gen - INFO - Line coverage at iteration 1 is 56.41%
2025-03-09 14:19:22,372 - verilog_tb_gen - INFO - Finished vcs_coverage in 3.72 seconds
2025-03-09 14:19:22,925 - verilog_tb_gen - INFO - Finished vcs_simulate_align in 3.14 seconds
2025-03-09 14:19:22,927 - verilog_tb_gen - INFO - Successfully generated testbench for 7150
2025-03-09 14:19:22,939 - verilog_tb_gen - INFO - ==================== Time Cost: 40.200687646865845 ====================
2025-03-09 14:19:22,939 - verilog_tb_gen - INFO - ==================== Generate data: 7151 ====================
2025-03-09 14:19:23,642 - verilog_tb_gen - INFO - Finished llm_testbench_align in 23.39 seconds
2025-03-09 14:19:23,792 - verilog_tb_gen - INFO - Line coverage at iteration 0 is 69.35%
2025-03-09 14:19:23,792 - verilog_tb_gen - INFO - Finished vcs_coverage in 2.36 seconds
2025-03-09 14:19:24,916 - verilog_tb_gen - INFO - ===== Error for 7187 =====
2025-03-09 14:19:24,916 - verilog_tb_gen - INFO - list index out of range
2025-03-09 14:19:24,916 - verilog_tb_gen - INFO - ==================== Time Cost: 77.87854313850403 ====================
2025-03-09 14:19:24,916 - verilog_tb_gen - INFO - ==================== Generate data: 7188 ====================
2025-03-09 14:19:25,422 - verilog_tb_gen - INFO - Finished llm_testbench in 10.80 seconds
2025-03-09 14:19:27,388 - verilog_tb_gen - INFO - Finished llm_function_points in 4.35 seconds
2025-03-09 14:19:28,591 - verilog_tb_gen - INFO - Finished vcs_compile in 3.17 seconds
2025-03-09 14:19:29,039 - verilog_tb_gen - INFO - Finished llm_function_points in 4.02 seconds
2025-03-09 14:19:30,987 - verilog_tb_gen - INFO - Line coverage at iteration 0 is 100.0%
2025-03-09 14:19:30,987 - verilog_tb_gen - INFO - Finished vcs_coverage in 2.39 seconds
2025-03-09 14:19:31,405 - verilog_tb_gen - INFO - Finished llm_testcases in 4.01 seconds
2025-03-09 14:19:31,499 - verilog_tb_gen - INFO - Finished vcs_simulate in 0.51 seconds
2025-03-09 14:19:32,534 - verilog_tb_gen - INFO - Finished llm_testbench in 11.38 seconds
2025-03-09 14:19:33,236 - verilog_tb_gen - INFO - Finished llm_testcases in 4.20 seconds
2025-03-09 14:19:35,639 - verilog_tb_gen - INFO - Finished vcs_compile in 3.10 seconds
2025-03-09 14:19:35,910 - verilog_tb_gen - INFO - Finished llm_coverage in 13.54 seconds
2025-03-09 14:19:38,002 - verilog_tb_gen - INFO - Line coverage at iteration 0 is 100.0%
2025-03-09 14:19:38,002 - verilog_tb_gen - INFO - Finished vcs_coverage in 2.36 seconds
2025-03-09 14:19:38,514 - verilog_tb_gen - INFO - Finished vcs_simulate in 0.51 seconds
2025-03-09 14:19:39,678 - verilog_tb_gen - INFO - Line coverage at iteration 2 is 56.41%
2025-03-09 14:19:39,678 - verilog_tb_gen - INFO - Finished vcs_coverage in 3.77 seconds
2025-03-09 14:19:43,229 - verilog_tb_gen - INFO - Finished llm_testbench_align in 11.73 seconds
2025-03-09 14:19:46,237 - verilog_tb_gen - INFO - Finished llm_testbench in 14.83 seconds
2025-03-09 14:19:46,384 - verilog_tb_gen - INFO - Finished vcs_simulate_align in 3.15 seconds
2025-03-09 14:19:46,386 - verilog_tb_gen - INFO - Successfully generated testbench for 7128
2025-03-09 14:19:46,399 - verilog_tb_gen - INFO - ==================== Time Cost: 41.90096473693848 ====================
2025-03-09 14:19:46,399 - verilog_tb_gen - INFO - ==================== Generate data: 7129 ====================
2025-03-09 14:19:46,676 - verilog_tb_gen - INFO - Finished llm_testbench in 13.44 seconds
2025-03-09 14:19:47,502 - verilog_tb_gen - INFO - Finished llm_coverage in 23.71 seconds
2025-03-09 14:19:49,329 - verilog_tb_gen - INFO - Finished vcs_compile in 3.09 seconds
2025-03-09 14:19:49,752 - verilog_tb_gen - INFO - Finished vcs_compile in 3.07 seconds
2025-03-09 14:19:50,834 - verilog_tb_gen - INFO - Finished llm_testbench_align in 12.32 seconds
2025-03-09 14:19:51,245 - verilog_tb_gen - INFO - Line coverage at iteration 1 is 77.42%
2025-03-09 14:19:51,246 - verilog_tb_gen - INFO - Finished vcs_coverage in 3.74 seconds
2025-03-09 14:19:51,690 - verilog_tb_gen - INFO - Line coverage at iteration 0 is 88.24%
2025-03-09 14:19:51,691 - verilog_tb_gen - INFO - Finished vcs_coverage in 2.36 seconds
2025-03-09 14:19:51,997 - verilog_tb_gen - INFO - Finished llm_function_points in 5.50 seconds
2025-03-09 14:19:52,131 - verilog_tb_gen - INFO - Line coverage at iteration 0 is 65.0%
2025-03-09 14:19:52,131 - verilog_tb_gen - INFO - Finished vcs_coverage in 2.38 seconds
2025-03-09 14:19:54,022 - verilog_tb_gen - INFO - Finished vcs_simulate_align in 3.19 seconds
2025-03-09 14:19:54,024 - verilog_tb_gen - INFO - Successfully generated testbench for 7168
2025-03-09 14:19:54,037 - verilog_tb_gen - INFO - ==================== Time Cost: 43.56370449066162 ====================
2025-03-09 14:19:54,037 - verilog_tb_gen - INFO - ==================== Generate data: 7169 ====================
2025-03-09 14:19:54,456 - verilog_tb_gen - INFO - Finished llm_coverage in 14.78 seconds
2025-03-09 14:19:57,215 - verilog_tb_gen - INFO - Finished llm_testcases in 5.22 seconds
2025-03-09 14:19:58,176 - verilog_tb_gen - INFO - Line coverage at iteration 3 is 56.41%
2025-03-09 14:19:58,176 - verilog_tb_gen - INFO - Finished vcs_coverage in 3.72 seconds
2025-03-09 14:19:58,177 - verilog_tb_gen - INFO - Reached maximum iterations (3). Stopping retry loop.
2025-03-09 14:19:58,697 - verilog_tb_gen - INFO - Finished vcs_simulate in 0.52 seconds
2025-03-09 14:19:59,335 - verilog_tb_gen - INFO - Finished llm_function_points in 5.20 seconds
2025-03-09 14:20:04,307 - verilog_tb_gen - INFO - Finished llm_testcases in 4.97 seconds
2025-03-09 14:20:09,206 - verilog_tb_gen - INFO - Finished llm_coverage in 17.51 seconds
2025-03-09 14:20:09,812 - verilog_tb_gen - INFO - Finished llm_testbench in 12.60 seconds
2025-03-09 14:20:11,244 - verilog_tb_gen - INFO - Finished llm_coverage in 19.11 seconds
2025-03-09 14:20:12,861 - verilog_tb_gen - INFO - Line coverage at iteration 1 is 100.0%
2025-03-09 14:20:12,861 - verilog_tb_gen - INFO - Finished vcs_coverage in 3.65 seconds
2025-03-09 14:20:12,900 - verilog_tb_gen - INFO - Finished vcs_compile in 3.09 seconds
2025-03-09 14:20:13,376 - verilog_tb_gen - INFO - Finished vcs_simulate in 0.51 seconds
2025-03-09 14:20:13,873 - verilog_tb_gen - INFO - Finished llm_coverage in 22.63 seconds
2025-03-09 14:20:15,044 - verilog_tb_gen - INFO - Line coverage at iteration 1 is 77.5%
2025-03-09 14:20:15,044 - verilog_tb_gen - INFO - Finished vcs_coverage in 3.80 seconds
2025-03-09 14:20:15,218 - verilog_tb_gen - INFO - Line coverage at iteration 0 is 96.0%
2025-03-09 14:20:15,218 - verilog_tb_gen - INFO - Finished vcs_coverage in 2.32 seconds
2025-03-09 14:20:15,322 - verilog_tb_gen - INFO - Finished llm_testbench_align in 16.62 seconds
2025-03-09 14:20:15,730 - verilog_tb_gen - INFO - Finished vcs_simulate in 0.51 seconds
2025-03-09 14:20:17,543 - verilog_tb_gen - INFO - Finished llm_testbench in 13.23 seconds
2025-03-09 14:20:17,620 - verilog_tb_gen - INFO - Line coverage at iteration 2 is 77.42%
2025-03-09 14:20:17,620 - verilog_tb_gen - INFO - Finished vcs_coverage in 3.75 seconds
2025-03-09 14:20:18,406 - verilog_tb_gen - INFO - Finished vcs_simulate_align in 3.08 seconds
2025-03-09 14:20:18,408 - verilog_tb_gen - INFO - Successfully generated testbench for 7107
2025-03-09 14:20:18,422 - verilog_tb_gen - INFO - ==================== Time Cost: 99.18235111236572 ====================
2025-03-09 14:20:18,422 - verilog_tb_gen - INFO - ==================== Generate data: 7108 ====================
2025-03-09 14:20:20,578 - verilog_tb_gen - INFO - Finished vcs_compile in 3.03 seconds
2025-03-09 14:20:22,924 - verilog_tb_gen - INFO - Line coverage at iteration 0 is 100.0%
2025-03-09 14:20:22,924 - verilog_tb_gen - INFO - Finished vcs_coverage in 2.34 seconds
2025-03-09 14:20:23,440 - verilog_tb_gen - INFO - Finished vcs_simulate in 0.51 seconds
2025-03-09 14:20:24,097 - verilog_tb_gen - INFO - Finished llm_function_points in 5.57 seconds
2025-03-09 14:20:25,239 - verilog_tb_gen - INFO - Finished llm_testbench_align in 9.51 seconds
2025-03-09 14:20:28,338 - verilog_tb_gen - INFO - Finished vcs_simulate_align in 3.10 seconds
2025-03-09 14:20:28,340 - verilog_tb_gen - INFO - Successfully generated testbench for 7129
2025-03-09 14:20:28,352 - verilog_tb_gen - INFO - ==================== Time Cost: 41.95294904708862 ====================
2025-03-09 14:20:28,352 - verilog_tb_gen - INFO - ==================== Generate data: 7130 ====================
2025-03-09 14:20:29,196 - verilog_tb_gen - INFO - Finished llm_testcases in 5.10 seconds
2025-03-09 14:20:32,758 - verilog_tb_gen - INFO - Finished llm_coverage in 17.71 seconds
2025-03-09 14:20:36,575 - verilog_tb_gen - INFO - Line coverage at iteration 2 is 80.0%
2025-03-09 14:20:36,575 - verilog_tb_gen - INFO - Finished vcs_coverage in 3.82 seconds
2025-03-09 14:20:36,808 - verilog_tb_gen - INFO - Finished llm_testbench_align in 13.37 seconds
2025-03-09 14:20:37,269 - verilog_tb_gen - INFO - Finished llm_function_points in 8.82 seconds
2025-03-09 14:20:37,605 - verilog_tb_gen - INFO - Finished llm_coverage in 19.98 seconds
2025-03-09 14:20:39,990 - verilog_tb_gen - INFO - Finished vcs_simulate_align in 3.18 seconds
2025-03-09 14:20:39,992 - verilog_tb_gen - INFO - Successfully generated testbench for 7169
2025-03-09 14:20:40,005 - verilog_tb_gen - INFO - ==================== Time Cost: 45.967477560043335 ====================
2025-03-09 14:20:40,005 - verilog_tb_gen - INFO - ==================== Generate data: 7170 ====================
2025-03-09 14:20:40,263 - verilog_tb_gen - INFO - Finished llm_testbench_align in 26.89 seconds
2025-03-09 14:20:40,856 - verilog_tb_gen - INFO - Finished llm_testbench in 11.66 seconds
2025-03-09 14:20:41,324 - verilog_tb_gen - INFO - Line coverage at iteration 3 is 77.42%
2025-03-09 14:20:41,324 - verilog_tb_gen - INFO - Finished vcs_coverage in 3.72 seconds
2025-03-09 14:20:41,324 - verilog_tb_gen - INFO - Reached maximum iterations (3). Stopping retry loop.
2025-03-09 14:20:41,837 - verilog_tb_gen - INFO - Finished vcs_simulate in 0.51 seconds
2025-03-09 14:20:42,033 - verilog_tb_gen - INFO - Finished llm_testcases in 4.76 seconds
2025-03-09 14:20:42,144 - verilog_tb_gen - INFO - Finished vcs_compile in 1.29 seconds
2025-03-09 14:20:43,438 - verilog_tb_gen - INFO - Finished vcs_simulate_align in 3.17 seconds
2025-03-09 14:20:43,440 - verilog_tb_gen - INFO - Successfully generated testbench for 7151
2025-03-09 14:20:43,449 - verilog_tb_gen - INFO - ==================== Time Cost: 80.50988101959229 ====================
2025-03-09 14:20:43,449 - verilog_tb_gen - INFO - ==================== Generate data: 7152 ====================
2025-03-09 14:20:48,374 - verilog_tb_gen - INFO - Finished llm_function_points in 8.27 seconds
2025-03-09 14:20:50,962 - verilog_tb_gen - INFO - Finished llm_function_points in 7.46 seconds
2025-03-09 14:20:52,659 - verilog_tb_gen - INFO - Finished llm_testcases in 4.28 seconds
2025-03-09 14:20:53,320 - verilog_tb_gen - INFO - Finished llm_testbench in 11.17 seconds
2025-03-09 14:20:53,364 - verilog_tb_gen - INFO - Finished llm_testbench in 11.33 seconds
2025-03-09 14:20:54,659 - verilog_tb_gen - INFO - Finished vcs_compile in 1.34 seconds
2025-03-09 14:20:55,963 - verilog_tb_gen - INFO - Finished llm_testcases in 5.00 seconds
2025-03-09 14:20:56,477 - verilog_tb_gen - INFO - Finished vcs_compile in 3.11 seconds
2025-03-09 14:20:56,968 - verilog_tb_gen - INFO - Finished llm_coverage in 20.39 seconds
2025-03-09 14:20:58,857 - verilog_tb_gen - INFO - Line coverage at iteration 0 is 100.0%
2025-03-09 14:20:58,857 - verilog_tb_gen - INFO - Finished vcs_coverage in 2.38 seconds
2025-03-09 14:20:59,374 - verilog_tb_gen - INFO - Finished vcs_simulate in 0.51 seconds
2025-03-09 14:21:00,708 - verilog_tb_gen - INFO - Line coverage at iteration 3 is 80.0%
2025-03-09 14:21:00,708 - verilog_tb_gen - INFO - Finished vcs_coverage in 3.74 seconds
2025-03-09 14:21:00,708 - verilog_tb_gen - INFO - Reached maximum iterations (3). Stopping retry loop.
2025-03-09 14:21:01,214 - verilog_tb_gen - INFO - Finished vcs_simulate in 0.50 seconds
2025-03-09 14:21:05,851 - verilog_tb_gen - INFO - Finished llm_testbench in 11.19 seconds
2025-03-09 14:21:06,148 - verilog_tb_gen - INFO - Finished llm_testbench in 13.49 seconds
2025-03-09 14:21:07,175 - verilog_tb_gen - INFO - Finished vcs_compile in 1.32 seconds
2025-03-09 14:21:07,176 - verilog_tb_gen - INFO - Reached maximum iterations (3). Stopping retry loop.
2025-03-09 14:21:07,177 - verilog_tb_gen - INFO - Failed to generate testbench for 7108
2025-03-09 14:21:07,185 - verilog_tb_gen - INFO - ==================== Time Cost: 48.7631721496582 ====================
2025-03-09 14:21:07,186 - verilog_tb_gen - INFO - ==================== Generate data: 7109 ====================
2025-03-09 14:21:09,276 - verilog_tb_gen - INFO - Finished vcs_compile in 3.13 seconds
2025-03-09 14:21:09,761 - verilog_tb_gen - INFO - Finished llm_testbench in 13.80 seconds
2025-03-09 14:21:10,024 - verilog_tb_gen - INFO - Finished llm_testbench_align in 28.19 seconds
2025-03-09 14:21:11,607 - verilog_tb_gen - INFO - Finished llm_testbench_align in 12.23 seconds
2025-03-09 14:21:11,641 - verilog_tb_gen - INFO - Line coverage at iteration 0 is 65.96%
2025-03-09 14:21:11,641 - verilog_tb_gen - INFO - Finished vcs_coverage in 2.36 seconds
2025-03-09 14:21:11,830 - verilog_tb_gen - INFO - Finished llm_function_points in 4.53 seconds
2025-03-09 14:21:12,845 - verilog_tb_gen - INFO - Finished vcs_compile in 3.08 seconds
2025-03-09 14:21:13,177 - verilog_tb_gen - INFO - Finished vcs_simulate_align in 3.15 seconds
2025-03-09 14:21:13,179 - verilog_tb_gen - INFO - Successfully generated testbench for 7090
2025-03-09 14:21:13,193 - verilog_tb_gen - INFO - ==================== Time Cost: 145.33858919143677 ====================
2025-03-09 14:21:13,193 - verilog_tb_gen - INFO - ==================== Generate data: 7091 ====================
2025-03-09 14:21:14,763 - verilog_tb_gen - INFO - Finished vcs_simulate_align in 3.15 seconds
2025-03-09 14:21:14,765 - verilog_tb_gen - INFO - Successfully generated testbench for 7130
2025-03-09 14:21:14,780 - verilog_tb_gen - INFO - ==================== Time Cost: 46.427217960357666 ====================
2025-03-09 14:21:14,780 - verilog_tb_gen - INFO - ==================== Generate data: 7131 ====================
2025-03-09 14:21:15,169 - verilog_tb_gen - INFO - Line coverage at iteration 0 is 100.0%
2025-03-09 14:21:15,169 - verilog_tb_gen - INFO - Finished vcs_coverage in 2.32 seconds
2025-03-09 14:21:15,673 - verilog_tb_gen - INFO - Finished vcs_simulate in 0.50 seconds
2025-03-09 14:21:16,941 - verilog_tb_gen - INFO - Finished llm_testcases in 5.11 seconds
2025-03-09 14:21:17,680 - verilog_tb_gen - INFO - Finished llm_function_points in 4.37 seconds
2025-03-09 14:21:20,021 - verilog_tb_gen - INFO - Finished llm_function_points in 5.14 seconds
2025-03-09 14:21:22,490 - verilog_tb_gen - INFO - Finished llm_testcases in 4.81 seconds
2025-03-09 14:21:25,457 - verilog_tb_gen - INFO - Finished llm_testcases in 5.43 seconds
2025-03-09 14:21:28,203 - verilog_tb_gen - INFO - Finished llm_testbench_align in 26.99 seconds
2025-03-09 14:21:28,663 - verilog_tb_gen - INFO - Finished llm_testbench in 11.72 seconds
2025-03-09 14:21:29,513 - verilog_tb_gen - INFO - Finished llm_testbench_align in 13.84 seconds
2025-03-09 14:21:31,386 - verilog_tb_gen - INFO - Finished vcs_simulate_align in 3.18 seconds
2025-03-09 14:21:31,388 - verilog_tb_gen - INFO - Successfully generated testbench for 7188
2025-03-09 14:21:31,401 - verilog_tb_gen - INFO - ==================== Time Cost: 126.48439335823059 ====================
2025-03-09 14:21:31,401 - verilog_tb_gen - INFO - ==================== Generate data: 7189 ====================
2025-03-09 14:21:31,686 - verilog_tb_gen - INFO - Finished vcs_compile in 3.02 seconds
2025-03-09 14:21:32,609 - verilog_tb_gen - INFO - Finished vcs_simulate_align in 3.09 seconds
2025-03-09 14:21:32,611 - verilog_tb_gen - INFO - Successfully generated testbench for 7152
2025-03-09 14:21:32,622 - verilog_tb_gen - INFO - ==================== Time Cost: 49.1734504699707 ====================
2025-03-09 14:21:32,623 - verilog_tb_gen - INFO - ==================== Generate data: 7153 ====================
2025-03-09 14:21:34,037 - verilog_tb_gen - INFO - Line coverage at iteration 0 is 100.0%
2025-03-09 14:21:34,037 - verilog_tb_gen - INFO - Finished vcs_coverage in 2.35 seconds
2025-03-09 14:21:34,543 - verilog_tb_gen - INFO - Finished vcs_simulate in 0.50 seconds
2025-03-09 14:21:35,634 - verilog_tb_gen - INFO - Finished llm_coverage in 23.99 seconds
2025-03-09 14:21:36,377 - verilog_tb_gen - INFO - Finished llm_function_points in 4.88 seconds
2025-03-09 14:21:37,564 - verilog_tb_gen - INFO - Line coverage at iteration 1 is 65.96%
2025-03-09 14:21:37,564 - verilog_tb_gen - INFO - Finished vcs_coverage in 1.93 seconds
2025-03-09 14:21:37,973 - verilog_tb_gen - INFO - Finished llm_testbench in 12.51 seconds
2025-03-09 14:21:39,394 - verilog_tb_gen - INFO - Finished llm_function_points in 6.67 seconds
2025-03-09 14:21:41,149 - verilog_tb_gen - INFO - Finished vcs_compile in 3.17 seconds
2025-03-09 14:21:42,503 - verilog_tb_gen - INFO - Finished llm_testcases in 6.12 seconds
2025-03-09 14:21:43,559 - verilog_tb_gen - INFO - Line coverage at iteration 0 is 100.0%
2025-03-09 14:21:43,560 - verilog_tb_gen - INFO - Finished vcs_coverage in 2.41 seconds
2025-03-09 14:21:44,068 - verilog_tb_gen - INFO - Finished vcs_simulate in 0.51 seconds
2025-03-09 14:21:44,520 - verilog_tb_gen - INFO - Finished llm_testcases in 5.12 seconds
2025-03-09 14:21:46,478 - verilog_tb_gen - INFO - Finished llm_testbench in 23.99 seconds
2025-03-09 14:21:46,955 - verilog_tb_gen - INFO - Finished llm_testbench_align in 12.41 seconds
2025-03-09 14:21:49,580 - verilog_tb_gen - INFO - Finished vcs_compile in 3.10 seconds
2025-03-09 14:21:50,094 - verilog_tb_gen - INFO - Finished vcs_simulate_align in 3.14 seconds
2025-03-09 14:21:50,096 - verilog_tb_gen - INFO - Successfully generated testbench for 7109
2025-03-09 14:21:50,111 - verilog_tb_gen - INFO - ==================== Time Cost: 42.92519998550415 ====================
2025-03-09 14:21:50,111 - verilog_tb_gen - INFO - ==================== Generate data: 7110 ====================
2025-03-09 14:21:51,962 - verilog_tb_gen - INFO - Line coverage at iteration 0 is 100.0%
2025-03-09 14:21:51,962 - verilog_tb_gen - INFO - Finished vcs_coverage in 2.38 seconds
2025-03-09 14:21:52,473 - verilog_tb_gen - INFO - Finished vcs_simulate in 0.51 seconds
2025-03-09 14:21:53,877 - verilog_tb_gen - INFO - Finished llm_testbench in 11.37 seconds
2025-03-09 14:21:55,744 - verilog_tb_gen - INFO - Finished llm_function_points in 5.53 seconds
2025-03-09 14:21:56,798 - verilog_tb_gen - INFO - Finished llm_testbench_align in 12.73 seconds
2025-03-09 14:21:57,060 - verilog_tb_gen - INFO - Finished vcs_compile in 3.18 seconds
2025-03-09 14:21:58,799 - verilog_tb_gen - INFO - Finished llm_coverage in 21.23 seconds
2025-03-09 14:21:59,447 - verilog_tb_gen - INFO - Line coverage at iteration 0 is 60.0%
2025-03-09 14:21:59,448 - verilog_tb_gen - INFO - Finished vcs_coverage in 2.39 seconds
2025-03-09 14:22:00,041 - verilog_tb_gen - INFO - Finished vcs_simulate_align in 3.24 seconds
2025-03-09 14:22:00,043 - verilog_tb_gen - INFO - Successfully generated testbench for 7131
2025-03-09 14:22:00,055 - verilog_tb_gen - INFO - ==================== Time Cost: 45.27487778663635 ====================
2025-03-09 14:22:00,055 - verilog_tb_gen - INFO - ==================== Generate data: 7132 ====================
2025-03-09 14:22:00,694 - verilog_tb_gen - INFO - Line coverage at iteration 2 is 65.96%
2025-03-09 14:22:00,694 - verilog_tb_gen - INFO - Finished vcs_coverage in 1.89 seconds
2025-03-09 14:22:01,334 - verilog_tb_gen - INFO - Finished llm_testcases in 5.59 seconds
2025-03-09 14:22:08,384 - verilog_tb_gen - INFO - Finished llm_testbench in 23.86 seconds
2025-03-09 14:22:08,547 - verilog_tb_gen - INFO - Finished llm_function_points in 8.39 seconds
2025-03-09 14:22:11,510 - verilog_tb_gen - INFO - Finished llm_testbench in 10.17 seconds
2025-03-09 14:22:11,563 - verilog_tb_gen - INFO - Finished vcs_compile in 3.18 seconds
2025-03-09 14:22:13,944 - verilog_tb_gen - INFO - Line coverage at iteration 0 is 100.0%
2025-03-09 14:22:13,944 - verilog_tb_gen - INFO - Finished vcs_coverage in 2.38 seconds
2025-03-09 14:22:14,064 - verilog_tb_gen - INFO - Finished llm_testcases in 5.51 seconds
2025-03-09 14:22:14,452 - verilog_tb_gen - INFO - Finished vcs_simulate in 0.51 seconds
2025-03-09 14:22:14,564 - verilog_tb_gen - INFO - Finished llm_testbench_align in 22.09 seconds
2025-03-09 14:22:14,601 - verilog_tb_gen - INFO - Finished vcs_compile in 3.09 seconds
2025-03-09 14:22:16,978 - verilog_tb_gen - INFO - Line coverage at iteration 0 is 100.0%
2025-03-09 14:22:16,978 - verilog_tb_gen - INFO - Finished vcs_coverage in 2.38 seconds
2025-03-09 14:22:17,148 - verilog_tb_gen - INFO - Finished llm_coverage in 17.70 seconds
2025-03-09 14:22:17,484 - verilog_tb_gen - INFO - Finished vcs_simulate in 0.50 seconds
2025-03-09 14:22:17,690 - verilog_tb_gen - INFO - Finished vcs_simulate_align in 3.12 seconds
2025-03-09 14:22:17,692 - verilog_tb_gen - INFO - Successfully generated testbench for 7091
2025-03-09 14:22:17,705 - verilog_tb_gen - INFO - ==================== Time Cost: 64.51199626922607 ====================
2025-03-09 14:22:17,705 - verilog_tb_gen - INFO - ==================== Generate data: 7092 ====================
2025-03-09 14:22:20,807 - verilog_tb_gen - INFO - Line coverage at iteration 1 is 85.45%
2025-03-09 14:22:20,807 - verilog_tb_gen - INFO - Finished vcs_coverage in 3.66 seconds
2025-03-09 14:22:23,290 - verilog_tb_gen - INFO - Finished llm_coverage in 22.59 seconds
2025-03-09 14:22:23,522 - verilog_tb_gen - INFO - Finished llm_function_points in 5.72 seconds
2025-03-09 14:22:25,224 - verilog_tb_gen - INFO - Line coverage at iteration 3 is 65.96%
2025-03-09 14:22:25,224 - verilog_tb_gen - INFO - Finished vcs_coverage in 1.93 seconds
2025-03-09 14:22:25,224 - verilog_tb_gen - INFO - Reached maximum iterations (3). Stopping retry loop.
2025-03-09 14:22:25,229 - verilog_tb_gen - INFO - ===== Error for 7170 =====
2025-03-09 14:22:25,230 - verilog_tb_gen - INFO - list index out of range
2025-03-09 14:22:25,230 - verilog_tb_gen - INFO - ==================== Time Cost: 105.22485399246216 ====================
2025-03-09 14:22:25,230 - verilog_tb_gen - INFO - ==================== Generate data: 7171 ====================
2025-03-09 14:22:25,989 - verilog_tb_gen - INFO - Finished llm_testbench_align in 11.54 seconds
2025-03-09 14:22:26,292 - verilog_tb_gen - INFO - Finished llm_testbench in 12.23 seconds
2025-03-09 14:22:27,789 - verilog_tb_gen - INFO - Finished llm_testbench_align in 10.30 seconds
2025-03-09 14:22:27,979 - verilog_tb_gen - INFO - Finished llm_testcases in 4.45 seconds
2025-03-09 14:22:29,139 - verilog_tb_gen - INFO - Finished vcs_simulate_align in 3.15 seconds
2025-03-09 14:22:29,141 - verilog_tb_gen - INFO - Successfully generated testbench for 7153
2025-03-09 14:22:29,153 - verilog_tb_gen - INFO - ==================== Time Cost: 56.530367851257324 ====================
2025-03-09 14:22:29,153 - verilog_tb_gen - INFO - ==================== Generate data: 7154 ====================
2025-03-09 14:22:29,405 - verilog_tb_gen - INFO - Finished vcs_compile in 3.11 seconds
2025-03-09 14:22:30,040 - verilog_tb_gen - INFO - Finished llm_function_points in 4.71 seconds
2025-03-09 14:22:30,988 - verilog_tb_gen - INFO - Finished vcs_simulate_align in 3.20 seconds
2025-03-09 14:22:30,990 - verilog_tb_gen - INFO - Successfully generated testbench for 7110
2025-03-09 14:22:31,002 - verilog_tb_gen - INFO - ==================== Time Cost: 40.89101243019104 ====================
2025-03-09 14:22:31,002 - verilog_tb_gen - INFO - ==================== Generate data: 7111 ====================
2025-03-09 14:22:31,731 - verilog_tb_gen - INFO - Line coverage at iteration 0 is 87.88%
2025-03-09 14:22:31,731 - verilog_tb_gen - INFO - Finished vcs_coverage in 2.32 seconds
2025-03-09 14:22:33,940 - verilog_tb_gen - INFO - Finished llm_function_points in 4.69 seconds
2025-03-09 14:22:35,598 - verilog_tb_gen - INFO - Finished llm_testcases in 5.56 seconds
2025-03-09 14:22:37,041 - verilog_tb_gen - INFO - Finished llm_function_points in 5.94 seconds
2025-03-09 14:22:37,957 - verilog_tb_gen - INFO - Finished llm_testbench in 9.98 seconds
2025-03-09 14:22:39,324 - verilog_tb_gen - INFO - Finished vcs_compile in 1.37 seconds
2025-03-09 14:22:39,610 - verilog_tb_gen - INFO - Finished llm_testcases in 5.67 seconds
2025-03-09 14:22:39,618 - verilog_tb_gen - INFO - Finished llm_coverage in 18.81 seconds
2025-03-09 14:22:43,155 - verilog_tb_gen - INFO - Finished llm_testcases in 6.11 seconds
2025-03-09 14:22:43,449 - verilog_tb_gen - INFO - Line coverage at iteration 2 is 85.45%
2025-03-09 14:22:43,449 - verilog_tb_gen - INFO - Finished vcs_coverage in 3.83 seconds
2025-03-09 14:22:46,140 - verilog_tb_gen - INFO - Finished llm_coverage in 14.41 seconds
2025-03-09 14:22:48,327 - verilog_tb_gen - INFO - Finished llm_testbench in 12.73 seconds
2025-03-09 14:22:49,923 - verilog_tb_gen - INFO - Line coverage at iteration 1 is 87.88%
2025-03-09 14:22:49,924 - verilog_tb_gen - INFO - Finished vcs_coverage in 3.78 seconds
2025-03-09 14:22:51,248 - verilog_tb_gen - INFO - Finished llm_testbench in 11.92 seconds
2025-03-09 14:22:51,474 - verilog_tb_gen - INFO - Finished vcs_compile in 3.15 seconds
2025-03-09 14:22:52,570 - verilog_tb_gen - INFO - Finished vcs_compile in 1.32 seconds
2025-03-09 14:22:53,852 - verilog_tb_gen - INFO - Line coverage at iteration 0 is 100.0%
2025-03-09 14:22:53,852 - verilog_tb_gen - INFO - Finished vcs_coverage in 2.38 seconds
2025-03-09 14:22:53,904 - verilog_tb_gen - INFO - Finished llm_testbench in 10.75 seconds
2025-03-09 14:22:54,369 - verilog_tb_gen - INFO - Finished vcs_simulate in 0.52 seconds
2025-03-09 14:22:57,049 - verilog_tb_gen - INFO - Finished vcs_compile in 3.14 seconds
2025-03-09 14:22:57,964 - verilog_tb_gen - INFO - Finished llm_testbench in 18.35 seconds
2025-03-09 14:22:59,385 - verilog_tb_gen - INFO - Line coverage at iteration 0 is 100.0%
2025-03-09 14:22:59,385 - verilog_tb_gen - INFO - Finished vcs_coverage in 2.33 seconds
2025-03-09 14:22:59,892 - verilog_tb_gen - INFO - Finished vcs_simulate in 0.51 seconds
2025-03-09 14:23:01,104 - verilog_tb_gen - INFO - Finished vcs_compile in 3.14 seconds
2025-03-09 14:23:03,517 - verilog_tb_gen - INFO - Line coverage at iteration 0 is 100.0%
2025-03-09 14:23:03,517 - verilog_tb_gen - INFO - Finished vcs_coverage in 2.41 seconds
2025-03-09 14:23:03,738 - verilog_tb_gen - INFO - Finished llm_coverage in 20.29 seconds
2025-03-09 14:23:03,749 - verilog_tb_gen - INFO - Finished llm_testbench in 11.18 seconds
2025-03-09 14:23:04,027 - verilog_tb_gen - INFO - Finished vcs_simulate in 0.51 seconds
2025-03-09 14:23:05,077 - verilog_tb_gen - INFO - Finished vcs_compile in 1.33 seconds
2025-03-09 14:23:05,078 - verilog_tb_gen - INFO - Reached maximum iterations (3). Stopping retry loop.
2025-03-09 14:23:05,079 - verilog_tb_gen - INFO - Failed to generate testbench for 7092
2025-03-09 14:23:05,087 - verilog_tb_gen - INFO - ==================== Time Cost: 47.381903409957886 ====================
2025-03-09 14:23:05,087 - verilog_tb_gen - INFO - ==================== Generate data: 7093 ====================
2025-03-09 14:23:07,296 - verilog_tb_gen - INFO - Finished llm_coverage in 17.37 seconds
2025-03-09 14:23:07,530 - verilog_tb_gen - INFO - Line coverage at iteration 3 is 85.45%
2025-03-09 14:23:07,530 - verilog_tb_gen - INFO - Finished vcs_coverage in 3.79 seconds
2025-03-09 14:23:07,531 - verilog_tb_gen - INFO - Reached maximum iterations (3). Stopping retry loop.
2025-03-09 14:23:08,044 - verilog_tb_gen - INFO - Finished vcs_simulate in 0.51 seconds
2025-03-09 14:23:09,597 - verilog_tb_gen - INFO - Finished llm_function_points in 4.41 seconds
2025-03-09 14:23:11,074 - verilog_tb_gen - INFO - Line coverage at iteration 2 is 87.88%
2025-03-09 14:23:11,074 - verilog_tb_gen - INFO - Finished vcs_coverage in 3.78 seconds
2025-03-09 14:23:12,478 - verilog_tb_gen - INFO - Finished llm_testbench_align in 18.11 seconds
2025-03-09 14:23:13,469 - verilog_tb_gen - INFO - Finished llm_testbench_align in 13.58 seconds
2025-03-09 14:23:14,662 - verilog_tb_gen - INFO - Finished llm_testcases in 5.06 seconds
2025-03-09 14:23:15,354 - verilog_tb_gen - INFO - Finished llm_testbench_align in 11.33 seconds
2025-03-09 14:23:15,729 - verilog_tb_gen - INFO - Finished vcs_simulate_align in 3.25 seconds
2025-03-09 14:23:15,732 - verilog_tb_gen - INFO - Successfully generated testbench for 7171
2025-03-09 14:23:15,744 - verilog_tb_gen - INFO - ==================== Time Cost: 50.51369071006775 ====================
2025-03-09 14:23:15,744 - verilog_tb_gen - INFO - ==================== Generate data: 7172 ====================
2025-03-09 14:23:16,623 - verilog_tb_gen - INFO - Finished vcs_simulate_align in 3.15 seconds
2025-03-09 14:23:16,624 - verilog_tb_gen - INFO - Successfully generated testbench for 7111
2025-03-09 14:23:16,636 - verilog_tb_gen - INFO - ==================== Time Cost: 45.63390779495239 ====================
2025-03-09 14:23:16,636 - verilog_tb_gen - INFO - ==================== Generate data: 7112 ====================
2025-03-09 14:23:18,544 - verilog_tb_gen - INFO - Finished vcs_simulate_align in 3.19 seconds
2025-03-09 14:23:18,547 - verilog_tb_gen - INFO - Successfully generated testbench for 7154
2025-03-09 14:23:18,559 - verilog_tb_gen - INFO - ==================== Time Cost: 49.405672788619995 ====================
2025-03-09 14:23:18,559 - verilog_tb_gen - INFO - ==================== Generate data: 7155 ====================
2025-03-09 14:23:21,011 - verilog_tb_gen - INFO - Finished llm_function_points in 5.17 seconds
2025-03-09 14:23:21,642 - verilog_tb_gen - INFO - Finished llm_function_points in 4.91 seconds
2025-03-09 14:23:23,614 - verilog_tb_gen - INFO - Finished llm_function_points in 4.95 seconds
2025-03-09 14:23:25,914 - verilog_tb_gen - INFO - Finished llm_testcases in 4.90 seconds
2025-03-09 14:23:26,348 - verilog_tb_gen - INFO - Finished llm_coverage in 15.27 seconds
2025-03-09 14:23:26,790 - verilog_tb_gen - INFO - Finished llm_testcases in 5.15 seconds
2025-03-09 14:23:28,260 - verilog_tb_gen - INFO - Finished llm_testcases in 4.64 seconds
2025-03-09 14:23:28,336 - verilog_tb_gen - INFO - Finished llm_testbench in 13.67 seconds
2025-03-09 14:23:30,135 - verilog_tb_gen - INFO - Line coverage at iteration 3 is 87.88%
2025-03-09 14:23:30,136 - verilog_tb_gen - INFO - Finished vcs_coverage in 3.79 seconds
2025-03-09 14:23:30,136 - verilog_tb_gen - INFO - Reached maximum iterations (3). Stopping retry loop.
2025-03-09 14:23:30,648 - verilog_tb_gen - INFO - Finished vcs_simulate in 0.51 seconds
2025-03-09 14:23:31,057 - verilog_tb_gen - INFO - Finished llm_testbench_align in 23.01 seconds
2025-03-09 14:23:31,434 - verilog_tb_gen - INFO - Finished vcs_compile in 3.10 seconds
2025-03-09 14:23:33,796 - verilog_tb_gen - INFO - Line coverage at iteration 0 is 100.0%
2025-03-09 14:23:33,796 - verilog_tb_gen - INFO - Finished vcs_coverage in 2.36 seconds
2025-03-09 14:23:34,259 - verilog_tb_gen - INFO - Finished vcs_simulate_align in 3.20 seconds
2025-03-09 14:23:34,261 - verilog_tb_gen - INFO - Successfully generated testbench for 7189
2025-03-09 14:23:34,274 - verilog_tb_gen - INFO - ==================== Time Cost: 122.87289261817932 ====================
2025-03-09 14:23:34,274 - verilog_tb_gen - INFO - ==================== Generate data: 7190 ====================
2025-03-09 14:23:34,302 - verilog_tb_gen - INFO - Finished vcs_simulate in 0.50 seconds
2025-03-09 14:23:38,020 - verilog_tb_gen - INFO - Finished llm_testbench in 11.23 seconds
2025-03-09 14:23:39,118 - verilog_tb_gen - INFO - Finished llm_function_points in 4.75 seconds
2025-03-09 14:23:39,233 - verilog_tb_gen - INFO - Finished llm_testbench in 10.97 seconds
2025-03-09 14:23:39,462 - verilog_tb_gen - INFO - Finished llm_testbench in 13.55 seconds
2025-03-09 14:23:41,212 - verilog_tb_gen - INFO - Finished vcs_compile in 3.19 seconds
2025-03-09 14:23:42,561 - verilog_tb_gen - INFO - Finished vcs_compile in 3.10 seconds
2025-03-09 14:23:43,463 - verilog_tb_gen - INFO - Finished vcs_compile in 4.23 seconds
2025-03-09 14:23:43,605 - verilog_tb_gen - INFO - Line coverage at iteration 0 is 92.31%
2025-03-09 14:23:43,606 - verilog_tb_gen - INFO - Finished vcs_coverage in 2.39 seconds
2025-03-09 14:23:43,811 - verilog_tb_gen - INFO - Finished llm_testcases in 4.69 seconds
2025-03-09 14:23:44,154 - verilog_tb_gen - INFO - Finished vcs_simulate in 0.55 seconds
2025-03-09 14:23:44,892 - verilog_tb_gen - INFO - Line coverage at iteration 0 is 100.0%
2025-03-09 14:23:44,892 - verilog_tb_gen - INFO - Finished vcs_coverage in 2.33 seconds
2025-03-09 14:23:45,400 - verilog_tb_gen - INFO - Finished vcs_simulate in 0.51 seconds
2025-03-09 14:23:45,837 - verilog_tb_gen - INFO - Finished llm_testbench_align in 11.53 seconds
2025-03-09 14:23:46,972 - verilog_tb_gen - INFO - Line coverage at iteration 0 is 100.0%
2025-03-09 14:23:46,973 - verilog_tb_gen - INFO - Finished vcs_coverage in 3.51 seconds
2025-03-09 14:23:48,716 - verilog_tb_gen - INFO - Finished vcs_simulate in 1.74 seconds
2025-03-09 14:23:48,929 - verilog_tb_gen - INFO - Finished vcs_simulate_align in 3.09 seconds
2025-03-09 14:23:49,616 - verilog_tb_gen - INFO - Finished llm_testbench_align in 18.97 seconds
2025-03-09 14:23:52,838 - verilog_tb_gen - INFO - Finished vcs_simulate_align in 3.22 seconds
2025-03-09 14:23:54,180 - verilog_tb_gen - INFO - Finished llm_testbench_align in 10.03 seconds
2025-03-09 14:23:56,222 - verilog_tb_gen - INFO - Finished llm_testbench in 12.41 seconds
2025-03-09 14:23:57,412 - verilog_tb_gen - INFO - Finished vcs_simulate_align in 3.23 seconds
2025-03-09 14:23:57,414 - verilog_tb_gen - INFO - Successfully generated testbench for 7112
2025-03-09 14:23:57,429 - verilog_tb_gen - INFO - ==================== Time Cost: 40.79229259490967 ====================
2025-03-09 14:23:57,429 - verilog_tb_gen - INFO - ==================== Generate data: 7113 ====================
2025-03-09 14:23:59,337 - verilog_tb_gen - INFO - Finished vcs_compile in 3.11 seconds
2025-03-09 14:23:59,355 - verilog_tb_gen - INFO - Finished llm_testbench_align in 10.64 seconds
2025-03-09 14:24:01,640 - verilog_tb_gen - INFO - Finished llm_function_points in 4.11 seconds
2025-03-09 14:24:01,741 - verilog_tb_gen - INFO - Line coverage at iteration 0 is 100.0%
2025-03-09 14:24:01,741 - verilog_tb_gen - INFO - Finished vcs_coverage in 2.40 seconds
2025-03-09 14:24:02,103 - verilog_tb_gen - INFO - Finished llm_testbench_align in 16.70 seconds
2025-03-09 14:24:02,255 - verilog_tb_gen - INFO - Finished vcs_simulate in 0.51 seconds
2025-03-09 14:24:02,956 - verilog_tb_gen - INFO - Finished llm_testbench_align in 14.03 seconds
2025-03-09 14:24:03,409 - verilog_tb_gen - INFO - ===== Error for 7172 =====
2025-03-09 14:24:03,409 - verilog_tb_gen - INFO - list index out of range
2025-03-09 14:24:03,409 - verilog_tb_gen - INFO - ==================== Time Cost: 47.66512417793274 ====================
2025-03-09 14:24:03,409 - verilog_tb_gen - INFO - ==================== Generate data: 7173 ====================
2025-03-09 14:24:03,748 - verilog_tb_gen - INFO - Finished vcs_simulate_align in 4.39 seconds
2025-03-09 14:24:03,750 - verilog_tb_gen - INFO - Successfully generated testbench for 7155
2025-03-09 14:24:03,762 - verilog_tb_gen - INFO - ==================== Time Cost: 45.20294976234436 ====================
2025-03-09 14:24:03,762 - verilog_tb_gen - INFO - ==================== Generate data: 7156 ====================
2025-03-09 14:24:06,083 - verilog_tb_gen - INFO - Finished vcs_simulate_align in 3.12 seconds
2025-03-09 14:24:07,196 - verilog_tb_gen - INFO - Finished llm_testcases in 5.55 seconds
2025-03-09 14:24:08,029 - verilog_tb_gen - INFO - Finished llm_function_points in 4.52 seconds
2025-03-09 14:24:09,333 - verilog_tb_gen - INFO - Finished llm_function_points in 5.46 seconds
2025-03-09 14:24:11,144 - verilog_tb_gen - INFO - Finished llm_testbench_align in 18.30 seconds
2025-03-09 14:24:14,325 - verilog_tb_gen - INFO - Finished vcs_simulate_align in 3.18 seconds
2025-03-09 14:24:14,660 - verilog_tb_gen - INFO - Finished llm_testcases in 5.33 seconds
2025-03-09 14:24:14,705 - verilog_tb_gen - INFO - Finished llm_testbench_align in 12.45 seconds
2025-03-09 14:24:17,940 - verilog_tb_gen - INFO - Finished vcs_simulate_align in 3.23 seconds
2025-03-09 14:24:18,737 - verilog_tb_gen - INFO - Finished llm_testbench_align in 12.65 seconds
2025-03-09 14:24:20,962 - verilog_tb_gen - INFO - Finished llm_testcases in 12.93 seconds
2025-03-09 14:24:21,915 - verilog_tb_gen - INFO - Finished vcs_simulate_align in 3.18 seconds
2025-03-09 14:24:21,916 - verilog_tb_gen - INFO - Reached maximum iterations (3). Stopping retry loop.
2025-03-09 14:24:21,918 - verilog_tb_gen - INFO - Generated testbench for 7093 coverst {'overall': {'score': 96.56, 'line': 100.0, 'condition': 100.0, 'toggle': 86.26, 'branch': 100.0}, 'lines': ['\n34                      \n35         1/1              assign     tx_iir_i_out_bits    =    $realtobits(tx_iir_i_out);\n36         1/1              assign     tx_iir_q_out_bits    =    $realtobits(tx_iir_q_out);\n37                      \n38                          initial begin\n39                      \n40         1/1                  for(loop_init=0; loop_init &lt; 64; loop_init=loop_init+1)    begin\n41         1/1                      fir_i_shift_reg[loop_init]    =    0.0;\n42         1/1                      fir_q_shift_reg[loop_init]    =    0.0;\n43                              end\n44                      \n45         1/1                  for(loop_init=0; loop_init &lt; 4; loop_init=loop_init+1)    begin\n46         1/1                      tx_iir_b_i[loop_init]        =    0.0;\n47         1/1                      tx_iir_b_q[loop_init]        =    0.0;\n48                              end\n49                      \n50         1/1                  for(loop_init=0; loop_init &lt; 4; loop_init=loop_init+1)    begin\n51         1/1                      tx_iir_a_i[loop_init]        =    0.0;\n52         1/1                      tx_iir_a_q[loop_init]        =    0.0;\n53                              end\n54                      \n55         1/1                  fir_i_out    =    0.0;\n56         1/1                  fir_q_out    =    0.0;\n57                          end\n58                      \n59                          always @(negedge clk_36_extl)    begin\n60         1/1                  for(loop_init=63; loop_init &gt; 0; loop_init=loop_init-1)    begin\n61         1/1                      fir_i_shift_reg[loop_init]    =    fir_i_shift_reg[loop_init-1];\n62         1/1                      fir_q_shift_reg[loop_init]    =    fir_q_shift_reg[loop_init-1];\n63                              end\n64                      \n65         1/1                  fir_i_shift_reg[0]    =    out_i_extl ? 1.0 : -1.0;\n66         1/1                  fir_q_shift_reg[0]    =    out_q_extl ? 1.0 : -1.0;\n67                      \n68         1/1                  fir_i_out    =    0.0;\n69         1/1                  fir_q_out    =    0.0;\n70                      \n71         1/1                  for(loop_init=0; loop_init &lt; 64; loop_init=loop_init+1)    begin\n72         1/1                      fir_i_out    =    fir_i_out+0.015625*fir_i_shift_reg[loop_init];\n73         1/1                      fir_q_out    =    fir_q_out+0.015625*fir_q_shift_reg[loop_init];\n74                              end\n75                      \n76         1/1                  for(loop_init=3; loop_init &gt; 0; loop_init=loop_init-1)    begin\n77         1/1                      tx_iir_b_i[loop_init]    =    tx_iir_b_i[loop_init-1];\n78         1/1                      tx_iir_b_q[loop_init]    =    tx_iir_b_q[loop_init-1];\n79                              end\n80                      \n81         1/1                  tx_iir_b_i[0]    =    fir_i_out;\n82         1/1                  tx_iir_b_q[0]    =    fir_q_out;\n83                      \n84         1/1                  for(loop_init=3; loop_init &gt; 0; loop_init=loop_init-1)    begin\n85         1/1                      tx_iir_a_i[loop_init]    =    tx_iir_a_i[loop_init-1];\n86         1/1                      tx_iir_a_q[loop_init]    =    tx_iir_a_q[loop_init-1];\n87                              end\n88                      \n89         1/1                  tx_iir_a_i[0]    =    -a1*tx_iir_a_i[1]-a2*tx_iir_a_i[2]-a3*tx_iir_a_i[3]+b0*tx_iir_b_i[0]+b1*tx_iir_b_i[1]+b2*tx_iir_b_i[2]+b3*tx_iir_b_i[3];\n90         1/1                  tx_iir_a_q[0]    =    -a1*tx_iir_a_q[1]-a2*tx_iir_a_q[2]-a3*tx_iir_a_q[3]+b0*tx_iir_b_q[0]+b1*tx_iir_b_q[1]+b2*tx_iir_b_q[2]+b3*tx_iir_b_q[3];\n91                      \n92         1/1                  tx_iir_i_out    =    tx_iir_a_i[0];\n93         1/1                  tx_iir_q_out    =    tx_iir_a_q[0];\n']}%
2025-03-09 14:24:21,918 - verilog_tb_gen - INFO - Failed to generate testbench for 7093
2025-03-09 14:24:21,930 - verilog_tb_gen - INFO - ==================== Time Cost: 76.84296894073486 ====================
2025-03-09 14:24:21,930 - verilog_tb_gen - INFO - ==================== Generate data: 7094 ====================
2025-03-09 14:24:22,279 - verilog_tb_gen - INFO - Finished llm_testbench in 15.08 seconds
2025-03-09 14:24:25,312 - verilog_tb_gen - INFO - Finished vcs_compile in 3.03 seconds
2025-03-09 14:24:27,733 - verilog_tb_gen - INFO - Line coverage at iteration 0 is 87.88%
2025-03-09 14:24:27,734 - verilog_tb_gen - INFO - Finished vcs_coverage in 2.42 seconds
2025-03-09 14:24:27,745 - verilog_tb_gen - INFO - Finished llm_testbench in 13.08 seconds
2025-03-09 14:24:29,497 - verilog_tb_gen - INFO - Finished llm_function_points in 7.47 seconds
2025-03-09 14:24:30,898 - verilog_tb_gen - INFO - Finished vcs_compile in 3.15 seconds
2025-03-09 14:24:31,537 - verilog_tb_gen - INFO - Finished llm_testbench_align in 17.21 seconds
2025-03-09 14:24:31,954 - verilog_tb_gen - INFO - Finished llm_testbench_align in 14.01 seconds
2025-03-09 14:24:33,256 - verilog_tb_gen - INFO - Line coverage at iteration 0 is 68.0%
2025-03-09 14:24:33,256 - verilog_tb_gen - INFO - Finished vcs_coverage in 2.36 seconds
2025-03-09 14:24:34,714 - verilog_tb_gen - INFO - Finished vcs_simulate_align in 3.18 seconds
2025-03-09 14:24:34,714 - verilog_tb_gen - INFO - Reached maximum iterations (3). Stopping retry loop.
2025-03-09 14:24:34,716 - verilog_tb_gen - INFO - Generated testbench for 7132 coverst {'overall': {'score': 72.62, 'line': 87.88, 'condition': 100.0, 'toggle': 20.0, 'branch': 82.61}, 'lines': ['\n30                      \n31         1/1          \t assign BTN1 = ( (BTN_SAMPLE) ? 1\'bZ : 1\'b0 ) ;\n32         1/1               assign BTN2 = ( (BTN_SAMPLE) ? 1\'bZ : 1\'b0 ) ;\n33         1/1               assign BTN3 = ( (BTN_SAMPLE) ? 1\'bZ : 1\'b0 ) ;\n34         1/1               assign BTN4 = ( (BTN_SAMPLE) ? 1\'bZ : 1\'b0 ) ;\n35                      \n36                      \t always @(posedge CLK)\n37         1/1          \t     if (~BTN_SAMPLE) \n38         1/1          \t\t     STATUS_ALL_BUTTONS &lt;= 1\'b0 ;\n39                      \t\t  else\n40                      \n41         1/1          \t         STATUS_ALL_BUTTONS &lt;= (BTN1 | BTN2 | BTN3 | BTN4) &amp; ~STATUS_ALL_BUTTONS_LAST ;\n42                      \n43                      \t always @(posedge CLK)\n44         1/1          \t     if (~BTN_SAMPLE) \n45         1/1          \t\t     STATUS_ALL_BUTTONS_LAST &lt;= 1\'b0 ;\n46         1/1                  else if (STATUS_ALL_BUTTONS)\n47         1/1          \t\t\t  STATUS_ALL_BUTTONS_LAST &lt;= STATUS_ALL_BUTTONS ;\n                        MISSING_ELSE\n48                      \n49                      \t always @(posedge CLK)\n50         1/1          \t\t  if (STATUS_ALL_BUTTONS) \n51                      \t\t  begin                   \n52         1/1          \t\t     SAMPLE_BTN1 &lt;= ~BTN1 ; \n53         1/1          \t\t     SAMPLE_BTN2 &lt;= ~BTN2 ;\n54         1/1          \t\t     SAMPLE_BTN3 &lt;= ~BTN3 ;\n55         1/1          \t\t     SAMPLE_BTN4 &lt;= ~BTN4 ;\n56         1/1          \t\t\t SAMPLE_BTN1_LAST &lt;= SAMPLE_BTN1 ; \n57         1/1          \t\t\t SAMPLE_BTN2_LAST &lt;= SAMPLE_BTN2 ;\n58         1/1          \t\t\t SAMPLE_BTN3_LAST &lt;= SAMPLE_BTN3 ;\n59         1/1          \t\t\t SAMPLE_BTN4_LAST &lt;= SAMPLE_BTN4 ;\n60                      \t\t  end\n                        MISSING_ELSE\n61                      \n62         1/1          \t assign BTN1_CHANGED = ( SAMPLE_BTN1 &amp; !SAMPLE_BTN1_LAST ) ; \n63         1/1          \t assign BTN2_CHANGED = ( SAMPLE_BTN2 &amp; !SAMPLE_BTN2_LAST ) ;\t  \n64         1/1          \t assign BTN3_CHANGED = ( SAMPLE_BTN3 &amp; !SAMPLE_BTN3_LAST ) ;\t  \n65         1/1          \t assign BTN4_CHANGED = ( SAMPLE_BTN4 &amp; !SAMPLE_BTN4_LAST ) ;\t  \n66                      \n67         1/1               assign ANY_BTN_CHANGED = ( BTN1_CHANGED | BTN2_CHANGED | BTN3_CHANGED | BTN4_CHANGED ) ;\n68                      \n69                      \t always @(posedge CLK)\n70                      \t begin\n71         1/1          \t    if (BTN1_CHANGED)\n72         <font color = "red">0/1     ==>  \t\t    BTN1_TOGGLE_STATUS &lt;= ~(BTN1_TOGGLE_STATUS) ;</font>\n                        MISSING_ELSE\n73         1/1          \t    if (BTN2_CHANGED)\n74         <font color = "red">0/1     ==>  \t\t    BTN2_TOGGLE_STATUS &lt;= ~(BTN2_TOGGLE_STATUS) ;</font>\n                        MISSING_ELSE\n75         1/1          \t    if (BTN3_CHANGED)\n76         <font color = "red">0/1     ==>  \t\t    BTN3_TOGGLE_STATUS &lt;= ~(BTN3_TOGGLE_STATUS) ;</font>\n                        MISSING_ELSE\n77         1/1          \t    if (BTN4_CHANGED)\n78         <font color = "red">0/1     ==>  \t\t    BTN4_TOGGLE_STATUS &lt;= ~(BTN4_TOGGLE_STATUS) ;</font>\n                        MISSING_ELSE\n']}%
2025-03-09 14:24:34,716 - verilog_tb_gen - INFO - Failed to generate testbench for 7132
2025-03-09 14:24:34,729 - verilog_tb_gen - INFO - ==================== Time Cost: 154.67396998405457 ====================
2025-03-09 14:24:34,729 - verilog_tb_gen - INFO - ==================== Generate data: 7133 ====================
2025-03-09 14:24:35,135 - verilog_tb_gen - INFO - Finished vcs_simulate_align in 3.18 seconds
2025-03-09 14:24:35,137 - verilog_tb_gen - INFO - Successfully generated testbench for 7190
2025-03-09 14:24:35,150 - verilog_tb_gen - INFO - ==================== Time Cost: 60.876036405563354 ====================
2025-03-09 14:24:35,150 - verilog_tb_gen - INFO - ==================== Generate data: 7191 ====================
2025-03-09 14:24:35,370 - verilog_tb_gen - INFO - Finished llm_testcases in 5.87 seconds
2025-03-09 14:24:37,715 - verilog_tb_gen - INFO - Finished llm_testbench in 16.75 seconds
2025-03-09 14:24:39,300 - verilog_tb_gen - INFO - Finished llm_function_points in 4.47 seconds
2025-03-09 14:24:40,138 - verilog_tb_gen - INFO - Finished llm_function_points in 4.89 seconds
2025-03-09 14:24:40,878 - verilog_tb_gen - INFO - Finished vcs_compile in 3.16 seconds
2025-03-09 14:24:43,324 - verilog_tb_gen - INFO - Line coverage at iteration 0 is 89.8%
2025-03-09 14:24:43,325 - verilog_tb_gen - INFO - Finished vcs_coverage in 2.44 seconds
2025-03-09 14:24:44,241 - verilog_tb_gen - INFO - Finished llm_coverage in 16.51 seconds
2025-03-09 14:24:44,992 - verilog_tb_gen - INFO - Finished llm_testcases in 4.85 seconds
2025-03-09 14:24:45,153 - verilog_tb_gen - INFO - Finished llm_testcases in 5.85 seconds
2025-03-09 14:24:47,999 - verilog_tb_gen - INFO - Line coverage at iteration 1 is 87.88%
2025-03-09 14:24:47,999 - verilog_tb_gen - INFO - Finished vcs_coverage in 3.76 seconds
2025-03-09 14:24:48,725 - verilog_tb_gen - INFO - Finished llm_coverage in 15.47 seconds
2025-03-09 14:24:51,155 - verilog_tb_gen - INFO - Finished llm_testbench in 15.78 seconds
2025-03-09 14:24:52,546 - verilog_tb_gen - INFO - Line coverage at iteration 1 is 68.0%
2025-03-09 14:24:52,546 - verilog_tb_gen - INFO - Finished vcs_coverage in 3.82 seconds
2025-03-09 14:24:54,284 - verilog_tb_gen - INFO - Finished vcs_compile in 3.13 seconds
2025-03-09 14:24:54,548 - verilog_tb_gen - INFO - Finished llm_testbench in 9.39 seconds
2025-03-09 14:24:56,672 - verilog_tb_gen - INFO - Finished llm_testbench in 11.68 seconds
2025-03-09 14:24:56,686 - verilog_tb_gen - INFO - Line coverage at iteration 0 is 69.23%
2025-03-09 14:24:56,686 - verilog_tb_gen - INFO - Finished vcs_coverage in 2.40 seconds
2025-03-09 14:24:57,646 - verilog_tb_gen - INFO - Finished vcs_compile in 3.10 seconds
2025-03-09 14:24:57,650 - verilog_tb_gen - INFO - Finished llm_coverage in 14.32 seconds
2025-03-09 14:24:59,757 - verilog_tb_gen - INFO - Finished vcs_compile in 3.08 seconds
2025-03-09 14:24:59,989 - verilog_tb_gen - INFO - Line coverage at iteration 0 is 100.0%
2025-03-09 14:24:59,990 - verilog_tb_gen - INFO - Finished vcs_coverage in 2.34 seconds
2025-03-09 14:25:00,494 - verilog_tb_gen - INFO - Finished vcs_simulate in 0.50 seconds
2025-03-09 14:25:01,363 - verilog_tb_gen - INFO - Line coverage at iteration 1 is 89.8%
2025-03-09 14:25:01,364 - verilog_tb_gen - INFO - Finished vcs_coverage in 3.71 seconds
2025-03-09 14:25:02,063 - verilog_tb_gen - INFO - Line coverage at iteration 0 is 100.0%
2025-03-09 14:25:02,063 - verilog_tb_gen - INFO - Finished vcs_coverage in 2.30 seconds
2025-03-09 14:25:02,575 - verilog_tb_gen - INFO - Finished vcs_simulate in 0.51 seconds
2025-03-09 14:25:07,953 - verilog_tb_gen - INFO - Finished llm_coverage in 19.95 seconds
2025-03-09 14:25:10,252 - verilog_tb_gen - INFO - Finished llm_coverage in 17.70 seconds
2025-03-09 14:25:11,599 - verilog_tb_gen - INFO - Line coverage at iteration 2 is 87.88%
2025-03-09 14:25:11,599 - verilog_tb_gen - INFO - Finished vcs_coverage in 3.65 seconds
2025-03-09 14:25:12,683 - verilog_tb_gen - INFO - Finished llm_testbench_align in 12.19 seconds
2025-03-09 14:25:13,241 - verilog_tb_gen - INFO - Finished llm_testbench_align in 10.66 seconds
2025-03-09 14:25:14,111 - verilog_tb_gen - INFO - Line coverage at iteration 2 is 68.0%
2025-03-09 14:25:14,112 - verilog_tb_gen - INFO - Finished vcs_coverage in 3.86 seconds
2025-03-09 14:25:15,794 - verilog_tb_gen - INFO - Finished vcs_simulate_align in 3.11 seconds
2025-03-09 14:25:15,796 - verilog_tb_gen - INFO - Successfully generated testbench for 7133
2025-03-09 14:25:15,808 - verilog_tb_gen - INFO - ==================== Time Cost: 41.07942461967468 ====================
2025-03-09 14:25:15,809 - verilog_tb_gen - INFO - ==================== Generate data: 7134 ====================
2025-03-09 14:25:16,369 - verilog_tb_gen - INFO - Finished vcs_simulate_align in 3.13 seconds
2025-03-09 14:25:16,372 - verilog_tb_gen - INFO - Successfully generated testbench for 7191
2025-03-09 14:25:16,384 - verilog_tb_gen - INFO - ==================== Time Cost: 41.233575105667114 ====================
2025-03-09 14:25:16,384 - verilog_tb_gen - INFO - ==================== Generate data: 7192 ====================
2025-03-09 14:25:16,880 - verilog_tb_gen - INFO - Finished llm_coverage in 15.52 seconds
2025-03-09 14:25:19,700 - verilog_tb_gen - INFO - Finished llm_coverage in 23.01 seconds
2025-03-09 14:25:20,656 - verilog_tb_gen - INFO - Line coverage at iteration 2 is 89.8%
2025-03-09 14:25:20,656 - verilog_tb_gen - INFO - Finished vcs_coverage in 3.77 seconds
2025-03-09 14:25:20,947 - verilog_tb_gen - INFO - Finished llm_function_points in 5.04 seconds
2025-03-09 14:25:21,362 - verilog_tb_gen - INFO - Finished llm_function_points in 4.88 seconds
2025-03-09 14:25:21,596 - verilog_tb_gen - INFO - Line coverage at iteration 1 is 69.23%
2025-03-09 14:25:21,596 - verilog_tb_gen - INFO - Finished vcs_coverage in 1.89 seconds
2025-03-09 14:25:24,568 - verilog_tb_gen - INFO - Finished llm_coverage in 12.97 seconds
2025-03-09 14:25:24,912 - verilog_tb_gen - INFO - Finished llm_testcases in 3.96 seconds
2025-03-09 14:25:26,466 - verilog_tb_gen - INFO - Finished llm_testcases in 5.10 seconds
2025-03-09 14:25:28,256 - verilog_tb_gen - INFO - Line coverage at iteration 3 is 87.88%
2025-03-09 14:25:28,257 - verilog_tb_gen - INFO - Finished vcs_coverage in 3.69 seconds
2025-03-09 14:25:28,257 - verilog_tb_gen - INFO - Reached maximum iterations (3). Stopping retry loop.
2025-03-09 14:25:28,775 - verilog_tb_gen - INFO - Finished vcs_simulate in 0.52 seconds
2025-03-09 14:25:29,153 - verilog_tb_gen - INFO - Finished llm_coverage in 15.04 seconds
2025-03-09 14:25:32,924 - verilog_tb_gen - INFO - Line coverage at iteration 3 is 68.0%
2025-03-09 14:25:32,924 - verilog_tb_gen - INFO - Finished vcs_coverage in 3.77 seconds
2025-03-09 14:25:32,925 - verilog_tb_gen - INFO - Reached maximum iterations (3). Stopping retry loop.
2025-03-09 14:25:33,435 - verilog_tb_gen - INFO - Finished vcs_simulate in 0.51 seconds
2025-03-09 14:25:35,972 - verilog_tb_gen - INFO - Finished llm_coverage in 15.31 seconds
2025-03-09 14:25:37,435 - verilog_tb_gen - INFO - Finished llm_testbench in 10.97 seconds
2025-03-09 14:25:39,733 - verilog_tb_gen - INFO - Line coverage at iteration 3 is 89.8%
2025-03-09 14:25:39,733 - verilog_tb_gen - INFO - Finished vcs_coverage in 3.76 seconds
2025-03-09 14:25:39,734 - verilog_tb_gen - INFO - Reached maximum iterations (3). Stopping retry loop.
2025-03-09 14:25:40,241 - verilog_tb_gen - INFO - Finished vcs_simulate in 0.51 seconds
2025-03-09 14:25:40,363 - verilog_tb_gen - INFO - Finished llm_testbench in 15.45 seconds
2025-03-09 14:25:40,433 - verilog_tb_gen - INFO - Finished vcs_compile in 3.00 seconds
2025-03-09 14:25:42,784 - verilog_tb_gen - INFO - Line coverage at iteration 0 is 85.42%
2025-03-09 14:25:42,784 - verilog_tb_gen - INFO - Finished vcs_coverage in 2.35 seconds
2025-03-09 14:25:43,424 - verilog_tb_gen - INFO - Finished vcs_compile in 3.06 seconds
2025-03-09 14:25:45,425 - verilog_tb_gen - INFO - Line coverage at iteration 0 is 100.0%
2025-03-09 14:25:45,426 - verilog_tb_gen - INFO - Finished vcs_coverage in 2.00 seconds
2025-03-09 14:25:45,938 - verilog_tb_gen - INFO - Finished vcs_simulate in 0.51 seconds
2025-03-09 14:25:46,173 - verilog_tb_gen - INFO - Finished llm_coverage in 24.58 seconds
2025-03-09 14:25:46,347 - verilog_tb_gen - INFO - Finished llm_testbench_align in 17.57 seconds
2025-03-09 14:25:48,055 - verilog_tb_gen - INFO - Line coverage at iteration 2 is 69.23%
2025-03-09 14:25:48,055 - verilog_tb_gen - INFO - Finished vcs_coverage in 1.88 seconds
2025-03-09 14:25:49,407 - verilog_tb_gen - INFO - Finished vcs_simulate_align in 3.06 seconds
2025-03-09 14:25:49,410 - verilog_tb_gen - INFO - Successfully generated testbench for 7113
2025-03-09 14:25:49,422 - verilog_tb_gen - INFO - ==================== Time Cost: 111.99311661720276 ====================
2025-03-09 14:25:49,422 - verilog_tb_gen - INFO - ==================== Generate data: 7114 ====================
2025-03-09 14:25:52,676 - verilog_tb_gen - INFO - Finished llm_testbench_align in 19.24 seconds
2025-03-09 14:25:54,526 - verilog_tb_gen - INFO - Finished llm_function_points in 5.00 seconds
2025-03-09 14:25:55,924 - verilog_tb_gen - INFO - Finished vcs_simulate_align in 3.25 seconds
2025-03-09 14:25:55,926 - verilog_tb_gen - INFO - Successfully generated testbench for 7156
2025-03-09 14:25:55,938 - verilog_tb_gen - INFO - ==================== Time Cost: 112.17549538612366 ====================
2025-03-09 14:25:55,938 - verilog_tb_gen - INFO - ==================== Generate data: 7157 ====================
2025-03-09 14:25:56,540 - verilog_tb_gen - INFO - Finished llm_coverage in 13.76 seconds
2025-03-09 14:25:59,853 - verilog_tb_gen - INFO - Finished llm_testbench_align in 19.61 seconds
2025-03-09 14:26:00,109 - verilog_tb_gen - INFO - Finished llm_testcases in 5.58 seconds
2025-03-09 14:26:00,804 - verilog_tb_gen - INFO - Finished llm_function_points in 4.77 seconds
2025-03-09 14:26:02,816 - verilog_tb_gen - INFO - Finished vcs_simulate_align in 2.96 seconds
2025-03-09 14:26:03,880 - verilog_tb_gen - INFO - Finished llm_testbench_align in 17.94 seconds
2025-03-09 14:26:06,147 - verilog_tb_gen - INFO - Finished llm_testcases in 5.34 seconds
2025-03-09 14:26:06,611 - verilog_tb_gen - INFO - ===== Error for 7192 =====
2025-03-09 14:26:06,611 - verilog_tb_gen - INFO - Command '['make', 'vcs', 'sim']' timed out after 10 seconds
2025-03-09 14:26:06,612 - verilog_tb_gen - INFO - ==================== Time Cost: 50.227842569351196 ====================
2025-03-09 14:26:06,612 - verilog_tb_gen - INFO - ==================== Generate data: 7193 ====================
2025-03-09 14:26:06,841 - verilog_tb_gen - INFO - Finished vcs_simulate_align in 2.96 seconds
2025-03-09 14:26:06,842 - verilog_tb_gen - INFO - Successfully generated testbench for 7134
2025-03-09 14:26:06,854 - verilog_tb_gen - INFO - ==================== Time Cost: 51.04593801498413 ====================
2025-03-09 14:26:06,855 - verilog_tb_gen - INFO - ==================== Generate data: 7135 ====================
2025-03-09 14:26:11,862 - verilog_tb_gen - INFO - Finished llm_function_points in 5.14 seconds
2025-03-09 14:26:13,251 - verilog_tb_gen - INFO - Finished llm_testbench in 13.14 seconds
2025-03-09 14:26:13,287 - verilog_tb_gen - INFO - Finished llm_function_points in 6.31 seconds
2025-03-09 14:26:14,143 - verilog_tb_gen - INFO - Finished llm_coverage in 26.09 seconds
2025-03-09 14:26:15,909 - verilog_tb_gen - INFO - Line coverage at iteration 3 is 69.23%
2025-03-09 14:26:15,910 - verilog_tb_gen - INFO - Finished vcs_coverage in 1.77 seconds
2025-03-09 14:26:15,910 - verilog_tb_gen - INFO - Reached maximum iterations (3). Stopping retry loop.
2025-03-09 14:26:15,915 - verilog_tb_gen - INFO - ===== Error for 7094 =====
2025-03-09 14:26:15,915 - verilog_tb_gen - INFO - list index out of range
2025-03-09 14:26:15,915 - verilog_tb_gen - INFO - ==================== Time Cost: 113.98490238189697 ====================
2025-03-09 14:26:15,915 - verilog_tb_gen - INFO - ==================== Generate data: 7095 ====================
2025-03-09 14:26:16,684 - verilog_tb_gen - INFO - Finished llm_testcases in 4.82 seconds
2025-03-09 14:26:18,090 - verilog_tb_gen - INFO - Finished llm_testcases in 4.80 seconds
2025-03-09 14:26:18,328 - verilog_tb_gen - INFO - Finished llm_testbench in 12.18 seconds
2025-03-09 14:26:19,329 - verilog_tb_gen - INFO - Finished vcs_compile in 6.08 seconds
2025-03-09 14:26:21,002 - verilog_tb_gen - INFO - Finished llm_function_points in 4.99 seconds
2025-03-09 14:26:21,341 - verilog_tb_gen - INFO - Finished vcs_compile in 3.01 seconds
2025-03-09 14:26:22,378 - verilog_tb_gen - INFO - Finished llm_testbench_align in 19.56 seconds
2025-03-09 14:26:23,660 - verilog_tb_gen - INFO - Line coverage at iteration 0 is 96.43%
2025-03-09 14:26:23,660 - verilog_tb_gen - INFO - Finished vcs_coverage in 2.32 seconds
2025-03-09 14:26:24,182 - verilog_tb_gen - INFO - Finished vcs_simulate in 0.52 seconds
2025-03-09 14:26:24,497 - verilog_tb_gen - INFO - Line coverage at iteration 0 is 54.24%
2025-03-09 14:26:24,497 - verilog_tb_gen - INFO - Finished vcs_coverage in 5.17 seconds
2025-03-09 14:26:25,465 - verilog_tb_gen - INFO - Finished vcs_simulate_align in 3.09 seconds
2025-03-09 14:26:25,968 - verilog_tb_gen - INFO - Finished llm_testcases in 4.96 seconds
2025-03-09 14:26:30,234 - verilog_tb_gen - INFO - Finished llm_testbench in 12.14 seconds
2025-03-09 14:26:33,043 - verilog_tb_gen - INFO - Finished llm_testbench in 16.36 seconds
2025-03-09 14:26:33,122 - verilog_tb_gen - INFO - Finished vcs_compile in 2.89 seconds
2025-03-09 14:26:35,424 - verilog_tb_gen - INFO - Line coverage at iteration 0 is 100.0%
2025-03-09 14:26:35,424 - verilog_tb_gen - INFO - Finished vcs_coverage in 2.30 seconds
2025-03-09 14:26:35,930 - verilog_tb_gen - INFO - Finished vcs_simulate in 0.50 seconds
2025-03-09 14:26:36,051 - verilog_tb_gen - INFO - Finished vcs_compile in 3.01 seconds
2025-03-09 14:26:36,981 - verilog_tb_gen - INFO - Finished llm_testbench_align in 12.80 seconds
2025-03-09 14:26:38,023 - verilog_tb_gen - INFO - Finished llm_coverage in 13.52 seconds
2025-03-09 14:26:38,271 - verilog_tb_gen - INFO - Line coverage at iteration 0 is 100.0%
2025-03-09 14:26:38,271 - verilog_tb_gen - INFO - Finished vcs_coverage in 2.22 seconds
2025-03-09 14:26:38,781 - verilog_tb_gen - INFO - Finished vcs_simulate in 0.51 seconds
2025-03-09 14:26:39,204 - verilog_tb_gen - INFO - Finished llm_testbench in 13.23 seconds
2025-03-09 14:26:40,024 - verilog_tb_gen - INFO - Finished vcs_simulate_align in 3.04 seconds
2025-03-09 14:26:40,026 - verilog_tb_gen - INFO - Successfully generated testbench for 7157
2025-03-09 14:26:40,038 - verilog_tb_gen - INFO - ==================== Time Cost: 44.10017228126526 ====================
2025-03-09 14:26:40,038 - verilog_tb_gen - INFO - ==================== Generate data: 7158 ====================
2025-03-09 14:26:40,479 - verilog_tb_gen - INFO - Finished vcs_compile in 1.27 seconds
2025-03-09 14:26:44,580 - verilog_tb_gen - INFO - Finished llm_testbench_align in 19.11 seconds
2025-03-09 14:26:45,308 - verilog_tb_gen - INFO - Finished llm_function_points in 5.17 seconds
2025-03-09 14:26:47,563 - verilog_tb_gen - INFO - Finished vcs_simulate_align in 2.98 seconds
2025-03-09 14:26:47,564 - verilog_tb_gen - INFO - Reached maximum iterations (3). Stopping retry loop.
2025-03-09 14:26:47,565 - verilog_tb_gen - INFO - Generated testbench for 7173 coverst {'overall': {'score': 59.15, 'line': 89.8, 'condition': 67.57, 'toggle': 29.0, 'branch': 59.38}, 'lines': ['\n13                      \n14         1/1              wire rst = ! rst_n;\n15                          wire [3:0] out_data;\n16                          wire [7:0] uio_out_unused;\n17         1/1              wire [3:0] in_data = \tui_in[7:4];  \n18         1/1              wire [3:0] in_addr = \tui_in[3:0];  \n19         1/1              wire [3:0] in_opcode = \tuio_in [7:4]; \n20         1/1              wire       in_write_enable   = uio_in[0];  \n21                      \n22                          reg [3:0] accumulator;\t\n23                          reg [3:0] next_accumulator;\n24                          reg [3:0] memory [0:15];\t\n25                          reg [3:0] next_memory [0:15];\n26                          reg write_enable_ff;\t\n27                          reg [3:0] operand_a;\t\n28                          reg [3:0] next_operand_a;\n29                          reg [3:0] operand_b;\t\n30                          reg [3:0] next_operand_b;\n31                          integer i = 0; \t\t\n32                      \n33                          reg [2:0]fsm_state, next_fsm_state;\n34                          localparam IDLE\t= 3\'b000;\n35                          localparam LOAD\t= 3\'b001;\n36                          localparam STORE\t= 3\'b010;\n37                          localparam ADD_SUB\t= 3\'b011;\n38                          localparam LOGIC\t= 3\'b100;\n39                          localparam SHIFT\t= 3\'b101;\n40                      \n41                          always @(posedge clk or posedge rst) begin\n42         1/1          \t    if (rst) begin\n43         1/1          \t\t    accumulator &lt;= 4\'b0000;\n44         1/1          \t\t    write_enable_ff &lt;= 1\'b0;\n45         1/1          \t\t    fsm_state &lt;= IDLE;\n46         1/1          \t\t    for (i=0 ; i&lt;=15 ; i = i+1)\n47                      \t\t    begin\n48         1/1          \t\t\t    memory[i] &lt;= 4\'b0000;\n49         1/1          \t\t    end;\n50                      \t    end else begin\n51         1/1          \t\t    write_enable_ff &lt;= in_write_enable;\n52         1/1          \t\t    fsm_state &lt;= next_fsm_state;\n53         1/1          \t\t    operand_a &lt;= next_operand_a;\n54         1/1          \t\t    operand_b &lt;= next_operand_b;\n55         1/1          \t\t    accumulator &lt;= next_accumulator;\n56         1/1          \t\t    for (i=0; i&lt;=15; i = i+1)\n57                      \t\t    begin\n58         1/1          \t\t\t    memory[i] &lt;= next_memory[i];\n59         1/1          \t\t    end;\n60         1/1          \t    end;\n61         1/1          \t    i = 0;\n62                          end;\n63                      \n64                          always @(posedge clk) begin\n65         1/1          \t    case(fsm_state)\n66         1/1          \t\t    IDLE:\tnext_fsm_state &lt;=\t(in_opcode == 4\'b0011) ? LOAD\t:\n67                      \t\t\t    \t\t\t\t(in_opcode == 4\'b0010) ? STORE\t:\n68                      \t\t\t\t\t\t\t(in_opcode == 4\'b0000 || in_opcode == 4\'b0001) ? ADD_SUB:\n69                      \t\t\t\t\t\t\t(in_opcode == 4\'b0100 || in_opcode == 4\'b0101 || in_opcode == 4\'b0110 || in_opcode == 4\'b0111) ? LOGIC:\n70                      \t\t\t\t\t\t\t(in_opcode == 4\'b1000 || in_opcode == 4\'b1001) ? SHIFT  :\n71                      \t\t\t\t\t\t\tIDLE;\n72                      \n73         1/1          \t\t    LOAD: \tnext_fsm_state &lt;= IDLE;\n74         <font color = "red">0/1     ==>  \t\t    STORE:\tnext_fsm_state &lt;= IDLE;</font>\n75         1/1          \t\t    ADD_SUB:\tnext_fsm_state &lt;= IDLE;\n76         1/1          \t\t    LOGIC:\tnext_fsm_state &lt;= IDLE;\n77         1/1          \t\t    SHIFT:\tnext_fsm_state &lt;= IDLE;\n78         <font color = "red">0/1     ==>  \t\t    default:\tnext_fsm_state &lt;= IDLE;</font>\n79         1/1          \t    endcase;\n80                          end;\n81                      \n82                          always @(posedge clk) begin\n83         1/1          \t    case(in_opcode)\n84                      \t\t    4\'b0000, 4\'b0001, 4\'b0101, 4\'b0110, 4\'b0111: \n85                      \t\t    begin\n86         1/1          \t\t\t    next_operand_a &lt;= accumulator;\n87         1/1          \t\t    \t    next_operand_b &lt;= in_data;\n88                      \t\t    end\n89                      \t\t    default: \n90                      \t\t    begin\n91         1/1          \t\t\t    next_operand_a &lt;= in_data;\n92         1/1          \t\t    \t    next_operand_b &lt;= 4\'b0000;\n93                      \t\t    end\n94         1/1          \t    endcase;\n95                          end;\n96                      \n97                          always @(posedge clk) begin\n98         1/1          \t    case(fsm_state)\n99         1/1          \t\t    IDLE: next_accumulator &lt;= accumulator;\n100        1/1          \t\t    LOAD: next_accumulator &lt;= memory[in_addr];\n101        <font color = "red">0/2     ==>  \t\t    STORE: if (write_enable_ff) next_memory[in_addr] &lt;= accumulator; </font>\n                   <font color = "red">==>  MISSING_ELSE</font>\n102        1/1          \t\t    ADD_SUB: next_accumulator &lt;= (in_opcode == 4\'b0000) ? operand_a + operand_b: \n103                     \t\t\t    \t\t    (in_opcode == 4\'b0001) ? operand_a - operand_b: \n104                     \t\t\t\t\t    accumulator;\n105        1/1          \t\t    LOGIC: next_accumulator &lt;=\t(in_opcode == 4\'b0101) ? operand_a &amp; operand_b: \n106                     \t\t\t\t\t\t(in_opcode == 4\'b0110) ? operand_a | operand_b: \n107                     \t\t\t\t\t\t(in_opcode == 4\'b0111) ? operand_a ^ operand_b: \n108                     \t\t\t\t\t\t(in_opcode == 4\'b1000) ? ~operand_a: \n109                     \t\t\t\t\t\taccumulator;\n110        1/1          \t\t    SHIFT: next_accumulator &lt;= \t(in_opcode == 4\'b1001) ? operand_a &lt;&lt; 1: \n111                     \t\t\t\t\t\t(in_opcode == 4\'b1010) ? operand_a &gt;&gt; 1: \n112                     \t\t\t\t\t\taccumulator;\n113        <font color = "red">0/1     ==>  \t\t    default: next_accumulator &lt;= accumulator;</font>\n114        1/1          \t    endcase;\n115                         end;\n116                     \n117        1/1              assign out_data = accumulator;\n118        1/1              assign uo_out = {4\'b0000, out_data};\n']}%
2025-03-09 14:26:47,566 - verilog_tb_gen - INFO - Failed to generate testbench for 7173
2025-03-09 14:26:47,579 - verilog_tb_gen - INFO - ==================== Time Cost: 164.1697175502777 ====================
2025-03-09 14:26:47,579 - verilog_tb_gen - INFO - ==================== Generate data: 7174 ====================
2025-03-09 14:26:47,908 - verilog_tb_gen - INFO - Finished llm_testbench_align in 11.97 seconds
2025-03-09 14:26:48,029 - verilog_tb_gen - INFO - ===== Error for 7114 =====
2025-03-09 14:26:48,029 - verilog_tb_gen - INFO - Command '['make', 'vcs', 'sim']' timed out after 10 seconds
2025-03-09 14:26:48,029 - verilog_tb_gen - INFO - ==================== Time Cost: 58.60659217834473 ====================
2025-03-09 14:26:48,029 - verilog_tb_gen - INFO - ==================== Generate data: 7115 ====================
2025-03-09 14:26:49,628 - verilog_tb_gen - INFO - Finished llm_testbench_align in 10.85 seconds
2025-03-09 14:26:49,952 - verilog_tb_gen - INFO - Finished llm_testcases in 4.64 seconds
2025-03-09 14:26:50,383 - verilog_tb_gen - INFO - Finished llm_testbench in 9.90 seconds
2025-03-09 14:26:50,969 - verilog_tb_gen - INFO - Finished vcs_simulate_align in 3.06 seconds
2025-03-09 14:26:50,971 - verilog_tb_gen - INFO - Successfully generated testbench for 7135
2025-03-09 14:26:50,983 - verilog_tb_gen - INFO - ==================== Time Cost: 44.12817072868347 ====================
2025-03-09 14:26:50,983 - verilog_tb_gen - INFO - ==================== Generate data: 7136 ====================
2025-03-09 14:26:51,687 - verilog_tb_gen - INFO - Finished vcs_compile in 1.30 seconds
2025-03-09 14:26:52,675 - verilog_tb_gen - INFO - Finished vcs_simulate_align in 3.05 seconds
2025-03-09 14:26:52,678 - verilog_tb_gen - INFO - Successfully generated testbench for 7193
2025-03-09 14:26:52,690 - verilog_tb_gen - INFO - ==================== Time Cost: 46.078277349472046 ====================
2025-03-09 14:26:52,690 - verilog_tb_gen - INFO - ==================== Generate data: 7194 ====================
2025-03-09 14:26:52,874 - verilog_tb_gen - INFO - Finished llm_function_points in 4.75 seconds
2025-03-09 14:26:53,250 - verilog_tb_gen - INFO - Finished llm_function_points in 5.57 seconds
2025-03-09 14:26:55,814 - verilog_tb_gen - INFO - Finished llm_function_points in 4.73 seconds
2025-03-09 14:26:57,598 - verilog_tb_gen - INFO - Finished llm_function_points in 4.76 seconds
2025-03-09 14:26:57,844 - verilog_tb_gen - INFO - Finished llm_testcases in 4.97 seconds
2025-03-09 14:26:58,954 - verilog_tb_gen - INFO - Finished llm_testcases in 5.70 seconds
2025-03-09 14:27:01,806 - verilog_tb_gen - INFO - Finished llm_testbench in 11.85 seconds
2025-03-09 14:27:03,009 - verilog_tb_gen - INFO - Finished llm_testcases in 7.19 seconds
2025-03-09 14:27:03,337 - verilog_tb_gen - INFO - Finished llm_testcases in 5.74 seconds
2025-03-09 14:27:04,139 - verilog_tb_gen - INFO - Finished llm_testbench in 12.45 seconds
2025-03-09 14:27:04,821 - verilog_tb_gen - INFO - Finished vcs_compile in 3.01 seconds
2025-03-09 14:27:07,095 - verilog_tb_gen - INFO - Line coverage at iteration 0 is 87.18%
2025-03-09 14:27:07,095 - verilog_tb_gen - INFO - Finished vcs_coverage in 2.27 seconds
2025-03-09 14:27:07,241 - verilog_tb_gen - INFO - Finished vcs_compile in 3.10 seconds
2025-03-09 14:27:09,542 - verilog_tb_gen - INFO - Line coverage at iteration 0 is 94.29%
2025-03-09 14:27:09,542 - verilog_tb_gen - INFO - Finished vcs_coverage in 2.30 seconds
2025-03-09 14:27:09,661 - verilog_tb_gen - INFO - Finished llm_testbench in 11.82 seconds
2025-03-09 14:27:10,191 - verilog_tb_gen - INFO - Finished vcs_simulate in 0.65 seconds
2025-03-09 14:27:11,716 - verilog_tb_gen - INFO - Finished llm_testbench in 12.76 seconds
2025-03-09 14:27:12,663 - verilog_tb_gen - INFO - Finished vcs_compile in 3.00 seconds
2025-03-09 14:27:13,264 - verilog_tb_gen - INFO - Finished llm_testbench in 9.93 seconds
2025-03-09 14:27:14,720 - verilog_tb_gen - INFO - Finished vcs_compile in 3.00 seconds
2025-03-09 14:27:14,969 - verilog_tb_gen - INFO - Line coverage at iteration 0 is 93.75%
2025-03-09 14:27:14,969 - verilog_tb_gen - INFO - Finished vcs_coverage in 2.30 seconds
2025-03-09 14:27:15,276 - verilog_tb_gen - INFO - Finished llm_testbench in 12.26 seconds
2025-03-09 14:27:15,484 - verilog_tb_gen - INFO - Finished vcs_simulate in 0.51 seconds
2025-03-09 14:27:16,320 - verilog_tb_gen - INFO - Finished vcs_compile in 3.06 seconds
2025-03-09 14:27:16,553 - verilog_tb_gen - INFO - Finished vcs_compile in 1.28 seconds
2025-03-09 14:27:17,010 - verilog_tb_gen - INFO - Line coverage at iteration 0 is 100.0%
2025-03-09 14:27:17,010 - verilog_tb_gen - INFO - Finished vcs_coverage in 2.29 seconds
2025-03-09 14:27:17,515 - verilog_tb_gen - INFO - Finished vcs_simulate in 0.50 seconds
2025-03-09 14:27:18,594 - verilog_tb_gen - INFO - Line coverage at iteration 0 is 63.64%
2025-03-09 14:27:18,594 - verilog_tb_gen - INFO - Finished vcs_coverage in 2.27 seconds
2025-03-09 14:27:20,989 - verilog_tb_gen - INFO - Finished llm_coverage in 13.89 seconds
2025-03-09 14:27:24,485 - verilog_tb_gen - INFO - Line coverage at iteration 1 is 87.18%
2025-03-09 14:27:24,485 - verilog_tb_gen - INFO - Finished vcs_coverage in 3.49 seconds
2025-03-09 14:27:27,067 - verilog_tb_gen - INFO - Finished llm_testbench_align in 11.58 seconds
2025-03-09 14:27:28,597 - verilog_tb_gen - INFO - Finished llm_testbench_align in 18.40 seconds
2025-03-09 14:27:29,640 - verilog_tb_gen - INFO - Finished llm_testbench_align in 12.12 seconds
2025-03-09 14:27:30,064 - verilog_tb_gen - INFO - Finished vcs_simulate_align in 3.00 seconds
2025-03-09 14:27:30,066 - verilog_tb_gen - INFO - Successfully generated testbench for 7115
2025-03-09 14:27:30,078 - verilog_tb_gen - INFO - ==================== Time Cost: 42.048577308654785 ====================
2025-03-09 14:27:30,078 - verilog_tb_gen - INFO - ==================== Generate data: 7116 ====================
2025-03-09 14:27:31,055 - verilog_tb_gen - INFO - Finished llm_testbench in 14.50 seconds
2025-03-09 14:27:31,810 - verilog_tb_gen - INFO - Finished vcs_simulate_align in 3.21 seconds
2025-03-09 14:27:31,812 - verilog_tb_gen - INFO - Successfully generated testbench for 7095
2025-03-09 14:27:31,824 - verilog_tb_gen - INFO - ==================== Time Cost: 75.90823245048523 ====================
2025-03-09 14:27:31,824 - verilog_tb_gen - INFO - ==================== Generate data: 7096 ====================
2025-03-09 14:27:32,327 - verilog_tb_gen - INFO - Finished vcs_compile in 1.27 seconds
2025-03-09 14:27:32,736 - verilog_tb_gen - INFO - Finished vcs_simulate_align in 3.09 seconds
2025-03-09 14:27:32,738 - verilog_tb_gen - INFO - Successfully generated testbench for 7174
2025-03-09 14:27:32,749 - verilog_tb_gen - INFO - ==================== Time Cost: 45.17068076133728 ====================
2025-03-09 14:27:32,750 - verilog_tb_gen - INFO - ==================== Generate data: 7175 ====================
2025-03-09 14:27:36,192 - verilog_tb_gen - INFO - Finished llm_function_points in 6.02 seconds
2025-03-09 14:27:38,543 - verilog_tb_gen - INFO - Finished llm_function_points in 5.68 seconds
2025-03-09 14:27:40,999 - verilog_tb_gen - INFO - Finished llm_testcases in 4.81 seconds
2025-03-09 14:27:41,050 - verilog_tb_gen - INFO - Finished llm_function_points in 9.13 seconds
2025-03-09 14:27:41,623 - verilog_tb_gen - INFO - Finished llm_coverage in 23.03 seconds
2025-03-09 14:27:42,885 - verilog_tb_gen - INFO - Finished llm_testbench in 10.56 seconds
2025-03-09 14:27:44,650 - verilog_tb_gen - INFO - Finished llm_testcases in 6.11 seconds
2025-03-09 14:27:45,137 - verilog_tb_gen - INFO - Line coverage at iteration 1 is 75.76%
2025-03-09 14:27:45,138 - verilog_tb_gen - INFO - Finished vcs_coverage in 3.51 seconds
2025-03-09 14:27:45,862 - verilog_tb_gen - INFO - Finished vcs_compile in 2.98 seconds
2025-03-09 14:27:48,055 - verilog_tb_gen - INFO - Line coverage at iteration 0 is 100.0%
2025-03-09 14:27:48,055 - verilog_tb_gen - INFO - Finished vcs_coverage in 2.19 seconds
2025-03-09 14:27:48,297 - verilog_tb_gen - INFO - Finished llm_testcases in 7.25 seconds
2025-03-09 14:27:48,563 - verilog_tb_gen - INFO - Finished vcs_simulate in 0.51 seconds
2025-03-09 14:27:55,686 - verilog_tb_gen - INFO - Finished llm_coverage in 31.20 seconds
2025-03-09 14:27:59,298 - verilog_tb_gen - INFO - Line coverage at iteration 2 is 87.18%
2025-03-09 14:27:59,298 - verilog_tb_gen - INFO - Finished vcs_coverage in 3.61 seconds
2025-03-09 14:27:59,545 - verilog_tb_gen - INFO - Finished llm_testbench_align in 10.98 seconds
2025-03-09 14:27:59,957 - verilog_tb_gen - INFO - Finished llm_coverage in 14.82 seconds
2025-03-09 14:28:00,852 - verilog_tb_gen - INFO - Finished llm_testbench in 19.85 seconds
2025-03-09 14:28:02,654 - verilog_tb_gen - INFO - Finished vcs_simulate_align in 3.11 seconds
2025-03-09 14:28:02,656 - verilog_tb_gen - INFO - Successfully generated testbench for 7136
2025-03-09 14:28:02,668 - verilog_tb_gen - INFO - ==================== Time Cost: 71.68481469154358 ====================
2025-03-09 14:28:02,668 - verilog_tb_gen - INFO - ==================== Generate data: 7137 ====================
2025-03-09 14:28:03,642 - verilog_tb_gen - INFO - Finished llm_testbench in 15.34 seconds
2025-03-09 14:28:03,683 - verilog_tb_gen - INFO - Line coverage at iteration 2 is 78.79%
2025-03-09 14:28:03,683 - verilog_tb_gen - INFO - Finished vcs_coverage in 3.73 seconds
2025-03-09 14:28:03,900 - verilog_tb_gen - INFO - Finished vcs_compile in 3.05 seconds
2025-03-09 14:28:04,807 - verilog_tb_gen - INFO - Finished llm_testbench in 20.16 seconds
2025-03-09 14:28:06,287 - verilog_tb_gen - INFO - Line coverage at iteration 0 is 100.0%
2025-03-09 14:28:06,288 - verilog_tb_gen - INFO - Finished vcs_coverage in 2.39 seconds
2025-03-09 14:28:06,695 - verilog_tb_gen - INFO - Finished vcs_compile in 3.05 seconds
2025-03-09 14:28:06,796 - verilog_tb_gen - INFO - Finished vcs_simulate in 0.51 seconds
2025-03-09 14:28:07,912 - verilog_tb_gen - INFO - Finished vcs_compile in 3.10 seconds
2025-03-09 14:28:08,035 - verilog_tb_gen - INFO - Finished llm_function_points in 5.27 seconds
2025-03-09 14:28:09,043 - verilog_tb_gen - INFO - Line coverage at iteration 0 is 51.06%
2025-03-09 14:28:09,043 - verilog_tb_gen - INFO - Finished vcs_coverage in 2.35 seconds
2025-03-09 14:28:10,253 - verilog_tb_gen - INFO - Line coverage at iteration 0 is 100.0%
2025-03-09 14:28:10,254 - verilog_tb_gen - INFO - Finished vcs_coverage in 2.34 seconds
2025-03-09 14:28:10,767 - verilog_tb_gen - INFO - Finished vcs_simulate in 0.51 seconds
2025-03-09 14:28:13,414 - verilog_tb_gen - INFO - Finished llm_testcases in 5.38 seconds
2025-03-09 14:28:15,671 - verilog_tb_gen - INFO - Finished llm_coverage in 11.99 seconds
2025-03-09 14:28:16,616 - verilog_tb_gen - INFO - Finished llm_coverage in 17.32 seconds
2025-03-09 14:28:19,368 - verilog_tb_gen - INFO - Line coverage at iteration 3 is 78.79%
2025-03-09 14:28:19,368 - verilog_tb_gen - INFO - Finished vcs_coverage in 3.70 seconds
2025-03-09 14:28:19,369 - verilog_tb_gen - INFO - Reached maximum iterations (3). Stopping retry loop.
2025-03-09 14:28:19,884 - verilog_tb_gen - INFO - Finished vcs_simulate in 0.51 seconds
2025-03-09 14:28:20,310 - verilog_tb_gen - INFO - Line coverage at iteration 3 is 87.18%
2025-03-09 14:28:20,310 - verilog_tb_gen - INFO - Finished vcs_coverage in 3.69 seconds
2025-03-09 14:28:20,311 - verilog_tb_gen - INFO - Reached maximum iterations (3). Stopping retry loop.
2025-03-09 14:28:20,828 - verilog_tb_gen - INFO - Finished vcs_simulate in 0.52 seconds
2025-03-09 14:28:22,286 - verilog_tb_gen - INFO - Finished llm_testbench_align in 15.49 seconds
2025-03-09 14:28:24,168 - verilog_tb_gen - INFO - Finished llm_testbench in 10.75 seconds
2025-03-09 14:28:25,318 - verilog_tb_gen - INFO - Finished vcs_simulate_align in 3.03 seconds
2025-03-09 14:28:25,320 - verilog_tb_gen - INFO - Successfully generated testbench for 7116
2025-03-09 14:28:25,332 - verilog_tb_gen - INFO - ==================== Time Cost: 55.253631591796875 ====================
2025-03-09 14:28:25,332 - verilog_tb_gen - INFO - ==================== Generate data: 7117 ====================
2025-03-09 14:28:27,236 - verilog_tb_gen - INFO - Finished vcs_compile in 3.07 seconds
2025-03-09 14:28:29,499 - verilog_tb_gen - INFO - Line coverage at iteration 0 is 71.43%
2025-03-09 14:28:29,499 - verilog_tb_gen - INFO - Finished vcs_coverage in 2.26 seconds
2025-03-09 14:28:29,582 - verilog_tb_gen - INFO - Finished llm_testbench_align in 18.81 seconds
2025-03-09 14:28:30,073 - verilog_tb_gen - INFO - Finished llm_function_points in 4.64 seconds
2025-03-09 14:28:32,504 - verilog_tb_gen - INFO - Finished vcs_simulate_align in 2.92 seconds
2025-03-09 14:28:32,506 - verilog_tb_gen - INFO - Successfully generated testbench for 7175
2025-03-09 14:28:32,518 - verilog_tb_gen - INFO - ==================== Time Cost: 59.76806020736694 ====================
2025-03-09 14:28:32,518 - verilog_tb_gen - INFO - ==================== Generate data: 7176 ====================
2025-03-09 14:28:33,751 - verilog_tb_gen - INFO - Finished llm_coverage in 24.71 seconds
2025-03-09 14:28:33,891 - verilog_tb_gen - INFO - Finished llm_testbench_align in 14.01 seconds
2025-03-09 14:28:35,539 - verilog_tb_gen - INFO - Finished llm_testcases in 5.46 seconds
2025-03-09 14:28:36,941 - verilog_tb_gen - INFO - Finished vcs_simulate_align in 3.05 seconds
2025-03-09 14:28:37,298 - verilog_tb_gen - INFO - Line coverage at iteration 1 is 61.7%
2025-03-09 14:28:37,298 - verilog_tb_gen - INFO - Finished vcs_coverage in 3.55 seconds
2025-03-09 14:28:39,001 - verilog_tb_gen - INFO - Finished llm_function_points in 6.38 seconds
2025-03-09 14:28:40,850 - verilog_tb_gen - INFO - Finished llm_testbench_align in 20.02 seconds
2025-03-09 14:28:43,833 - verilog_tb_gen - INFO - Finished vcs_simulate_align in 2.98 seconds
2025-03-09 14:28:43,836 - verilog_tb_gen - INFO - Successfully generated testbench for 7158
2025-03-09 14:28:43,848 - verilog_tb_gen - INFO - ==================== Time Cost: 123.80973052978516 ====================
2025-03-09 14:28:43,848 - verilog_tb_gen - INFO - ==================== Generate data: 7159 ====================
2025-03-09 14:28:45,759 - verilog_tb_gen - INFO - Finished llm_testcases in 6.76 seconds
2025-03-09 14:28:45,902 - verilog_tb_gen - INFO - Finished llm_coverage in 16.40 seconds
2025-03-09 14:28:48,949 - verilog_tb_gen - INFO - Finished llm_function_points in 5.00 seconds
2025-03-09 14:28:49,692 - verilog_tb_gen - INFO - Line coverage at iteration 1 is 83.67%
2025-03-09 14:28:49,692 - verilog_tb_gen - INFO - Finished vcs_coverage in 3.79 seconds
2025-03-09 14:28:50,642 - verilog_tb_gen - INFO - Finished llm_testbench in 15.10 seconds
2025-03-09 14:28:53,714 - verilog_tb_gen - INFO - Finished llm_testbench_align in 16.77 seconds
2025-03-09 14:28:53,809 - verilog_tb_gen - INFO - Finished vcs_compile in 3.17 seconds
2025-03-09 14:28:54,997 - verilog_tb_gen - INFO - Finished llm_testcases in 6.05 seconds
2025-03-09 14:28:56,188 - verilog_tb_gen - INFO - Line coverage at iteration 0 is 100.0%
2025-03-09 14:28:56,188 - verilog_tb_gen - INFO - Finished vcs_coverage in 2.38 seconds
2025-03-09 14:28:56,695 - verilog_tb_gen - INFO - Finished vcs_simulate in 0.51 seconds
2025-03-09 14:28:56,908 - verilog_tb_gen - INFO - Finished vcs_simulate_align in 3.19 seconds
2025-03-09 14:28:57,879 - verilog_tb_gen - INFO - Finished llm_testbench in 12.12 seconds
2025-03-09 14:29:01,048 - verilog_tb_gen - INFO - Finished vcs_compile in 3.17 seconds
2025-03-09 14:29:03,412 - verilog_tb_gen - INFO - Line coverage at iteration 0 is 100.0%
2025-03-09 14:29:03,412 - verilog_tb_gen - INFO - Finished vcs_coverage in 2.36 seconds
2025-03-09 14:29:03,924 - verilog_tb_gen - INFO - Finished vcs_simulate in 0.51 seconds
2025-03-09 14:29:04,532 - verilog_tb_gen - INFO - Finished llm_testbench in 9.53 seconds
2025-03-09 14:29:07,555 - verilog_tb_gen - INFO - Finished vcs_compile in 3.02 seconds
2025-03-09 14:29:09,960 - verilog_tb_gen - INFO - Line coverage at iteration 0 is 89.29%
2025-03-09 14:29:09,960 - verilog_tb_gen - INFO - Finished vcs_coverage in 2.40 seconds
2025-03-09 14:29:12,355 - verilog_tb_gen - INFO - Finished llm_coverage in 22.66 seconds
2025-03-09 14:29:14,714 - verilog_tb_gen - INFO - Finished llm_testbench_align in 10.79 seconds
2025-03-09 14:29:16,007 - verilog_tb_gen - INFO - ===== Error for 7176 =====
2025-03-09 14:29:16,008 - verilog_tb_gen - INFO - list index out of range
2025-03-09 14:29:16,008 - verilog_tb_gen - INFO - ==================== Time Cost: 43.48994183540344 ====================
2025-03-09 14:29:16,008 - verilog_tb_gen - INFO - ==================== Generate data: 7177 ====================
2025-03-09 14:29:16,196 - verilog_tb_gen - INFO - Line coverage at iteration 2 is 83.67%
2025-03-09 14:29:16,196 - verilog_tb_gen - INFO - Finished vcs_coverage in 3.84 seconds
2025-03-09 14:29:16,433 - verilog_tb_gen - INFO - Finished llm_testbench_align in 19.52 seconds
2025-03-09 14:29:17,037 - verilog_tb_gen - INFO - Finished llm_testbench_align in 20.34 seconds
2025-03-09 14:29:18,359 - verilog_tb_gen - INFO - ===== Error for 7117 =====
2025-03-09 14:29:18,359 - verilog_tb_gen - INFO - list index out of range
2025-03-09 14:29:18,359 - verilog_tb_gen - INFO - ==================== Time Cost: 53.02757549285889 ====================
2025-03-09 14:29:18,359 - verilog_tb_gen - INFO - ==================== Generate data: 7118 ====================
2025-03-09 14:29:19,626 - verilog_tb_gen - INFO - Finished vcs_simulate_align in 3.19 seconds
2025-03-09 14:29:19,628 - verilog_tb_gen - INFO - Reached maximum iterations (3). Stopping retry loop.
2025-03-09 14:29:19,629 - verilog_tb_gen - INFO - Generated testbench for 7194 coverst {'overall': {'score': 68.49, 'line': 78.79, 'condition': 80.0, 'toggle': 53.12, 'branch': 75.0}, 'lines': ['\n17                      \n18         1/1          assign wrAdr = (cntWrd &gt; 0 &amp;&amp; cntWrd &lt;= 18) ? (cntWrd - 1\'b1) : 5\'hZ;\n19                      \n20                      always@(posedge clk)\n21         1/1          \tsyncStr &lt;= {syncStr[0], strob};\n22                      \n23                      always@(posedge clk or negedge rst)\n24                      begin\n25         1/1          \tif(~rst) begin\n26         1/1          \t\tfull &lt;= 1\'b0;\n27         1/1          \t\tstate &lt;= 3\'d0;\n28         1/1          \t\tcntWrd &lt;= 5\'d0;\n29         1/1          \t\tcntWE &lt;= 6\'d0;\n30         1/1          \t\tWE &lt;= 1\'b0;\n31         1/1          \t\tpause &lt;= 6\'d0;\n32                      \tend\n33                      \telse begin\n34         1/1          \t\tcase(state)\n35                      \t\t\tIDLE: begin\t\t\t\t\n36         1/1          \t\t\t\tif(syncStr[1]) begin\n37         1/1          \t\t\t\t\tstate &lt;= CNTWRD;\n38         1/1          \t\t\t\t\tfull &lt;= 1\'b0;\n39                      \t\t\t\tend\n                        MISSING_ELSE\n40                      \t\t\tend\n41                      \t\t\tCNTWRD: begin\n42         1/1          \t\t\t\tcntWrd &lt;= cntWrd + 1\'b1;\n43         1/1          \t\t\t\tstate &lt;= WRSET;\n44                      \t\t\tend\n45                      \t\t\tWRSET: begin\n46         1/1          \t\t\t\tcntWE &lt;= cntWE + 1\'b1;\n47         1/1          \t\t\t\tif(cntWE == 6\'d42)\n48         1/1          \t\t\t\t\tWE &lt;= 1\'b1;\n49         1/1          \t\t\t\telse if(cntWE == 6\'d46)\n50         1/1          \t\t\t\t\tWE &lt;= 1\'b0;\n51         1/1          \t\t\t\telse if(cntWE == 6\'d63) begin\n52         1/1          \t\t\t\t\tcntWE &lt;= 6\'d0;\n53         1/1          \t\t\t\t\tif(cntWrd == 5\'d18) begin\n54         <font color = "red">0/1     ==>  \t\t\t\t\t\tstate &lt;= PAUSE;</font>\n55         <font color = "red">0/1     ==>  \t\t\t\t\t\tfull &lt;= 1\'b1;</font>\n56                      \t\t\t\t\tend\n57                      \t\t\t\t\telse \n58         1/1          \t\t\t\t\t\tstate &lt;= WAIT;\n59                      \t\t\t\tend\n                        MISSING_ELSE\n60                      \t\t\tend\n61                      \t\t\tPAUSE: begin\n62         <font color = "red">0/1     ==>  \t\t\t\tpause &lt;= pause + 1\'b1;</font>\n63         <font color = "red">0/1     ==>  \t\t\t\tif(pause == 6\'d63) begin</font>\n64         <font color = "red">0/1     ==>  \t\t\t\t\tcntWrd &lt;= 5\'d0;</font>\n65         <font color = "red">0/1     ==>  \t\t\t\t\tstate &lt;= WAIT;</font>\n66         <font color = "red">0/1     ==>  \t\t\t\t\tpause &lt;= 6\'d0;</font>\n67                      \t\t\t\tend\n                   <font color = "red">==>  MISSING_ELSE</font>\n68                      \t\t\tend\n69                      \t\t\tWAIT: begin\n70         1/1          \t\t\t\tif(~syncStr[1])\n71         1/1          \t\t\t\t\tstate &lt;= IDLE;\n                        MISSING_ELSE\n72                      \t\t\tend\n                   <font color = "red">==>  MISSING_DEFAULT</font>\n']}%
2025-03-09 14:29:19,630 - verilog_tb_gen - INFO - Failed to generate testbench for 7194
2025-03-09 14:29:19,644 - verilog_tb_gen - INFO - ==================== Time Cost: 146.95421385765076 ====================
2025-03-09 14:29:19,644 - verilog_tb_gen - INFO - ==================== Generate data: 7195 ====================
2025-03-09 14:29:21,235 - verilog_tb_gen - INFO - Finished llm_function_points in 5.13 seconds
2025-03-09 14:29:23,628 - verilog_tb_gen - INFO - Finished llm_function_points in 5.17 seconds
2025-03-09 14:29:23,844 - verilog_tb_gen - INFO - Finished llm_coverage in 13.88 seconds
2025-03-09 14:29:24,465 - verilog_tb_gen - INFO - Finished llm_coverage in 47.17 seconds
2025-03-09 14:29:25,710 - verilog_tb_gen - INFO - Finished llm_function_points in 5.97 seconds
2025-03-09 14:29:26,157 - verilog_tb_gen - INFO - Finished llm_testcases in 4.92 seconds
2025-03-09 14:29:27,632 - verilog_tb_gen - INFO - Line coverage at iteration 1 is 89.29%
2025-03-09 14:29:27,633 - verilog_tb_gen - INFO - Finished vcs_coverage in 3.79 seconds
2025-03-09 14:29:28,139 - verilog_tb_gen - INFO - Line coverage at iteration 2 is 61.7%
2025-03-09 14:29:28,139 - verilog_tb_gen - INFO - Finished vcs_coverage in 3.67 seconds
2025-03-09 14:29:28,567 - verilog_tb_gen - INFO - Finished llm_testcases in 4.94 seconds
2025-03-09 14:29:30,994 - verilog_tb_gen - INFO - Finished llm_testcases in 5.28 seconds
2025-03-09 14:29:32,638 - verilog_tb_gen - INFO - Finished llm_coverage in 16.44 seconds
2025-03-09 14:29:36,411 - verilog_tb_gen - INFO - Line coverage at iteration 3 is 83.67%
2025-03-09 14:29:36,412 - verilog_tb_gen - INFO - Finished vcs_coverage in 3.77 seconds
2025-03-09 14:29:36,412 - verilog_tb_gen - INFO - Reached maximum iterations (3). Stopping retry loop.
2025-03-09 14:29:36,927 - verilog_tb_gen - INFO - Finished vcs_simulate in 0.51 seconds
2025-03-09 14:29:37,338 - verilog_tb_gen - INFO - Finished llm_testbench in 11.18 seconds
2025-03-09 14:29:39,935 - verilog_tb_gen - INFO - Finished vcs_compile in 2.60 seconds
2025-03-09 14:29:42,057 - verilog_tb_gen - INFO - Line coverage at iteration 0 is 100.0%
2025-03-09 14:29:42,058 - verilog_tb_gen - INFO - Finished vcs_coverage in 2.12 seconds
2025-03-09 14:29:42,568 - verilog_tb_gen - INFO - Finished vcs_simulate in 0.51 seconds
2025-03-09 14:29:43,510 - verilog_tb_gen - INFO - Finished llm_testbench in 12.51 seconds
2025-03-09 14:29:46,529 - verilog_tb_gen - INFO - Finished vcs_compile in 3.02 seconds
2025-03-09 14:29:47,394 - verilog_tb_gen - INFO - Finished llm_coverage in 19.76 seconds
2025-03-09 14:29:48,886 - verilog_tb_gen - INFO - Line coverage at iteration 0 is 100.0%
2025-03-09 14:29:48,886 - verilog_tb_gen - INFO - Finished vcs_coverage in 2.36 seconds
2025-03-09 14:29:49,374 - verilog_tb_gen - INFO - Finished llm_testbench in 20.81 seconds
2025-03-09 14:29:49,394 - verilog_tb_gen - INFO - Finished vcs_simulate in 0.51 seconds
2025-03-09 14:29:51,047 - verilog_tb_gen - INFO - Line coverage at iteration 2 is 89.29%
2025-03-09 14:29:51,047 - verilog_tb_gen - INFO - Finished vcs_coverage in 3.65 seconds
2025-03-09 14:29:51,868 - verilog_tb_gen - INFO - Finished llm_coverage in 23.73 seconds
2025-03-09 14:29:52,140 - verilog_tb_gen - INFO - Finished vcs_compile in 2.76 seconds
2025-03-09 14:29:54,434 - verilog_tb_gen - INFO - Line coverage at iteration 0 is 88.46%
2025-03-09 14:29:54,434 - verilog_tb_gen - INFO - Finished vcs_coverage in 2.29 seconds
2025-03-09 14:29:54,951 - verilog_tb_gen - INFO - Finished llm_testbench_align in 12.38 seconds
2025-03-09 14:29:55,533 - verilog_tb_gen - INFO - Line coverage at iteration 3 is 61.7%
2025-03-09 14:29:55,533 - verilog_tb_gen - INFO - Finished vcs_coverage in 3.66 seconds
2025-03-09 14:29:55,534 - verilog_tb_gen - INFO - Reached maximum iterations (3). Stopping retry loop.
2025-03-09 14:29:56,046 - verilog_tb_gen - INFO - Finished vcs_simulate in 0.51 seconds
2025-03-09 14:29:58,030 - verilog_tb_gen - INFO - Finished vcs_simulate_align in 3.08 seconds
2025-03-09 14:29:58,033 - verilog_tb_gen - INFO - Successfully generated testbench for 7177
2025-03-09 14:29:58,044 - verilog_tb_gen - INFO - ==================== Time Cost: 42.03639054298401 ====================
2025-03-09 14:29:58,044 - verilog_tb_gen - INFO - ==================== Generate data: 7178 ====================
2025-03-09 14:29:58,517 - verilog_tb_gen - INFO - Finished llm_testbench_align in 21.59 seconds
2025-03-09 14:30:01,590 - verilog_tb_gen - INFO - Finished vcs_simulate_align in 3.07 seconds
2025-03-09 14:30:01,592 - verilog_tb_gen - INFO - Successfully generated testbench for 7137
2025-03-09 14:30:01,604 - verilog_tb_gen - INFO - ==================== Time Cost: 118.93646883964539 ====================
2025-03-09 14:30:01,604 - verilog_tb_gen - INFO - ==================== Generate data: 7138 ====================
2025-03-09 14:30:02,176 - verilog_tb_gen - INFO - Finished llm_testbench_align in 12.78 seconds
2025-03-09 14:30:03,013 - verilog_tb_gen - INFO - Finished llm_function_points in 4.87 seconds
2025-03-09 14:30:05,295 - verilog_tb_gen - INFO - Finished vcs_simulate_align in 3.12 seconds
2025-03-09 14:30:05,298 - verilog_tb_gen - INFO - Successfully generated testbench for 7195
2025-03-09 14:30:05,309 - verilog_tb_gen - INFO - ==================== Time Cost: 45.664971113204956 ====================
2025-03-09 14:30:05,310 - verilog_tb_gen - INFO - ==================== Generate data: 7196 ====================
2025-03-09 14:30:07,122 - verilog_tb_gen - INFO - Finished llm_function_points in 5.42 seconds
2025-03-09 14:30:08,445 - verilog_tb_gen - INFO - Finished llm_testcases in 5.43 seconds
2025-03-09 14:30:10,957 - verilog_tb_gen - INFO - Finished llm_testbench_align in 14.91 seconds
2025-03-09 14:30:11,160 - verilog_tb_gen - INFO - Finished llm_function_points in 5.75 seconds
2025-03-09 14:30:11,546 - verilog_tb_gen - INFO - Finished llm_testcases in 4.42 seconds
2025-03-09 14:30:12,090 - verilog_tb_gen - INFO - Finished llm_coverage in 17.65 seconds
2025-03-09 14:30:12,624 - verilog_tb_gen - INFO - Finished llm_coverage in 21.58 seconds
2025-03-09 14:30:13,991 - verilog_tb_gen - INFO - Finished vcs_simulate_align in 3.03 seconds
2025-03-09 14:30:13,993 - verilog_tb_gen - INFO - Successfully generated testbench for 7096
2025-03-09 14:30:14,006 - verilog_tb_gen - INFO - ==================== Time Cost: 162.18208599090576 ====================
2025-03-09 14:30:14,006 - verilog_tb_gen - INFO - ==================== Generate data: 7097 ====================
2025-03-09 14:30:15,774 - verilog_tb_gen - INFO - Line coverage at iteration 1 is 100.0%
2025-03-09 14:30:15,775 - verilog_tb_gen - INFO - Finished vcs_coverage in 3.68 seconds
2025-03-09 14:30:16,233 - verilog_tb_gen - INFO - Line coverage at iteration 3 is 89.29%
2025-03-09 14:30:16,233 - verilog_tb_gen - INFO - Finished vcs_coverage in 3.61 seconds
2025-03-09 14:30:16,234 - verilog_tb_gen - INFO - Reached maximum iterations (3). Stopping retry loop.
2025-03-09 14:30:16,287 - verilog_tb_gen - INFO - Finished vcs_simulate in 0.51 seconds
2025-03-09 14:30:16,509 - verilog_tb_gen - INFO - Finished llm_testcases in 5.35 seconds
2025-03-09 14:30:16,748 - verilog_tb_gen - INFO - Finished vcs_simulate in 0.51 seconds
2025-03-09 14:30:18,015 - verilog_tb_gen - INFO - Finished llm_testbench in 9.57 seconds
2025-03-09 14:30:18,826 - verilog_tb_gen - INFO - Finished llm_function_points in 4.72 seconds
2025-03-09 14:30:20,995 - verilog_tb_gen - INFO - Finished vcs_compile in 2.98 seconds
2025-03-09 14:30:23,289 - verilog_tb_gen - INFO - Line coverage at iteration 0 is 90.91%
2025-03-09 14:30:23,290 - verilog_tb_gen - INFO - Finished vcs_coverage in 2.29 seconds
2025-03-09 14:30:23,794 - verilog_tb_gen - INFO - Finished vcs_simulate in 0.50 seconds
2025-03-09 14:30:24,150 - verilog_tb_gen - INFO - Finished llm_testcases in 5.32 seconds
2025-03-09 14:30:24,355 - verilog_tb_gen - INFO - Finished llm_testbench in 12.81 seconds
2025-03-09 14:30:26,667 - verilog_tb_gen - INFO - Finished llm_testbench in 10.16 seconds
2025-03-09 14:30:27,330 - verilog_tb_gen - INFO - Finished vcs_compile in 2.97 seconds
2025-03-09 14:30:29,715 - verilog_tb_gen - INFO - Line coverage at iteration 0 is 100.0%
2025-03-09 14:30:29,716 - verilog_tb_gen - INFO - Finished vcs_coverage in 2.38 seconds
2025-03-09 14:30:30,151 - verilog_tb_gen - INFO - Finished vcs_compile in 3.48 seconds
2025-03-09 14:30:30,231 - verilog_tb_gen - INFO - Finished vcs_simulate in 0.51 seconds
2025-03-09 14:30:32,750 - verilog_tb_gen - INFO - Line coverage at iteration 0 is 97.14%
2025-03-09 14:30:32,750 - verilog_tb_gen - INFO - Finished vcs_coverage in 2.60 seconds
2025-03-09 14:30:32,779 - verilog_tb_gen - INFO - Finished llm_testbench_align in 16.49 seconds
2025-03-09 14:30:33,643 - verilog_tb_gen - INFO - Finished vcs_simulate in 0.89 seconds
2025-03-09 14:30:35,288 - verilog_tb_gen - INFO - Finished vcs_simulate_align in 2.51 seconds
2025-03-09 14:30:35,290 - verilog_tb_gen - INFO - Successfully generated testbench for 7118
2025-03-09 14:30:35,298 - verilog_tb_gen - INFO - ==================== Time Cost: 76.93888473510742 ====================
2025-03-09 14:30:35,298 - verilog_tb_gen - INFO - ==================== Generate data: 7119 ====================
2025-03-09 14:30:35,897 - verilog_tb_gen - INFO - Finished llm_testbench_align in 12.10 seconds
2025-03-09 14:30:37,079 - verilog_tb_gen - INFO - Finished llm_testbench in 12.93 seconds
2025-03-09 14:30:38,552 - verilog_tb_gen - INFO - Finished vcs_simulate_align in 2.65 seconds
2025-03-09 14:30:38,554 - verilog_tb_gen - INFO - Successfully generated testbench for 7178
2025-03-09 14:30:38,566 - verilog_tb_gen - INFO - ==================== Time Cost: 40.521445989608765 ====================
2025-03-09 14:30:38,566 - verilog_tb_gen - INFO - ==================== Generate data: 7179 ====================
2025-03-09 14:30:39,440 - verilog_tb_gen - INFO - Finished llm_testbench_align in 22.69 seconds
2025-03-09 14:30:39,766 - verilog_tb_gen - INFO - Finished vcs_compile in 2.69 seconds
2025-03-09 14:30:40,114 - verilog_tb_gen - INFO - Finished llm_testbench_align in 9.88 seconds
2025-03-09 14:30:40,774 - verilog_tb_gen - INFO - Finished llm_function_points in 5.38 seconds
2025-03-09 14:30:41,990 - verilog_tb_gen - INFO - Line coverage at iteration 0 is 96.3%
2025-03-09 14:30:41,990 - verilog_tb_gen - INFO - Finished vcs_coverage in 2.22 seconds
2025-03-09 14:30:42,320 - verilog_tb_gen - INFO - Finished vcs_simulate_align in 2.88 seconds
2025-03-09 14:30:42,322 - verilog_tb_gen - INFO - Successfully generated testbench for 7159
2025-03-09 14:30:42,334 - verilog_tb_gen - INFO - ==================== Time Cost: 118.48617172241211 ====================
2025-03-09 14:30:42,474 - verilog_tb_gen - INFO - Finished vcs_simulate in 0.48 seconds
2025-03-09 14:30:42,812 - verilog_tb_gen - INFO - Finished vcs_simulate_align in 2.70 seconds
2025-03-09 14:30:42,814 - verilog_tb_gen - INFO - Successfully generated testbench for 7138
2025-03-09 14:30:42,822 - verilog_tb_gen - INFO - ==================== Time Cost: 41.21758317947388 ====================
2025-03-09 14:30:42,822 - verilog_tb_gen - INFO - ==================== Generate data: 7139 ====================
2025-03-09 14:30:43,065 - verilog_tb_gen - INFO - Finished llm_testbench_align in 9.42 seconds
2025-03-09 14:30:44,507 - verilog_tb_gen - INFO - Finished llm_function_points in 5.85 seconds
2025-03-09 14:30:45,166 - verilog_tb_gen - INFO - Finished llm_testcases in 4.39 seconds
2025-03-09 14:30:46,339 - verilog_tb_gen - INFO - Finished vcs_simulate_align in 3.27 seconds
2025-03-09 14:30:46,341 - verilog_tb_gen - INFO - Successfully generated testbench for 7196
2025-03-09 14:30:46,353 - verilog_tb_gen - INFO - ==================== Time Cost: 41.04312610626221 ====================
2025-03-09 14:30:46,353 - verilog_tb_gen - INFO - ==================== Generate data: 7197 ====================
2025-03-09 14:30:47,824 - verilog_tb_gen - INFO - Finished llm_function_points in 4.90 seconds
2025-03-09 14:30:50,324 - verilog_tb_gen - INFO - Finished llm_testcases in 5.82 seconds
2025-03-09 14:30:51,182 - verilog_tb_gen - INFO - Finished llm_function_points in 4.73 seconds
2025-03-09 14:30:54,604 - verilog_tb_gen - INFO - Finished llm_testcases in 6.78 seconds
2025-03-09 14:30:56,789 - verilog_tb_gen - INFO - Finished llm_testcases in 5.61 seconds
2025-03-09 14:30:59,724 - verilog_tb_gen - INFO - Finished llm_testbench_align in 17.25 seconds
2025-03-09 14:31:00,834 - verilog_tb_gen - INFO - Finished llm_testbench in 10.51 seconds
2025-03-09 14:31:02,492 - verilog_tb_gen - INFO - Finished vcs_simulate_align in 2.77 seconds
2025-03-09 14:31:02,494 - verilog_tb_gen - INFO - Successfully generated testbench for 7097
2025-03-09 14:31:02,506 - verilog_tb_gen - INFO - ==================== Time Cost: 48.50000309944153 ====================
2025-03-09 14:31:02,506 - verilog_tb_gen - INFO - ==================== Generate data: 7098 ====================
2025-03-09 14:31:03,374 - verilog_tb_gen - INFO - Finished vcs_compile in 2.54 seconds
2025-03-09 14:31:05,511 - verilog_tb_gen - INFO - Line coverage at iteration 0 is 100.0%
2025-03-09 14:31:05,511 - verilog_tb_gen - INFO - Finished vcs_coverage in 2.13 seconds
2025-03-09 14:31:06,021 - verilog_tb_gen - INFO - Finished vcs_simulate in 0.51 seconds
2025-03-09 14:31:06,624 - verilog_tb_gen - INFO - Finished llm_function_points in 4.02 seconds
2025-03-09 14:31:09,953 - verilog_tb_gen - INFO - Finished llm_testbench in 13.16 seconds
2025-03-09 14:31:11,943 - verilog_tb_gen - INFO - Finished llm_testbench in 26.78 seconds
2025-03-09 14:31:12,485 - verilog_tb_gen - INFO - Finished llm_testcases in 5.86 seconds
2025-03-09 14:31:13,109 - verilog_tb_gen - INFO - Finished vcs_compile in 3.15 seconds
2025-03-09 14:31:14,973 - verilog_tb_gen - INFO - Finished vcs_compile in 3.03 seconds
2025-03-09 14:31:15,443 - verilog_tb_gen - INFO - Line coverage at iteration 0 is 100.0%
2025-03-09 14:31:15,443 - verilog_tb_gen - INFO - Finished vcs_coverage in 2.33 seconds
2025-03-09 14:31:15,954 - verilog_tb_gen - INFO - Finished vcs_simulate in 0.51 seconds
2025-03-09 14:31:17,045 - verilog_tb_gen - INFO - Finished llm_testbench_align in 11.02 seconds
2025-03-09 14:31:17,328 - verilog_tb_gen - INFO - Line coverage at iteration 0 is 100.0%
2025-03-09 14:31:17,328 - verilog_tb_gen - INFO - Finished vcs_coverage in 2.35 seconds
2025-03-09 14:31:17,838 - verilog_tb_gen - INFO - Finished vcs_simulate in 0.51 seconds
2025-03-09 14:31:18,341 - verilog_tb_gen - INFO - ===== Error for 7179 =====
2025-03-09 14:31:18,341 - verilog_tb_gen - INFO - list index out of range
2025-03-09 14:31:18,341 - verilog_tb_gen - INFO - ==================== Time Cost: 39.77526330947876 ====================
2025-03-09 14:31:19,729 - verilog_tb_gen - INFO - Finished llm_testbench in 25.12 seconds
2025-03-09 14:31:22,771 - verilog_tb_gen - INFO - Finished vcs_compile in 3.04 seconds
2025-03-09 14:31:25,174 - verilog_tb_gen - INFO - Line coverage at iteration 0 is 100.0%
2025-03-09 14:31:25,175 - verilog_tb_gen - INFO - Finished vcs_coverage in 2.40 seconds
2025-03-09 14:31:25,685 - verilog_tb_gen - INFO - Finished vcs_simulate in 0.51 seconds
2025-03-09 14:31:27,346 - verilog_tb_gen - INFO - Finished llm_testbench_align in 11.39 seconds
2025-03-09 14:31:27,791 - verilog_tb_gen - INFO - Finished llm_testbench in 15.30 seconds
2025-03-09 14:31:30,493 - verilog_tb_gen - INFO - Finished vcs_simulate_align in 3.15 seconds
2025-03-09 14:31:30,495 - verilog_tb_gen - INFO - Successfully generated testbench for 7197
2025-03-09 14:31:30,509 - verilog_tb_gen - INFO - ==================== Time Cost: 44.156049966812134 ====================
2025-03-09 14:31:30,509 - verilog_tb_gen - INFO - ==================== Generate data: 7198 ====================
2025-03-09 14:31:30,788 - verilog_tb_gen - INFO - Finished vcs_compile in 3.00 seconds
2025-03-09 14:31:33,215 - verilog_tb_gen - INFO - Line coverage at iteration 0 is 95.74%
2025-03-09 14:31:33,215 - verilog_tb_gen - INFO - Finished vcs_coverage in 2.42 seconds
2025-03-09 14:31:33,730 - verilog_tb_gen - INFO - Finished vcs_simulate in 0.51 seconds
2025-03-09 14:31:36,017 - verilog_tb_gen - INFO - Finished llm_function_points in 5.41 seconds
2025-03-09 14:31:41,946 - verilog_tb_gen - INFO - Finished llm_testcases in 5.93 seconds
2025-03-09 14:31:45,522 - verilog_tb_gen - INFO - Finished llm_testbench_align in 11.79 seconds
2025-03-09 14:31:48,782 - verilog_tb_gen - INFO - Finished vcs_simulate_align in 3.26 seconds
2025-03-09 14:31:48,784 - verilog_tb_gen - INFO - Successfully generated testbench for 7098
2025-03-09 14:31:48,796 - verilog_tb_gen - INFO - ==================== Time Cost: 46.289700746536255 ====================
2025-03-09 14:31:48,796 - verilog_tb_gen - INFO - ==================== Generate data: 7099 ====================
2025-03-09 14:31:51,710 - verilog_tb_gen - INFO - Finished llm_testbench_align in 33.87 seconds
2025-03-09 14:31:52,530 - verilog_tb_gen - INFO - Finished llm_testbench in 10.58 seconds
2025-03-09 14:31:54,023 - verilog_tb_gen - INFO - Finished llm_function_points in 5.12 seconds
2025-03-09 14:31:54,618 - verilog_tb_gen - INFO - Finished vcs_simulate_align in 2.91 seconds
2025-03-09 14:31:54,620 - verilog_tb_gen - INFO - Successfully generated testbench for 7119
2025-03-09 14:31:54,632 - verilog_tb_gen - INFO - ==================== Time Cost: 79.33356022834778 ====================
2025-03-09 14:31:55,416 - verilog_tb_gen - INFO - Finished vcs_compile in 2.88 seconds
2025-03-09 14:31:57,426 - verilog_tb_gen - INFO - Finished llm_testbench_align in 31.74 seconds
2025-03-09 14:31:57,828 - verilog_tb_gen - INFO - Line coverage at iteration 0 is 93.75%
2025-03-09 14:31:57,828 - verilog_tb_gen - INFO - Finished vcs_coverage in 2.41 seconds
2025-03-09 14:31:58,328 - verilog_tb_gen - INFO - Finished vcs_simulate in 0.50 seconds
2025-03-09 14:31:59,335 - verilog_tb_gen - INFO - Finished llm_testcases in 5.31 seconds
2025-03-09 14:32:00,535 - verilog_tb_gen - INFO - Finished vcs_simulate_align in 3.11 seconds
2025-03-09 14:32:00,537 - verilog_tb_gen - INFO - Successfully generated testbench for 7139
2025-03-09 14:32:00,550 - verilog_tb_gen - INFO - ==================== Time Cost: 77.72738885879517 ====================
2025-03-09 14:32:08,628 - verilog_tb_gen - INFO - Finished llm_testbench_align in 10.30 seconds
2025-03-09 14:32:11,747 - verilog_tb_gen - INFO - Finished vcs_simulate_align in 3.12 seconds
2025-03-09 14:32:11,749 - verilog_tb_gen - INFO - Successfully generated testbench for 7198
2025-03-09 14:32:11,760 - verilog_tb_gen - INFO - ==================== Time Cost: 41.251320123672485 ====================
2025-03-09 14:32:11,760 - verilog_tb_gen - INFO - ==================== Generate data: 7199 ====================
2025-03-09 14:32:12,176 - verilog_tb_gen - INFO - Finished llm_testbench in 12.84 seconds
2025-03-09 14:32:15,302 - verilog_tb_gen - INFO - Finished vcs_compile in 3.12 seconds
2025-03-09 14:32:16,340 - verilog_tb_gen - INFO - Finished llm_function_points in 4.48 seconds
2025-03-09 14:32:17,714 - verilog_tb_gen - INFO - Line coverage at iteration 0 is 67.86%
2025-03-09 14:32:17,715 - verilog_tb_gen - INFO - Finished vcs_coverage in 2.41 seconds
2025-03-09 14:32:21,614 - verilog_tb_gen - INFO - Finished llm_testcases in 5.27 seconds
2025-03-09 14:32:31,001 - verilog_tb_gen - INFO - Finished llm_coverage in 13.29 seconds
2025-03-09 14:32:33,058 - verilog_tb_gen - INFO - Finished llm_testbench in 11.44 seconds
2025-03-09 14:32:34,713 - verilog_tb_gen - INFO - Line coverage at iteration 1 is 67.86%
2025-03-09 14:32:34,714 - verilog_tb_gen - INFO - Finished vcs_coverage in 3.71 seconds
2025-03-09 14:32:43,066 - verilog_tb_gen - INFO - ===== Error for 7199 =====
2025-03-09 14:32:43,066 - verilog_tb_gen - INFO - Command '['make', 'vcs', 'sim']' timed out after 10 seconds
2025-03-09 14:32:43,066 - verilog_tb_gen - INFO - ==================== Time Cost: 31.305565357208252 ====================
2025-03-09 14:32:50,064 - verilog_tb_gen - INFO - Finished llm_coverage in 15.35 seconds
2025-03-09 14:32:53,857 - verilog_tb_gen - INFO - Line coverage at iteration 2 is 67.86%
2025-03-09 14:32:53,857 - verilog_tb_gen - INFO - Finished vcs_coverage in 3.79 seconds
2025-03-09 14:33:08,225 - verilog_tb_gen - INFO - Finished llm_coverage in 14.37 seconds
2025-03-09 14:33:12,009 - verilog_tb_gen - INFO - Line coverage at iteration 3 is 67.86%
2025-03-09 14:33:12,010 - verilog_tb_gen - INFO - Finished vcs_coverage in 3.78 seconds
2025-03-09 14:33:12,010 - verilog_tb_gen - INFO - Reached maximum iterations (3). Stopping retry loop.
2025-03-09 14:33:12,526 - verilog_tb_gen - INFO - Finished vcs_simulate in 0.51 seconds
2025-03-09 14:33:32,667 - verilog_tb_gen - INFO - Finished llm_testbench_align in 20.14 seconds
2025-03-09 14:33:35,926 - verilog_tb_gen - INFO - Finished vcs_simulate_align in 3.26 seconds
2025-03-09 14:33:35,928 - verilog_tb_gen - INFO - Successfully generated testbench for 7099
2025-03-09 14:33:35,940 - verilog_tb_gen - INFO - ==================== Time Cost: 107.1444480419159 ====================
2025-03-11 14:45:04,387 - verilog_tb_gen - INFO - Save graph to ./outputs/lang/graph.mmd You can paste this code to https://mermaid.live to generate the chart.
2025-03-11 14:45:05,084 - verilog_tb_gen - INFO - ==================== Generate data: 0 ====================
2025-03-11 14:45:07,071 - verilog_tb_gen - INFO - ===== Error for 0 =====
2025-03-11 14:45:07,071 - verilog_tb_gen - INFO - list index out of range
2025-03-11 14:45:07,071 - verilog_tb_gen - INFO - ==================== Time Cost: 1.9869771003723145 ====================
2025-03-11 14:45:22,234 - verilog_tb_gen - INFO - Save graph to ./outputs/lang/graph.mmd You can paste this code to https://mermaid.live to generate the chart.
2025-03-11 14:45:22,850 - verilog_tb_gen - INFO - ==================== Generate data: 1 ====================
2025-03-11 14:45:27,252 - verilog_tb_gen - INFO - ===== Error for 1 =====
2025-03-11 14:45:27,270 - verilog_tb_gen - INFO - list index out of range
2025-03-11 14:45:27,270 - verilog_tb_gen - INFO - ==================== Time Cost: 4.420887470245361 ====================
2025-03-11 14:46:54,337 - verilog_tb_gen - INFO - Save graph to ./outputs/lang/graph.mmd You can paste this code to https://mermaid.live to generate the chart.
2025-03-11 14:46:54,945 - verilog_tb_gen - INFO - ==================== Generate data: 0 ====================
2025-03-11 14:47:00,364 - verilog_tb_gen - INFO - Finished llm_function_points in 5.31 seconds
2025-03-11 14:47:06,079 - verilog_tb_gen - INFO - Finished llm_testcases in 5.71 seconds
2025-03-11 14:47:30,400 - verilog_tb_gen - INFO - Finished llm_testbench in 24.32 seconds
2025-03-11 14:47:36,455 - verilog_tb_gen - INFO - Finished vcs_compile in 6.05 seconds
2025-03-11 14:47:41,497 - verilog_tb_gen - INFO - Line coverage at iteration 0 is 100.0%
2025-03-11 14:47:41,497 - verilog_tb_gen - INFO - Finished vcs_coverage in 5.04 seconds
2025-03-11 14:47:42,031 - verilog_tb_gen - INFO - Finished vcs_simulate in 0.53 seconds
2025-03-11 14:48:07,036 - verilog_tb_gen - INFO - Finished llm_testbench_align in 25.00 seconds
2025-03-11 14:48:12,873 - verilog_tb_gen - INFO - Finished vcs_simulate_align in 5.84 seconds
2025-03-11 14:48:12,875 - verilog_tb_gen - INFO - Successfully generated testbench for 0
2025-03-11 14:48:12,898 - verilog_tb_gen - INFO - ==================== Time Cost: 77.95256900787354 ====================
2025-03-11 14:48:12,898 - verilog_tb_gen - INFO - ==================== Generate data: 1 ====================
2025-03-11 14:48:15,798 - verilog_tb_gen - INFO - ===== Error for 1 =====
2025-03-11 14:48:15,799 - verilog_tb_gen - INFO - list index out of range
2025-03-11 14:48:15,799 - verilog_tb_gen - INFO - ==================== Time Cost: 2.900494337081909 ====================
2025-03-11 14:51:35,157 - verilog_tb_gen - INFO - Save graph to ./outputs/lang/graph.mmd You can paste this code to https://mermaid.live to generate the chart.
2025-03-11 14:51:35,780 - verilog_tb_gen - INFO - ==================== Generate data: 1 ====================
2025-03-11 14:51:42,903 - verilog_tb_gen - INFO - Finished llm_function_points in 6.99 seconds
2025-03-11 14:51:57,448 - verilog_tb_gen - INFO - Finished llm_testcases in 14.54 seconds
2025-03-11 14:52:32,802 - verilog_tb_gen - INFO - Finished llm_testbench in 35.35 seconds
2025-03-11 14:52:38,387 - verilog_tb_gen - INFO - Finished vcs_compile in 5.58 seconds
2025-03-11 14:52:43,624 - verilog_tb_gen - INFO - Line coverage at iteration 0 is 88.0%
2025-03-11 14:52:43,624 - verilog_tb_gen - INFO - Finished vcs_coverage in 5.24 seconds
2025-03-11 14:53:05,465 - verilog_tb_gen - INFO - Finished llm_coverage in 21.84 seconds
2025-03-11 14:53:13,320 - verilog_tb_gen - INFO - Line coverage at iteration 1 is 90.0%
2025-03-11 14:53:13,320 - verilog_tb_gen - INFO - Finished vcs_coverage in 7.85 seconds
2025-03-11 14:53:13,859 - verilog_tb_gen - INFO - Finished vcs_simulate in 0.54 seconds
2025-03-11 14:53:35,043 - verilog_tb_gen - INFO - Finished llm_testbench_align in 21.18 seconds
2025-03-11 14:53:41,193 - verilog_tb_gen - INFO - Finished vcs_simulate_align in 6.15 seconds
2025-03-11 14:53:41,195 - verilog_tb_gen - INFO - Successfully generated testbench for 1
2025-03-11 14:53:41,228 - verilog_tb_gen - INFO - ==================== Time Cost: 125.44771409034729 ====================
2025-03-11 14:53:41,228 - verilog_tb_gen - INFO - ==================== Generate data: 2 ====================
2025-03-11 14:53:42,924 - verilog_tb_gen - INFO - ===== Error for 2 =====
2025-03-11 14:53:42,924 - verilog_tb_gen - INFO - list index out of range
2025-03-11 14:53:42,924 - verilog_tb_gen - INFO - ==================== Time Cost: 1.696300983428955 ====================
2025-03-11 14:56:36,407 - verilog_tb_gen - INFO - Save graph to ./outputs/lang/graph.mmd You can paste this code to https://mermaid.live to generate the chart.
2025-03-11 14:56:37,079 - verilog_tb_gen - INFO - ==================== Generate data: 1 ====================
2025-03-11 14:56:39,184 - verilog_tb_gen - INFO - ===== Error for 1 =====
2025-03-11 14:56:39,194 - verilog_tb_gen - INFO - list index out of range
2025-03-11 14:56:39,194 - verilog_tb_gen - INFO - ==================== Time Cost: 2.1157305240631104 ====================
2025-03-11 14:56:39,194 - verilog_tb_gen - INFO - ==================== Generate data: 2 ====================
2025-03-11 14:56:49,413 - verilog_tb_gen - INFO - Finished llm_function_points in 10.09 seconds
2025-03-11 14:56:56,871 - verilog_tb_gen - INFO - Finished llm_testcases in 7.46 seconds
2025-03-11 14:57:14,133 - verilog_tb_gen - INFO - Finished llm_testbench in 17.26 seconds
2025-03-11 14:57:20,777 - verilog_tb_gen - INFO - Finished vcs_compile in 6.64 seconds
2025-03-11 14:57:26,105 - verilog_tb_gen - INFO - Line coverage at iteration 0 is 100.0%
2025-03-11 14:57:26,105 - verilog_tb_gen - INFO - Finished vcs_coverage in 5.33 seconds
2025-03-11 14:57:26,645 - verilog_tb_gen - INFO - Finished vcs_simulate in 0.54 seconds
2025-03-11 14:57:49,595 - verilog_tb_gen - INFO - Finished llm_testbench_align in 22.95 seconds
2025-03-11 14:57:56,135 - verilog_tb_gen - INFO - Finished vcs_simulate_align in 6.54 seconds
2025-03-11 14:57:56,137 - verilog_tb_gen - INFO - Successfully generated testbench for 2
2025-03-11 14:57:56,180 - verilog_tb_gen - INFO - ==================== Time Cost: 76.98543858528137 ====================
2025-03-11 15:04:49,659 - verilog_tb_gen - INFO - Save graph to ./outputs/lang/graph.mmd You can paste this code to https://mermaid.live to generate the chart.
2025-03-11 15:04:50,307 - verilog_tb_gen - INFO - ==================== Generate data: 1 ====================
2025-03-11 15:05:08,269 - verilog_tb_gen - INFO - Finished llm_function_points in 17.81 seconds
2025-03-11 15:05:13,928 - verilog_tb_gen - INFO - Finished llm_testcases in 5.66 seconds
2025-03-11 15:06:33,112 - verilog_tb_gen - INFO - Save graph to ./outputs/lang/graph.mmd You can paste this code to https://mermaid.live to generate the chart.
2025-03-11 15:06:33,757 - verilog_tb_gen - INFO - ==================== Generate data: 1 ====================
2025-03-11 15:06:42,258 - verilog_tb_gen - INFO - Finished llm_function_points in 8.38 seconds
2025-03-11 15:06:50,909 - verilog_tb_gen - INFO - Finished llm_testcases in 8.65 seconds
2025-03-11 15:07:22,813 - verilog_tb_gen - INFO - Finished llm_testbench in 31.90 seconds
2025-03-11 15:07:26,506 - verilog_tb_gen - INFO - Finished vcs_compile in 3.69 seconds
2025-03-11 15:07:43,045 - verilog_tb_gen - INFO - Finished llm_testbench in 16.53 seconds
2025-03-11 15:07:48,763 - verilog_tb_gen - INFO - Finished vcs_compile in 5.72 seconds
2025-03-11 15:07:54,637 - verilog_tb_gen - INFO - Line coverage at iteration 0 is 92.0%
2025-03-11 15:07:54,637 - verilog_tb_gen - INFO - Finished vcs_coverage in 5.87 seconds
2025-03-11 15:07:55,191 - verilog_tb_gen - INFO - Finished vcs_simulate in 0.55 seconds
2025-03-11 15:08:13,594 - verilog_tb_gen - INFO - Finished llm_testbench_align in 18.40 seconds
2025-03-11 15:08:20,244 - verilog_tb_gen - INFO - Finished vcs_simulate_align in 6.65 seconds
2025-03-11 15:08:38,051 - verilog_tb_gen - INFO - Finished llm_testbench_align in 17.81 seconds
2025-03-11 15:08:44,108 - verilog_tb_gen - INFO - Finished vcs_simulate_align in 6.06 seconds
2025-03-11 15:09:14,832 - verilog_tb_gen - INFO - Finished llm_testbench_align in 30.72 seconds
2025-03-11 15:09:20,960 - verilog_tb_gen - INFO - Finished vcs_simulate_align in 6.13 seconds
2025-03-11 15:09:20,962 - verilog_tb_gen - INFO - Successfully generated testbench for 1
2025-03-11 15:09:20,987 - verilog_tb_gen - INFO - ==================== Time Cost: 167.22993183135986 ====================
2025-03-11 15:09:20,987 - verilog_tb_gen - INFO - ==================== Generate data: 2 ====================
2025-03-11 15:09:28,545 - verilog_tb_gen - INFO - Finished llm_function_points in 7.42 seconds
2025-03-11 15:09:41,167 - verilog_tb_gen - INFO - Finished llm_testcases in 12.62 seconds
2025-03-11 15:09:58,392 - verilog_tb_gen - INFO - Finished llm_testbench in 17.22 seconds
2025-03-11 15:10:07,245 - verilog_tb_gen - INFO - Finished vcs_compile in 8.85 seconds
2025-03-11 15:10:12,568 - verilog_tb_gen - INFO - Line coverage at iteration 0 is 100.0%
2025-03-11 15:10:12,571 - verilog_tb_gen - INFO - Finished vcs_coverage in 5.32 seconds
2025-03-11 15:10:13,137 - verilog_tb_gen - INFO - Finished vcs_simulate in 0.56 seconds
2025-03-11 15:10:35,041 - verilog_tb_gen - INFO - Finished llm_testbench_align in 21.90 seconds
2025-03-11 15:17:15,916 - verilog_tb_gen - INFO - Save graph to ./outputs/lang/graph.mmd You can paste this code to https://mermaid.live to generate the chart.
2025-03-11 15:17:16,540 - verilog_tb_gen - INFO - ==================== Generate data: 1 ====================
2025-03-11 15:17:42,096 - verilog_tb_gen - INFO - Finished llm_function_points in 25.44 seconds
2025-03-11 15:17:47,635 - verilog_tb_gen - INFO - Finished llm_testcases in 5.54 seconds
2025-03-11 15:18:11,290 - verilog_tb_gen - INFO - Finished llm_testbench in 23.65 seconds
2025-03-11 15:18:17,283 - verilog_tb_gen - INFO - Finished vcs_compile in 5.99 seconds
2025-03-11 15:18:22,185 - verilog_tb_gen - INFO - Line coverage at iteration 0 is 94.0%
2025-03-11 15:18:22,185 - verilog_tb_gen - INFO - Finished vcs_coverage in 4.90 seconds
2025-03-11 15:18:22,735 - verilog_tb_gen - INFO - Finished vcs_simulate in 0.55 seconds
2025-03-11 15:18:54,340 - verilog_tb_gen - INFO - Finished llm_testbench_align in 31.60 seconds
2025-03-11 15:19:00,487 - verilog_tb_gen - INFO - Finished vcs_simulate_align in 6.15 seconds
2025-03-11 15:25:34,900 - verilog_tb_gen - INFO - Save graph to ./outputs/lang/graph.mmd You can paste this code to https://mermaid.live to generate the chart.
2025-03-11 15:25:35,565 - verilog_tb_gen - INFO - ==================== Generate data: 5 ====================
2025-03-11 15:25:42,710 - verilog_tb_gen - INFO - Finished llm_function_points in 7.03 seconds
2025-03-11 15:25:49,426 - verilog_tb_gen - INFO - Finished llm_testcases in 6.71 seconds
2025-03-11 15:26:14,599 - verilog_tb_gen - INFO - Finished llm_testbench in 25.17 seconds
2025-03-11 15:26:18,306 - verilog_tb_gen - INFO - Finished vcs_compile in 3.71 seconds
2025-03-11 15:26:32,099 - verilog_tb_gen - INFO - Finished llm_testbench in 13.79 seconds
2025-03-11 15:26:35,615 - verilog_tb_gen - INFO - Finished vcs_compile in 3.51 seconds
2025-03-11 15:26:47,128 - verilog_tb_gen - INFO - Finished llm_testbench in 11.51 seconds
2025-03-11 15:26:52,680 - verilog_tb_gen - INFO - Finished vcs_compile in 5.55 seconds
2025-03-11 15:26:58,407 - verilog_tb_gen - INFO - Line coverage at iteration 0 is 100.0%
2025-03-11 15:26:58,407 - verilog_tb_gen - INFO - Finished vcs_coverage in 5.73 seconds
2025-03-11 15:26:58,951 - verilog_tb_gen - INFO - Finished vcs_simulate in 0.54 seconds
2025-03-11 15:27:23,354 - verilog_tb_gen - INFO - Finished llm_testbench_align in 24.40 seconds
2025-03-11 15:27:29,773 - verilog_tb_gen - INFO - Finished vcs_simulate_align in 6.42 seconds
2025-03-11 15:27:29,775 - verilog_tb_gen - INFO - Successfully generated testbench for 5
2025-03-11 15:27:29,787 - verilog_tb_gen - INFO - ==================== Time Cost: 114.22213411331177 ====================
2025-03-11 15:42:05,593 - verilog_tb_gen - INFO - Save graph to ./outputs/lang/graph.mmd You can paste this code to https://mermaid.live to generate the chart.
2025-03-11 15:42:06,229 - verilog_tb_gen - INFO - ==================== Generate data: 7987 ====================
2025-03-11 15:42:39,906 - verilog_tb_gen - INFO - Finished llm_function_points in 33.55 seconds
2025-03-11 15:42:48,906 - verilog_tb_gen - INFO - Finished llm_testcases in 9.00 seconds
2025-03-11 15:43:02,461 - verilog_tb_gen - INFO - Finished llm_testbench in 13.55 seconds
2025-03-11 15:43:08,978 - verilog_tb_gen - INFO - Finished vcs_compile in 6.52 seconds
2025-03-11 15:43:16,262 - verilog_tb_gen - INFO - Line coverage at iteration 0 is 92.31%
2025-03-11 15:43:16,262 - verilog_tb_gen - INFO - Finished vcs_coverage in 7.28 seconds
2025-03-11 15:43:16,855 - verilog_tb_gen - INFO - Finished vcs_simulate in 0.59 seconds
2025-03-11 15:44:21,412 - verilog_tb_gen - INFO - Finished llm_testbench_align in 64.56 seconds
2025-03-11 15:44:26,670 - verilog_tb_gen - INFO - Finished vcs_simulate_align in 5.26 seconds
2025-03-11 15:44:26,674 - verilog_tb_gen - INFO - Successfully generated testbench for 7987
2025-03-11 15:44:26,705 - verilog_tb_gen - INFO - ==================== Time Cost: 140.47610712051392 ====================
2025-03-11 15:47:36,008 - verilog_tb_gen - INFO - Save graph to ./outputs/lang/graph.mmd You can paste this code to https://mermaid.live to generate the chart.
2025-03-11 15:47:36,583 - verilog_tb_gen - INFO - ==================== Generate data: 7924 ====================
2025-03-11 15:47:44,991 - verilog_tb_gen - INFO - Finished llm_function_points in 8.29 seconds
2025-03-11 15:47:54,867 - verilog_tb_gen - INFO - Finished llm_testcases in 9.87 seconds
2025-03-11 15:48:08,431 - verilog_tb_gen - INFO - Finished llm_testbench in 13.56 seconds
2025-03-11 15:48:14,601 - verilog_tb_gen - INFO - Finished vcs_compile in 6.17 seconds
2025-03-11 15:48:20,290 - verilog_tb_gen - INFO - Line coverage at iteration 0 is 70.37%
2025-03-11 15:48:20,290 - verilog_tb_gen - INFO - Finished vcs_coverage in 5.69 seconds
2025-03-11 15:48:51,177 - verilog_tb_gen - INFO - Finished llm_coverage in 30.88 seconds
2025-03-11 15:48:59,462 - verilog_tb_gen - INFO - Line coverage at iteration 1 is 74.07%
2025-03-11 15:48:59,462 - verilog_tb_gen - INFO - Finished vcs_coverage in 8.28 seconds
2025-03-11 15:49:18,389 - verilog_tb_gen - INFO - Finished llm_coverage in 18.93 seconds
2025-03-11 15:49:25,970 - verilog_tb_gen - INFO - Line coverage at iteration 2 is 74.07%
2025-03-11 15:49:25,972 - verilog_tb_gen - INFO - Finished vcs_coverage in 7.58 seconds
2025-03-11 15:49:39,543 - verilog_tb_gen - INFO - Finished llm_coverage in 13.57 seconds
2025-03-11 15:49:47,712 - verilog_tb_gen - INFO - Line coverage at iteration 3 is 74.07%
2025-03-11 15:49:47,713 - verilog_tb_gen - INFO - Finished vcs_coverage in 8.17 seconds
2025-03-11 15:49:47,713 - verilog_tb_gen - INFO - Reached maximum iterations (3). Stopping retry loop.
2025-03-11 15:49:48,277 - verilog_tb_gen - INFO - Finished vcs_simulate in 0.56 seconds
2025-03-11 15:50:09,267 - verilog_tb_gen - INFO - Finished llm_testbench_align in 20.99 seconds
2025-03-11 15:50:19,285 - verilog_tb_gen - INFO - ===== Error for 7924 =====
2025-03-11 15:50:19,285 - verilog_tb_gen - INFO - Command '['make', 'vcs', 'sim']' timed out after 10 seconds
2025-03-11 15:50:19,285 - verilog_tb_gen - INFO - ==================== Time Cost: 162.70173597335815 ====================
2025-03-11 15:50:27,046 - verilog_tb_gen - INFO - Save graph to ./outputs/lang/graph.mmd You can paste this code to https://mermaid.live to generate the chart.
2025-03-11 15:50:38,168 - verilog_tb_gen - INFO - Save graph to ./outputs/lang/graph.mmd You can paste this code to https://mermaid.live to generate the chart.
2025-03-11 15:50:39,113 - verilog_tb_gen - INFO - ==================== Generate data: 7919 ====================
2025-03-11 15:50:47,269 - verilog_tb_gen - INFO - Finished llm_function_points in 8.03 seconds
2025-03-11 15:50:57,288 - verilog_tb_gen - INFO - Finished llm_testcases in 10.00 seconds
2025-03-11 15:51:14,481 - verilog_tb_gen - INFO - Finished llm_testbench in 17.19 seconds
2025-03-11 15:51:20,068 - verilog_tb_gen - INFO - Finished vcs_compile in 5.59 seconds
2025-03-11 15:51:25,599 - verilog_tb_gen - INFO - Line coverage at iteration 0 is 70.83%
2025-03-11 15:51:25,599 - verilog_tb_gen - INFO - Finished vcs_coverage in 5.53 seconds
2025-03-11 15:51:47,678 - verilog_tb_gen - INFO - Finished llm_coverage in 22.08 seconds
2025-03-11 15:51:55,708 - verilog_tb_gen - INFO - Line coverage at iteration 1 is 79.17%
2025-03-11 15:51:55,710 - verilog_tb_gen - INFO - Finished vcs_coverage in 8.03 seconds
2025-03-11 15:52:32,430 - verilog_tb_gen - INFO - Save graph to ./outputs/lang/graph.mmd You can paste this code to https://mermaid.live to generate the chart.
2025-03-11 15:52:33,057 - verilog_tb_gen - INFO - ==================== Generate data: 7904 ====================
2025-03-11 15:52:48,512 - verilog_tb_gen - INFO - Finished llm_function_points in 15.33 seconds
2025-03-11 15:52:55,913 - verilog_tb_gen - INFO - Finished llm_testcases in 7.40 seconds
2025-03-11 15:53:23,281 - verilog_tb_gen - INFO - Finished llm_testbench in 27.37 seconds
2025-03-11 15:53:29,243 - verilog_tb_gen - INFO - Finished vcs_compile in 5.96 seconds
2025-03-11 15:53:34,324 - verilog_tb_gen - INFO - Line coverage at iteration 0 is 91.38%
2025-03-11 15:53:34,324 - verilog_tb_gen - INFO - Finished vcs_coverage in 5.08 seconds
2025-03-11 15:53:34,895 - verilog_tb_gen - INFO - Finished vcs_simulate in 0.57 seconds
2025-03-11 15:54:01,787 - verilog_tb_gen - INFO - Finished llm_testbench_align in 26.89 seconds
2025-03-11 15:54:06,553 - verilog_tb_gen - INFO - Finished vcs_simulate_align in 4.77 seconds
2025-03-11 15:54:06,555 - verilog_tb_gen - INFO - Successfully generated testbench for 7904
2025-03-11 15:54:06,581 - verilog_tb_gen - INFO - ==================== Time Cost: 93.52460956573486 ====================
2025-03-11 15:55:08,778 - verilog_tb_gen - INFO - Save graph to ./outputs/lang/graph.mmd You can paste this code to https://mermaid.live to generate the chart.
2025-03-11 15:55:09,400 - verilog_tb_gen - INFO - ==================== Generate data: 7875 ====================
2025-03-11 15:55:16,466 - verilog_tb_gen - INFO - Finished llm_function_points in 6.93 seconds
2025-03-11 15:55:24,750 - verilog_tb_gen - INFO - Finished llm_testcases in 8.28 seconds
2025-03-11 15:55:42,414 - verilog_tb_gen - INFO - Finished llm_testbench in 17.66 seconds
2025-03-11 15:55:47,973 - verilog_tb_gen - INFO - Finished vcs_compile in 5.56 seconds
2025-03-11 15:55:52,120 - verilog_tb_gen - INFO - Line coverage at iteration 0 is 91.89%
2025-03-11 15:55:52,120 - verilog_tb_gen - INFO - Finished vcs_coverage in 4.15 seconds
2025-03-11 15:55:52,634 - verilog_tb_gen - INFO - Finished vcs_simulate in 0.51 seconds
2025-03-11 15:56:13,629 - verilog_tb_gen - INFO - Finished llm_testbench_align in 20.99 seconds
2025-03-11 15:56:19,768 - verilog_tb_gen - INFO - Finished vcs_simulate_align in 6.14 seconds
2025-03-11 15:56:19,771 - verilog_tb_gen - INFO - Successfully generated testbench for 7875
2025-03-11 15:56:19,795 - verilog_tb_gen - INFO - ==================== Time Cost: 70.39461040496826 ====================
2025-03-11 15:56:36,182 - verilog_tb_gen - INFO - Save graph to ./outputs/lang/graph.mmd You can paste this code to https://mermaid.live to generate the chart.
2025-03-11 15:56:36,816 - verilog_tb_gen - INFO - ==================== Generate data: 7819 ====================
2025-03-11 15:56:41,233 - verilog_tb_gen - INFO - Finished llm_function_points in 4.30 seconds
2025-03-11 15:57:00,174 - verilog_tb_gen - INFO - Finished llm_testcases in 18.94 seconds
2025-03-11 15:57:21,105 - verilog_tb_gen - INFO - Finished llm_testbench in 20.93 seconds
2025-03-11 15:57:27,092 - verilog_tb_gen - INFO - Finished vcs_compile in 5.99 seconds
2025-03-11 15:57:32,520 - verilog_tb_gen - INFO - Line coverage at iteration 0 is 91.67%
2025-03-11 15:57:32,521 - verilog_tb_gen - INFO - Finished vcs_coverage in 5.42 seconds
2025-03-11 15:57:33,059 - verilog_tb_gen - INFO - Finished vcs_simulate in 0.54 seconds
2025-03-11 15:57:50,721 - verilog_tb_gen - INFO - Finished llm_testbench_align in 17.66 seconds
2025-03-11 15:57:57,218 - verilog_tb_gen - INFO - Finished vcs_simulate_align in 6.50 seconds
2025-03-11 15:58:26,127 - verilog_tb_gen - INFO - Save graph to ./outputs/lang/graph.mmd You can paste this code to https://mermaid.live to generate the chart.
2025-03-11 15:58:26,700 - verilog_tb_gen - INFO - ==================== Generate data: 7794 ====================
2025-03-11 15:58:39,900 - verilog_tb_gen - INFO - Finished llm_function_points in 13.10 seconds
2025-03-11 15:58:52,653 - verilog_tb_gen - INFO - Finished llm_testcases in 12.75 seconds
2025-03-11 15:59:44,302 - verilog_tb_gen - INFO - Finished llm_testbench in 51.65 seconds
2025-03-11 15:59:49,858 - verilog_tb_gen - INFO - Finished vcs_compile in 5.55 seconds
2025-03-11 15:59:53,720 - verilog_tb_gen - INFO - Line coverage at iteration 0 is 85.71%
2025-03-11 15:59:53,722 - verilog_tb_gen - INFO - Finished vcs_coverage in 3.86 seconds
2025-03-11 16:00:29,251 - verilog_tb_gen - INFO - Finished llm_coverage in 35.53 seconds
2025-03-11 16:00:35,819 - verilog_tb_gen - INFO - Line coverage at iteration 1 is 85.71%
2025-03-11 16:00:35,819 - verilog_tb_gen - INFO - Finished vcs_coverage in 6.57 seconds
2025-03-11 16:00:58,918 - verilog_tb_gen - INFO - Finished llm_coverage in 23.10 seconds
2025-03-11 16:01:06,976 - verilog_tb_gen - INFO - Line coverage at iteration 2 is 85.71%
2025-03-11 16:01:06,976 - verilog_tb_gen - INFO - Finished vcs_coverage in 8.06 seconds
2025-03-11 16:01:28,173 - verilog_tb_gen - INFO - Finished llm_coverage in 21.20 seconds
2025-03-11 16:01:35,555 - verilog_tb_gen - INFO - Line coverage at iteration 3 is 85.71%
2025-03-11 16:01:35,555 - verilog_tb_gen - INFO - Finished vcs_coverage in 7.38 seconds
2025-03-11 16:01:35,556 - verilog_tb_gen - INFO - Reached maximum iterations (3). Stopping retry loop.
2025-03-11 16:01:36,110 - verilog_tb_gen - INFO - Finished vcs_simulate in 0.55 seconds
2025-03-11 16:01:52,941 - verilog_tb_gen - INFO - Finished llm_testbench_align in 16.83 seconds
2025-03-11 16:01:59,389 - verilog_tb_gen - INFO - Finished vcs_simulate_align in 6.45 seconds
2025-03-11 16:01:59,391 - verilog_tb_gen - INFO - Successfully generated testbench for 7794
2025-03-11 16:01:59,412 - verilog_tb_gen - INFO - ==================== Time Cost: 212.712886095047 ====================
2025-03-11 16:02:49,488 - verilog_tb_gen - INFO - Save graph to ./outputs/lang/graph.mmd You can paste this code to https://mermaid.live to generate the chart.
2025-03-11 16:02:50,113 - verilog_tb_gen - INFO - ==================== Generate data: 7780 ====================
2025-03-11 16:03:04,870 - verilog_tb_gen - INFO - Finished llm_function_points in 14.64 seconds
2025-03-11 16:03:14,323 - verilog_tb_gen - INFO - Finished llm_testcases in 9.45 seconds
2025-03-11 16:03:37,586 - verilog_tb_gen - INFO - Finished llm_testbench in 23.26 seconds
2025-03-11 16:03:44,088 - verilog_tb_gen - INFO - Finished vcs_compile in 6.50 seconds
2025-03-11 16:03:49,615 - verilog_tb_gen - INFO - Line coverage at iteration 0 is 76.67%
2025-03-11 16:03:49,617 - verilog_tb_gen - INFO - Finished vcs_coverage in 5.53 seconds
2025-03-11 16:04:13,101 - verilog_tb_gen - INFO - Finished llm_coverage in 23.48 seconds
2025-03-11 16:04:21,026 - verilog_tb_gen - INFO - Line coverage at iteration 1 is 76.67%
2025-03-11 16:04:21,026 - verilog_tb_gen - INFO - Finished vcs_coverage in 7.92 seconds
2025-03-11 16:04:47,507 - verilog_tb_gen - INFO - Finished llm_coverage in 26.48 seconds
2025-03-11 16:04:55,520 - verilog_tb_gen - INFO - Line coverage at iteration 2 is 76.67%
2025-03-11 16:04:55,520 - verilog_tb_gen - INFO - Finished vcs_coverage in 8.01 seconds
2025-03-11 16:05:09,976 - verilog_tb_gen - INFO - Save graph to ./outputs/lang/graph.mmd You can paste this code to https://mermaid.live to generate the chart.
2025-03-11 16:05:10,696 - verilog_tb_gen - INFO - ==================== Generate data: 7768 ====================
2025-03-11 16:05:27,861 - verilog_tb_gen - INFO - Finished llm_function_points in 17.02 seconds
2025-03-11 16:05:33,899 - verilog_tb_gen - INFO - Finished llm_testcases in 6.04 seconds
2025-03-11 16:05:46,610 - verilog_tb_gen - INFO - Finished llm_testbench in 12.71 seconds
2025-03-11 16:05:53,160 - verilog_tb_gen - INFO - Finished vcs_compile in 6.55 seconds
2025-03-11 16:05:59,289 - verilog_tb_gen - INFO - Line coverage at iteration 0 is 61.67%
2025-03-11 16:05:59,289 - verilog_tb_gen - INFO - Finished vcs_coverage in 6.13 seconds
2025-03-11 16:06:11,418 - verilog_tb_gen - INFO - Finished llm_coverage in 12.13 seconds
2025-03-11 16:06:18,884 - verilog_tb_gen - INFO - Line coverage at iteration 1 is 61.67%
2025-03-11 16:06:18,884 - verilog_tb_gen - INFO - Finished vcs_coverage in 7.46 seconds
2025-03-11 16:06:29,724 - verilog_tb_gen - INFO - Finished llm_coverage in 10.84 seconds
2025-03-11 16:06:38,018 - verilog_tb_gen - INFO - Line coverage at iteration 2 is 61.67%
2025-03-11 16:06:38,018 - verilog_tb_gen - INFO - Finished vcs_coverage in 8.29 seconds
2025-03-11 16:06:52,949 - verilog_tb_gen - INFO - Finished llm_coverage in 14.93 seconds
2025-03-11 16:07:01,056 - verilog_tb_gen - INFO - Line coverage at iteration 3 is 61.67%
2025-03-11 16:07:01,057 - verilog_tb_gen - INFO - Finished vcs_coverage in 8.11 seconds
2025-03-11 16:07:01,057 - verilog_tb_gen - INFO - Reached maximum iterations (3). Stopping retry loop.
2025-03-11 16:07:02,747 - verilog_tb_gen - INFO - Finished vcs_simulate in 1.69 seconds
2025-03-11 16:11:12,053 - verilog_tb_gen - INFO - Save graph to ./outputs/lang/graph.mmd You can paste this code to https://mermaid.live to generate the chart.
2025-03-11 16:11:12,691 - verilog_tb_gen - INFO - ==================== Generate data: 7768 ====================
2025-03-11 16:11:19,482 - verilog_tb_gen - INFO - Finished llm_function_points in 6.66 seconds
2025-03-11 16:11:27,238 - verilog_tb_gen - INFO - Finished llm_testcases in 7.75 seconds
2025-03-11 16:11:42,591 - verilog_tb_gen - INFO - Finished llm_testbench in 15.35 seconds
2025-03-11 16:11:50,623 - verilog_tb_gen - INFO - Finished vcs_compile in 8.03 seconds
2025-03-11 16:11:58,353 - verilog_tb_gen - INFO - Line coverage at iteration 0 is 63.33%
2025-03-11 16:11:58,353 - verilog_tb_gen - INFO - Finished vcs_coverage in 7.73 seconds
2025-03-11 16:12:23,074 - verilog_tb_gen - INFO - Finished llm_coverage in 24.72 seconds
2025-03-11 16:12:33,562 - verilog_tb_gen - INFO - Line coverage at iteration 1 is 63.33%
2025-03-11 16:12:33,562 - verilog_tb_gen - INFO - Finished vcs_coverage in 10.49 seconds
2025-03-11 16:14:31,185 - verilog_tb_gen - INFO - Finished llm_coverage in 117.62 seconds
2025-03-11 16:14:41,839 - verilog_tb_gen - INFO - Line coverage at iteration 2 is 63.33%
2025-03-11 16:14:41,839 - verilog_tb_gen - INFO - Finished vcs_coverage in 10.65 seconds
2025-03-11 16:16:28,065 - verilog_tb_gen - INFO - Save graph to ./outputs/lang/graph.mmd You can paste this code to https://mermaid.live to generate the chart.
2025-03-11 16:16:28,697 - verilog_tb_gen - INFO - ==================== Generate data: 7768 ====================
2025-03-11 16:18:43,705 - verilog_tb_gen - INFO - Finished llm_function_points in 134.90 seconds
2025-03-11 16:18:52,041 - verilog_tb_gen - INFO - Finished llm_testcases in 8.33 seconds
2025-03-11 16:19:06,177 - verilog_tb_gen - INFO - Finished llm_testbench in 14.14 seconds
2025-03-11 16:19:12,277 - verilog_tb_gen - INFO - Finished vcs_compile in 6.10 seconds
2025-03-11 16:19:17,836 - verilog_tb_gen - INFO - Line coverage at iteration 0 is 61.67%
2025-03-11 16:19:17,837 - verilog_tb_gen - INFO - Finished vcs_coverage in 5.56 seconds
2025-03-11 16:19:43,833 - verilog_tb_gen - INFO - Finished llm_coverage in 25.99 seconds
2025-03-11 16:19:54,287 - verilog_tb_gen - INFO - Line coverage at iteration 1 is 61.67%
2025-03-11 16:19:54,287 - verilog_tb_gen - INFO - Finished vcs_coverage in 10.45 seconds
2025-03-11 16:20:26,870 - verilog_tb_gen - INFO - Finished llm_coverage in 32.58 seconds
2025-03-11 16:20:37,084 - verilog_tb_gen - INFO - Line coverage at iteration 2 is 61.67%
2025-03-11 16:20:37,084 - verilog_tb_gen - INFO - Finished vcs_coverage in 10.21 seconds
2025-03-11 16:20:51,511 - verilog_tb_gen - INFO - Finished llm_coverage in 14.43 seconds
2025-03-11 16:21:02,028 - verilog_tb_gen - INFO - Line coverage at iteration 3 is 61.67%
2025-03-11 16:21:02,028 - verilog_tb_gen - INFO - Finished vcs_coverage in 10.52 seconds
2025-03-11 16:21:02,028 - verilog_tb_gen - INFO - Reached maximum iterations (3). Stopping retry loop.
2025-03-11 16:21:04,996 - verilog_tb_gen - INFO - Finished vcs_simulate in 2.97 seconds
2025-03-11 16:21:40,552 - verilog_tb_gen - INFO - Save graph to ./outputs/lang/graph.mmd You can paste this code to https://mermaid.live to generate the chart.
2025-03-11 16:21:41,184 - verilog_tb_gen - INFO - ==================== Generate data: 7768 ====================
2025-03-11 16:21:47,469 - verilog_tb_gen - INFO - Finished llm_function_points in 6.16 seconds
2025-03-11 16:21:54,822 - verilog_tb_gen - INFO - Finished llm_testcases in 7.35 seconds
2025-03-11 16:22:39,180 - verilog_tb_gen - INFO - Finished llm_testbench in 44.36 seconds
2025-03-11 16:22:45,525 - verilog_tb_gen - INFO - Finished vcs_compile in 6.34 seconds
2025-03-11 16:22:52,477 - verilog_tb_gen - INFO - Line coverage at iteration 0 is 71.67%
2025-03-11 16:22:52,477 - verilog_tb_gen - INFO - Finished vcs_coverage in 6.95 seconds
2025-03-11 16:23:28,101 - verilog_tb_gen - INFO - Finished llm_coverage in 35.62 seconds
2025-03-11 16:23:36,304 - verilog_tb_gen - INFO - Line coverage at iteration 1 is 83.33%
2025-03-11 16:23:36,304 - verilog_tb_gen - INFO - Finished vcs_coverage in 8.20 seconds
2025-03-11 16:24:08,794 - verilog_tb_gen - INFO - Finished llm_coverage in 32.49 seconds
2025-03-11 16:24:18,318 - verilog_tb_gen - INFO - Line coverage at iteration 2 is 90.0%
2025-03-11 16:24:18,319 - verilog_tb_gen - INFO - Finished vcs_coverage in 9.52 seconds
2025-03-11 16:24:20,560 - verilog_tb_gen - INFO - Finished vcs_simulate in 2.24 seconds
2025-03-11 16:29:36,669 - verilog_tb_gen - INFO - Finished llm_testbench_align in 316.11 seconds
2025-03-11 16:29:44,407 - verilog_tb_gen - INFO - Finished vcs_simulate_align in 7.74 seconds
2025-03-11 16:30:01,549 - verilog_tb_gen - INFO - Finished llm_testbench_align in 17.14 seconds
2025-03-11 16:30:07,938 - verilog_tb_gen - INFO - Finished vcs_simulate_align in 6.39 seconds
2025-03-11 16:30:30,077 - verilog_tb_gen - INFO - Finished llm_testbench_align in 22.14 seconds
2025-03-11 16:30:38,092 - verilog_tb_gen - INFO - Finished vcs_simulate_align in 8.01 seconds
2025-03-11 16:30:38,093 - verilog_tb_gen - INFO - Reached maximum iterations (3). Stopping retry loop.
2025-03-11 16:30:38,094 - verilog_tb_gen - INFO - Generated testbench for 7768 coverst {'overall': {'score': 84.18, 'line': 90.0, 'condition': 0.0, 'toggle': 98.65, 'branch': 90.91}, 'lines': ['\n26                      \talways@(posedge clk or negedge rst_n)\n27         1/1          \tif(!rst_n)begin\n28         1/1          \t\tkey_in_sa &lt;= 1\'b0;\n29         1/1          \t\tkey_in_sb &lt;= 1\'b0;\n30                      \tend\n31                      \telse begin\n32         1/1          \t\tkey_in_sa &lt;= key_in;\n33         1/1          \t\tkey_in_sb &lt;= key_in_sa;\t\n34                      \tend\n35                      \n36                      \treg key_tmpa,key_tmpb;\n37                      \twire pedge,nedge;\n38                      \treg cnt_full;\n39                      \n40                      \talways@(posedge clk or negedge rst_n)\n41         1/1          \tif(!rst_n)begin\n42         1/1          \t\tkey_tmpa &lt;= 1\'b0;\n43         1/1          \t\tkey_tmpb &lt;= 1\'b0;\n44                      \tend\n45                      \telse begin\n46         1/1          \t\tkey_tmpa &lt;= key_in_sb;\n47         1/1          \t\tkey_tmpb &lt;= key_tmpa;\t\n48                      \tend\n49                      \n50         1/1          \tassign nedge = !key_tmpa &amp; key_tmpb;\n51         1/1          \tassign pedge = key_tmpa &amp; (!key_tmpb);\n52                      \n53                      \talways@(posedge clk or negedge rst_n)\n54         1/1          \tif(!rst_n)begin\n55         1/1          \t\ten_cnt &lt;= 1\'b0;\n56         1/1          \t\tstate &lt;= IDEL;\n57         1/1          \t\tkey_flag &lt;= 1\'b0;\n58         1/1          \t\tkey_state &lt;= 1\'b1;\n59                      \tend\n60                      \telse begin\n61         1/1          \t\tcase(state)\n62                      \t\t\tIDEL :\n63                      \t\t\t\tbegin\n64         1/1          \t\t\t\t\tkey_flag &lt;= 1\'b0;\n65         1/1          \t\t\t\t\tif(nedge)begin\n66         1/1          \t\t\t\t\t\tstate &lt;= FILTER0;\n67         1/1          \t\t\t\t\t\ten_cnt &lt;= 1\'b1;\n68                      \t\t\t\t\tend\n69                      \t\t\t\t\telse\n70         1/1          \t\t\t\t\t\tstate &lt;= IDEL;\n71                      \t\t\t\tend\n72                      \n73                      \t\t\tFILTER0:\n74         1/1          \t\t\t\tif(cnt_full)begin\n75         1/1          \t\t\t\t\tkey_flag &lt;= 1\'b1;\n76         1/1          \t\t\t\t\tkey_state &lt;= 1\'b0;\n77         1/1          \t\t\t\t\ten_cnt &lt;= 1\'b0;\n78         1/1          \t\t\t\t\tstate &lt;= DOWN;\n79                      \t\t\t\tend\n80         1/1          \t\t\t\telse if(pedge)begin\n81         <font color = "red">0/1     ==>  \t\t\t\t\tstate &lt;= IDEL;</font>\n82         <font color = "red">0/1     ==>  \t\t\t\t\ten_cnt &lt;= 1\'b0;</font>\n83                      \t\t\t\tend\n84                      \t\t\t\telse\n85         1/1          \t\t\t\t\tstate &lt;= FILTER0;\n86                      \n87                      \t\t\tDOWN:\n88                      \t\t\t\tbegin\n89         1/1          \t\t\t\t\tkey_flag &lt;= 1\'b0;\n90         1/1          \t\t\t\t\tif(pedge)begin\n91         1/1          \t\t\t\t\t\tstate &lt;= FILTER1;\n92         1/1          \t\t\t\t\t\ten_cnt &lt;= 1\'b1;\n93                      \t\t\t\t\tend\n94                      \t\t\t\t\telse\n95         1/1          \t\t\t\t\t\tstate &lt;= DOWN;\n96                      \t\t\t\tend\n97                      \n98                      \t\t\tFILTER1:\n99         1/1          \t\t\t\tif(cnt_full)begin\n100        <font color = "red">0/1     ==>  \t\t\t\t\tkey_flag &lt;= 1\'b1;</font>\n101        <font color = "red">0/1     ==>  \t\t\t\t\tkey_state &lt;= 1\'b1;</font>\n102        <font color = "red">0/1     ==>  \t\t\t\t\ten_cnt &lt;= 1\'b0;</font>\n103        <font color = "red">0/1     ==>  \t\t\t\t\tstate &lt;= IDEL;</font>\n104                     \t\t\t\tend\n105        1/1          \t\t\t\telse if(nedge)begin\n106        1/1          \t\t\t\t\ten_cnt &lt;= 1\'b0;\n107        1/1          \t\t\t\t\tstate &lt;= DOWN;\n108                     \t\t\t\tend\n109                     \t\t\t\telse\n110        1/1          \t\t\t\t\tstate &lt;= FILTER1;\n111                     \n112                     \t\t\tdefault:\n113                     \t\t\t\tbegin \n114        1/1          \t\t\t\t\tstate &lt;= IDEL; \n115        1/1          \t\t\t\t\ten_cnt &lt;= 1\'b0;\t\t\n116        1/1          \t\t\t\t\tkey_flag &lt;= 1\'b0;\n117        1/1          \t\t\t\t\tkey_state &lt;= 1\'b1;\n118                     \t\t\t\tend\n119                     \n120                     \t\tendcase\t\n121                     \tend\n122                     \n123                     \talways@(posedge clk or negedge rst_n)\n124        1/1          \tif(!rst_n)\n125        1/1          \t\tcnt &lt;= 20\'d0;\n126        1/1          \telse if(en_cnt)\n127        1/1          \t\tcnt &lt;= cnt + 1\'b1;\n128                     \telse\n129        1/1          \t\tcnt &lt;= 20\'d0;\n130                     \n131                     \talways@(posedge clk or negedge rst_n)\n132        1/1          \tif(!rst_n)\n133        1/1          \t\tcnt_full &lt;= 1\'b0;\n134        1/1          \telse if(cnt == 999_999)\n135        1/1          \t\tcnt_full &lt;= 1\'b1;\n136                     \telse\n137        1/1          \t\tcnt_full &lt;= 1\'b0;\t\n']}%
2025-03-11 16:30:38,095 - verilog_tb_gen - INFO - Failed to generate testbench for 7768
2025-03-11 16:30:38,122 - verilog_tb_gen - INFO - ==================== Time Cost: 536.9387173652649 ====================
2025-03-11 16:33:26,643 - verilog_tb_gen - INFO - Save graph to ./outputs/lang/graph.mmd You can paste this code to https://mermaid.live to generate the chart.
2025-03-11 16:33:27,279 - verilog_tb_gen - INFO - ==================== Generate data: 7768 ====================
2025-03-11 16:33:29,106 - verilog_tb_gen - INFO - ===== Error for 7768 =====
2025-03-11 16:33:29,106 - verilog_tb_gen - INFO - list index out of range
2025-03-11 16:33:29,106 - verilog_tb_gen - INFO - ==================== Time Cost: 1.826767921447754 ====================
2025-03-11 16:33:55,603 - verilog_tb_gen - INFO - Save graph to ./outputs/lang/graph.mmd You can paste this code to https://mermaid.live to generate the chart.
2025-03-11 16:33:56,233 - verilog_tb_gen - INFO - ==================== Generate data: 7768 ====================
2025-03-11 16:33:58,454 - verilog_tb_gen - INFO - ===== Error for 7768 =====
2025-03-11 16:33:58,454 - verilog_tb_gen - INFO - list index out of range
2025-03-11 16:33:58,455 - verilog_tb_gen - INFO - ==================== Time Cost: 2.221961736679077 ====================
2025-03-11 16:34:08,605 - verilog_tb_gen - INFO - Save graph to ./outputs/lang/graph.mmd You can paste this code to https://mermaid.live to generate the chart.
2025-03-11 16:34:09,227 - verilog_tb_gen - INFO - ==================== Generate data: 7768 ====================
2025-03-11 16:34:18,556 - verilog_tb_gen - INFO - Finished llm_function_points in 9.20 seconds
2025-03-11 16:34:35,901 - verilog_tb_gen - INFO - Finished llm_testcases in 17.34 seconds
2025-03-11 16:35:06,100 - verilog_tb_gen - INFO - Finished llm_testbench in 30.20 seconds
2025-03-11 16:35:11,861 - verilog_tb_gen - INFO - Finished vcs_compile in 5.76 seconds
2025-03-11 16:35:17,411 - verilog_tb_gen - INFO - Line coverage at iteration 0 is 61.67%
2025-03-11 16:35:17,411 - verilog_tb_gen - INFO - Finished vcs_coverage in 5.55 seconds
2025-03-11 16:35:38,695 - verilog_tb_gen - INFO - Finished llm_coverage in 21.28 seconds
2025-03-11 16:35:47,655 - verilog_tb_gen - INFO - Line coverage at iteration 1 is 61.67%
2025-03-11 16:35:47,657 - verilog_tb_gen - INFO - Finished vcs_coverage in 8.96 seconds
2025-03-11 16:36:06,474 - verilog_tb_gen - INFO - Finished llm_coverage in 18.82 seconds
2025-03-11 16:36:15,748 - verilog_tb_gen - INFO - Line coverage at iteration 2 is 63.33%
2025-03-11 16:36:15,748 - verilog_tb_gen - INFO - Finished vcs_coverage in 9.27 seconds
2025-03-11 16:37:05,545 - verilog_tb_gen - INFO - Finished llm_coverage in 49.80 seconds
2025-03-11 16:37:14,580 - verilog_tb_gen - INFO - Line coverage at iteration 3 is 63.33%
2025-03-11 16:37:14,580 - verilog_tb_gen - INFO - Finished vcs_coverage in 9.03 seconds
2025-03-11 16:37:14,581 - verilog_tb_gen - INFO - Reached maximum iterations (3). Stopping retry loop.
2025-03-11 16:37:17,431 - verilog_tb_gen - INFO - Finished vcs_simulate in 2.85 seconds
2025-03-11 16:38:13,199 - verilog_tb_gen - INFO - Save graph to ./outputs/lang/graph.mmd You can paste this code to https://mermaid.live to generate the chart.
2025-03-11 16:38:13,819 - verilog_tb_gen - INFO - ==================== Generate data: 7768 ====================
2025-03-11 16:38:21,453 - verilog_tb_gen - INFO - Finished llm_function_points in 7.50 seconds
2025-03-11 16:38:36,111 - verilog_tb_gen - INFO - Finished llm_testcases in 14.66 seconds
2025-03-11 16:38:55,176 - verilog_tb_gen - INFO - Finished llm_testbench in 19.06 seconds
2025-03-11 16:39:01,709 - verilog_tb_gen - INFO - Finished vcs_compile in 6.53 seconds
2025-03-11 16:39:08,105 - verilog_tb_gen - INFO - Line coverage at iteration 0 is 61.67%
2025-03-11 16:39:08,107 - verilog_tb_gen - INFO - Finished vcs_coverage in 6.40 seconds
2025-03-11 16:39:24,252 - verilog_tb_gen - INFO - Finished llm_coverage in 16.14 seconds
2025-03-11 16:39:34,066 - verilog_tb_gen - INFO - Line coverage at iteration 1 is 61.67%
2025-03-11 16:39:34,066 - verilog_tb_gen - INFO - Finished vcs_coverage in 9.81 seconds
2025-03-11 16:40:08,518 - verilog_tb_gen - INFO - Save graph to ./outputs/lang/graph.mmd You can paste this code to https://mermaid.live to generate the chart.
2025-03-11 16:40:09,150 - verilog_tb_gen - INFO - ==================== Generate data: 7768 ====================
2025-03-11 16:40:14,278 - verilog_tb_gen - INFO - Finished llm_function_points in 4.98 seconds
2025-03-11 16:40:22,505 - verilog_tb_gen - INFO - Finished llm_testcases in 8.23 seconds
2025-03-11 16:40:41,948 - verilog_tb_gen - INFO - Finished llm_testbench in 19.44 seconds
2025-03-11 16:40:47,648 - verilog_tb_gen - INFO - Finished vcs_compile in 5.70 seconds
2025-03-11 16:40:54,035 - verilog_tb_gen - INFO - Line coverage at iteration 0 is 61.67%
2025-03-11 16:40:54,037 - verilog_tb_gen - INFO - Finished vcs_coverage in 6.39 seconds
2025-03-11 16:41:23,481 - verilog_tb_gen - INFO - Finished llm_coverage in 29.44 seconds
2025-03-11 16:41:33,522 - verilog_tb_gen - INFO - Line coverage at iteration 1 is 61.67%
2025-03-11 16:41:33,522 - verilog_tb_gen - INFO - Finished vcs_coverage in 10.04 seconds
2025-03-11 16:41:53,045 - verilog_tb_gen - INFO - Finished llm_coverage in 19.52 seconds
2025-03-11 16:42:02,369 - verilog_tb_gen - INFO - Line coverage at iteration 2 is 61.67%
2025-03-11 16:42:02,369 - verilog_tb_gen - INFO - Finished vcs_coverage in 9.32 seconds
2025-03-11 16:42:47,252 - verilog_tb_gen - INFO - Save graph to ./outputs/lang/graph.mmd You can paste this code to https://mermaid.live to generate the chart.
2025-03-11 16:42:47,881 - verilog_tb_gen - INFO - ==================== Generate data: 7768 ====================
2025-03-11 16:42:54,484 - verilog_tb_gen - INFO - Finished llm_function_points in 6.48 seconds
2025-03-11 16:43:00,188 - verilog_tb_gen - INFO - Finished llm_testcases in 5.70 seconds
2025-03-11 16:43:16,175 - verilog_tb_gen - INFO - Finished llm_testbench in 15.99 seconds
2025-03-11 16:43:22,924 - verilog_tb_gen - INFO - Finished vcs_compile in 6.75 seconds
2025-03-11 16:43:28,484 - verilog_tb_gen - INFO - Line coverage at iteration 0 is 61.67%
2025-03-11 16:43:28,486 - verilog_tb_gen - INFO - Finished vcs_coverage in 5.56 seconds
2025-03-11 16:43:45,565 - verilog_tb_gen - INFO - Finished llm_coverage in 17.08 seconds
2025-03-11 16:43:53,546 - verilog_tb_gen - INFO - Line coverage at iteration 1 is 61.67%
2025-03-11 16:43:53,546 - verilog_tb_gen - INFO - Finished vcs_coverage in 7.98 seconds
2025-03-11 16:44:15,226 - verilog_tb_gen - INFO - Finished llm_coverage in 21.68 seconds
2025-03-11 16:44:24,667 - verilog_tb_gen - INFO - Line coverage at iteration 2 is 86.67%
2025-03-11 16:44:24,667 - verilog_tb_gen - INFO - Finished vcs_coverage in 9.44 seconds
2025-03-11 16:45:18,200 - verilog_tb_gen - INFO - Finished llm_coverage in 53.53 seconds
2025-03-11 16:45:27,561 - verilog_tb_gen - INFO - Line coverage at iteration 3 is 86.67%
2025-03-11 16:45:27,561 - verilog_tb_gen - INFO - Finished vcs_coverage in 9.36 seconds
2025-03-11 16:45:27,562 - verilog_tb_gen - INFO - Reached maximum iterations (3). Stopping retry loop.
2025-03-11 16:45:30,271 - verilog_tb_gen - INFO - Finished vcs_simulate in 2.71 seconds
2025-03-11 16:46:19,752 - verilog_tb_gen - INFO - Save graph to ./outputs/lang/graph.mmd You can paste this code to https://mermaid.live to generate the chart.
2025-03-11 16:46:20,097 - verilog_tb_gen - INFO - ==================== Generate data: 7768 ====================
2025-03-11 16:46:28,188 - verilog_tb_gen - INFO - Finished llm_function_points in 8.04 seconds
2025-03-11 16:46:43,455 - verilog_tb_gen - INFO - Finished llm_testcases in 15.27 seconds
2025-03-11 16:46:57,796 - verilog_tb_gen - INFO - Finished llm_testbench in 14.34 seconds
2025-03-11 16:47:00,039 - verilog_tb_gen - INFO - Finished vcs_compile in 2.24 seconds
2025-03-11 16:47:01,936 - verilog_tb_gen - INFO - Line coverage at iteration 0 is 61.67%
2025-03-11 16:47:01,936 - verilog_tb_gen - INFO - Finished vcs_coverage in 1.89 seconds
2025-03-11 16:47:19,250 - verilog_tb_gen - INFO - Finished llm_coverage in 17.31 seconds
2025-03-11 16:47:22,810 - verilog_tb_gen - INFO - Line coverage at iteration 1 is 63.33%
2025-03-11 16:47:22,810 - verilog_tb_gen - INFO - Finished vcs_coverage in 3.56 seconds
2025-03-11 16:47:44,066 - verilog_tb_gen - INFO - Finished llm_coverage in 21.25 seconds
2025-03-11 16:47:48,321 - verilog_tb_gen - INFO - Line coverage at iteration 2 is 86.67%
2025-03-11 16:47:48,322 - verilog_tb_gen - INFO - Finished vcs_coverage in 4.25 seconds
2025-03-11 16:48:23,471 - verilog_tb_gen - INFO - Finished llm_coverage in 35.15 seconds
2025-03-11 16:48:27,620 - verilog_tb_gen - INFO - Line coverage at iteration 3 is 86.67%
2025-03-11 16:48:27,621 - verilog_tb_gen - INFO - Finished vcs_coverage in 4.15 seconds
2025-03-11 16:48:27,621 - verilog_tb_gen - INFO - Reached maximum iterations (3). Stopping retry loop.
2025-03-11 16:48:29,665 - verilog_tb_gen - INFO - Finished vcs_simulate in 2.04 seconds
2025-03-11 16:48:52,144 - verilog_tb_gen - INFO - Finished llm_testbench_align in 22.48 seconds
2025-03-11 16:48:55,824 - verilog_tb_gen - INFO - Finished vcs_simulate_align in 3.68 seconds
2025-03-11 16:48:55,828 - verilog_tb_gen - INFO - Successfully generated testbench for 7768
2025-03-11 16:48:55,839 - verilog_tb_gen - INFO - ==================== Time Cost: 155.7417676448822 ====================
2025-03-11 16:49:18,180 - verilog_tb_gen - INFO - Save graph to ./outputs/lang/graph.mmd You can paste this code to https://mermaid.live to generate the chart.
2025-03-11 16:49:18,521 - verilog_tb_gen - INFO - ==================== Generate data: 7768 ====================
2025-03-11 16:49:24,012 - verilog_tb_gen - INFO - ===== Error for 7768 =====
2025-03-11 16:49:24,012 - verilog_tb_gen - INFO - list index out of range
2025-03-11 16:49:24,012 - verilog_tb_gen - INFO - ==================== Time Cost: 5.490856170654297 ====================
2025-03-11 16:49:29,587 - verilog_tb_gen - INFO - Save graph to ./outputs/lang/graph.mmd You can paste this code to https://mermaid.live to generate the chart.
2025-03-11 16:49:29,926 - verilog_tb_gen - INFO - ==================== Generate data: 7768 ====================
2025-03-11 16:49:34,429 - verilog_tb_gen - INFO - ===== Error for 7768 =====
2025-03-11 16:49:34,430 - verilog_tb_gen - INFO - list index out of range
2025-03-11 16:49:34,430 - verilog_tb_gen - INFO - ==================== Time Cost: 4.503440618515015 ====================
2025-03-11 16:50:11,208 - verilog_tb_gen - INFO - Save graph to ./outputs/lang/graph.mmd You can paste this code to https://mermaid.live to generate the chart.
2025-03-11 16:50:11,551 - verilog_tb_gen - INFO - ==================== Generate data: 7768 ====================
2025-03-11 16:50:14,657 - verilog_tb_gen - INFO - ===== Error for 7768 =====
2025-03-11 16:50:14,657 - verilog_tb_gen - INFO - list index out of range
2025-03-11 16:50:14,657 - verilog_tb_gen - INFO - ==================== Time Cost: 3.106381893157959 ====================
2025-03-11 16:50:26,441 - verilog_tb_gen - INFO - Save graph to ./outputs/lang/graph.mmd You can paste this code to https://mermaid.live to generate the chart.
2025-03-11 16:50:26,781 - verilog_tb_gen - INFO - ==================== Generate data: 7768 ====================
2025-03-11 16:50:33,254 - verilog_tb_gen - INFO - Finished llm_function_points in 6.42 seconds
2025-03-11 16:50:38,680 - verilog_tb_gen - INFO - Finished llm_testcases in 5.42 seconds
2025-03-11 16:51:06,751 - verilog_tb_gen - INFO - Finished llm_testbench in 28.07 seconds
2025-03-11 16:51:09,590 - verilog_tb_gen - INFO - Save graph to ./outputs/lang/graph.mmd You can paste this code to https://mermaid.live to generate the chart.
2025-03-11 16:51:09,928 - verilog_tb_gen - INFO - ==================== Generate data: 7768 ====================
2025-03-11 16:51:17,931 - verilog_tb_gen - INFO - Finished llm_function_points in 7.95 seconds
2025-03-11 16:51:24,332 - verilog_tb_gen - INFO - Finished llm_testcases in 6.40 seconds
2025-03-11 16:51:41,891 - verilog_tb_gen - INFO - Finished llm_testbench in 17.56 seconds
2025-03-11 16:51:43,774 - verilog_tb_gen - INFO - Finished vcs_compile in 1.88 seconds
2025-03-11 16:51:45,279 - verilog_tb_gen - INFO - Line coverage at iteration 0 is 61.67%
2025-03-11 16:51:45,279 - verilog_tb_gen - INFO - Finished vcs_coverage in 1.50 seconds
2025-03-11 16:51:59,448 - verilog_tb_gen - INFO - Finished llm_coverage in 14.17 seconds
2025-03-11 16:52:01,881 - verilog_tb_gen - INFO - Line coverage at iteration 1 is 61.67%
2025-03-11 16:52:01,881 - verilog_tb_gen - INFO - Finished vcs_coverage in 2.43 seconds
2025-03-11 16:52:16,316 - verilog_tb_gen - INFO - Finished llm_coverage in 14.43 seconds
2025-03-11 16:52:18,742 - verilog_tb_gen - INFO - Line coverage at iteration 2 is 61.67%
2025-03-11 16:52:18,743 - verilog_tb_gen - INFO - Finished vcs_coverage in 2.42 seconds
2025-03-11 16:52:33,527 - verilog_tb_gen - INFO - Finished llm_coverage in 14.78 seconds
2025-03-11 16:52:36,042 - verilog_tb_gen - INFO - Line coverage at iteration 3 is 61.67%
2025-03-11 16:52:36,042 - verilog_tb_gen - INFO - Finished vcs_coverage in 2.51 seconds
2025-03-11 16:52:36,043 - verilog_tb_gen - INFO - Reached maximum iterations (3). Stopping retry loop.
2025-03-11 16:52:36,447 - verilog_tb_gen - INFO - Finished vcs_simulate in 0.40 seconds
2025-03-11 16:52:53,765 - verilog_tb_gen - INFO - Save graph to ./outputs/lang/graph.mmd You can paste this code to https://mermaid.live to generate the chart.
2025-03-11 16:52:54,105 - verilog_tb_gen - INFO - ==================== Generate data: 7766 ====================
2025-03-11 16:53:00,504 - verilog_tb_gen - INFO - Finished llm_function_points in 6.35 seconds
2025-03-11 16:53:09,047 - verilog_tb_gen - INFO - Finished llm_testcases in 8.54 seconds
2025-03-11 16:53:30,641 - verilog_tb_gen - INFO - Finished llm_testbench in 21.59 seconds
2025-03-11 16:53:32,578 - verilog_tb_gen - INFO - Finished vcs_compile in 1.93 seconds
2025-03-11 16:53:34,089 - verilog_tb_gen - INFO - Line coverage at iteration 0 is 100.0%
2025-03-11 16:53:34,090 - verilog_tb_gen - INFO - Finished vcs_coverage in 1.51 seconds
2025-03-11 16:53:34,410 - verilog_tb_gen - INFO - Finished vcs_simulate in 0.32 seconds
2025-03-11 16:54:17,593 - verilog_tb_gen - INFO - Save graph to ./outputs/lang/graph.mmd You can paste this code to https://mermaid.live to generate the chart.
2025-03-11 16:54:17,932 - verilog_tb_gen - INFO - ==================== Generate data: 7754 ====================
2025-03-11 16:54:24,001 - verilog_tb_gen - INFO - Finished llm_function_points in 6.02 seconds
2025-03-11 16:54:29,770 - verilog_tb_gen - INFO - Finished llm_testcases in 5.77 seconds
2025-03-11 16:54:51,943 - verilog_tb_gen - INFO - Finished llm_testbench in 22.17 seconds
2025-03-11 16:54:53,773 - verilog_tb_gen - INFO - Finished vcs_compile in 1.83 seconds
2025-03-11 16:54:55,297 - verilog_tb_gen - INFO - Line coverage at iteration 0 is 75.29%
2025-03-11 16:54:55,297 - verilog_tb_gen - INFO - Finished vcs_coverage in 1.52 seconds
2025-03-11 16:55:18,088 - verilog_tb_gen - INFO - Finished llm_coverage in 22.79 seconds
2025-03-11 16:55:20,418 - verilog_tb_gen - INFO - Line coverage at iteration 1 is 83.53%
2025-03-11 16:55:20,419 - verilog_tb_gen - INFO - Finished vcs_coverage in 2.33 seconds
2025-03-11 16:55:57,830 - verilog_tb_gen - INFO - Finished llm_coverage in 37.41 seconds
2025-03-11 16:56:00,171 - verilog_tb_gen - INFO - Line coverage at iteration 2 is 97.65%
2025-03-11 16:56:00,172 - verilog_tb_gen - INFO - Finished vcs_coverage in 2.34 seconds
2025-03-11 16:56:00,493 - verilog_tb_gen - INFO - Finished vcs_simulate in 0.32 seconds
2025-03-11 16:57:10,012 - verilog_tb_gen - INFO - Finished llm_testbench_align in 69.52 seconds
2025-03-11 16:57:11,967 - verilog_tb_gen - INFO - Finished vcs_simulate_align in 1.95 seconds
2025-03-11 16:57:11,970 - verilog_tb_gen - INFO - Successfully generated testbench for 7754
2025-03-11 16:57:11,982 - verilog_tb_gen - INFO - ==================== Time Cost: 174.05004000663757 ====================
2025-03-11 16:57:21,886 - verilog_tb_gen - INFO - Save graph to ./outputs/lang/graph.mmd You can paste this code to https://mermaid.live to generate the chart.
2025-03-11 16:57:22,226 - verilog_tb_gen - INFO - ==================== Generate data: 7754 ====================
2025-03-11 16:57:52,790 - verilog_tb_gen - INFO - ===== Error for 7754 =====
2025-03-11 16:57:52,790 - verilog_tb_gen - INFO - list index out of range
2025-03-11 16:57:52,790 - verilog_tb_gen - INFO - ==================== Time Cost: 30.56347417831421 ====================
2025-03-11 16:57:58,009 - verilog_tb_gen - INFO - Save graph to ./outputs/lang/graph.mmd You can paste this code to https://mermaid.live to generate the chart.
2025-03-11 16:57:58,354 - verilog_tb_gen - INFO - ==================== Generate data: 7754 ====================
2025-03-11 16:58:18,984 - verilog_tb_gen - INFO - ===== Error for 7754 =====
2025-03-11 16:58:18,984 - verilog_tb_gen - INFO - list index out of range
2025-03-11 16:58:18,984 - verilog_tb_gen - INFO - ==================== Time Cost: 20.630107164382935 ====================
2025-03-11 16:58:22,253 - verilog_tb_gen - INFO - Save graph to ./outputs/lang/graph.mmd You can paste this code to https://mermaid.live to generate the chart.
2025-03-11 16:58:22,596 - verilog_tb_gen - INFO - ==================== Generate data: 7754 ====================
2025-03-11 16:58:55,102 - verilog_tb_gen - INFO - Save graph to ./outputs/lang/graph.mmd You can paste this code to https://mermaid.live to generate the chart.
2025-03-11 16:58:55,442 - verilog_tb_gen - INFO - ==================== Generate data: 7754 ====================
2025-03-11 16:59:01,250 - verilog_tb_gen - INFO - Finished llm_function_points in 5.75 seconds
2025-03-11 16:59:08,470 - verilog_tb_gen - INFO - Finished llm_testcases in 7.22 seconds
2025-03-11 16:59:28,707 - verilog_tb_gen - INFO - Finished llm_testbench in 20.24 seconds
2025-03-11 16:59:30,560 - verilog_tb_gen - INFO - Finished vcs_compile in 1.85 seconds
2025-03-11 16:59:32,119 - verilog_tb_gen - INFO - Line coverage at iteration 0 is 81.18%
2025-03-11 16:59:32,119 - verilog_tb_gen - INFO - Finished vcs_coverage in 1.56 seconds
2025-03-11 17:00:15,227 - verilog_tb_gen - INFO - Finished llm_coverage in 43.11 seconds
2025-03-11 17:00:17,578 - verilog_tb_gen - INFO - Line coverage at iteration 1 is 97.65%
2025-03-11 17:00:17,578 - verilog_tb_gen - INFO - Finished vcs_coverage in 2.35 seconds
2025-03-11 17:00:17,894 - verilog_tb_gen - INFO - Finished vcs_simulate in 0.31 seconds
2025-03-11 17:00:48,892 - verilog_tb_gen - INFO - Save graph to ./outputs/lang/graph.mmd You can paste this code to https://mermaid.live to generate the chart.
2025-03-11 17:00:49,232 - verilog_tb_gen - INFO - ==================== Generate data: 7754 ====================
2025-03-11 17:00:53,944 - verilog_tb_gen - INFO - Finished llm_function_points in 4.66 seconds
2025-03-11 17:01:06,941 - verilog_tb_gen - INFO - Finished llm_testcases in 13.00 seconds
2025-03-11 17:01:28,326 - verilog_tb_gen - INFO - Finished llm_testbench in 21.38 seconds
2025-03-11 17:01:30,234 - verilog_tb_gen - INFO - Finished vcs_compile in 1.91 seconds
2025-03-11 17:01:31,737 - verilog_tb_gen - INFO - Line coverage at iteration 0 is 81.18%
2025-03-11 17:01:31,738 - verilog_tb_gen - INFO - Finished vcs_coverage in 1.50 seconds
2025-03-11 17:02:57,977 - verilog_tb_gen - INFO - Finished llm_coverage in 86.24 seconds
2025-03-11 17:03:00,333 - verilog_tb_gen - INFO - Line coverage at iteration 1 is 97.65%
2025-03-11 17:03:00,333 - verilog_tb_gen - INFO - Finished vcs_coverage in 2.35 seconds
2025-03-11 17:03:00,657 - verilog_tb_gen - INFO - Finished vcs_simulate in 0.32 seconds
2025-03-11 17:03:31,353 - verilog_tb_gen - INFO - Save graph to ./outputs/lang/graph.mmd You can paste this code to https://mermaid.live to generate the chart.
2025-03-11 17:03:31,693 - verilog_tb_gen - INFO - ==================== Generate data: 7754 ====================
2025-03-11 17:03:37,138 - verilog_tb_gen - INFO - Finished llm_function_points in 5.39 seconds
2025-03-11 17:03:51,316 - verilog_tb_gen - INFO - Finished llm_testcases in 14.18 seconds
2025-03-11 17:04:06,853 - verilog_tb_gen - INFO - Finished llm_testbench in 15.54 seconds
2025-03-11 17:04:08,774 - verilog_tb_gen - INFO - Finished vcs_compile in 1.92 seconds
2025-03-11 17:04:10,347 - verilog_tb_gen - INFO - Line coverage at iteration 0 is 75.29%
2025-03-11 17:04:10,347 - verilog_tb_gen - INFO - Finished vcs_coverage in 1.57 seconds
2025-03-11 17:04:46,034 - verilog_tb_gen - INFO - Finished llm_coverage in 35.68 seconds
2025-03-11 17:04:48,397 - verilog_tb_gen - INFO - Line coverage at iteration 1 is 97.65%
2025-03-11 17:04:48,397 - verilog_tb_gen - INFO - Finished vcs_coverage in 2.36 seconds
2025-03-11 17:04:48,719 - verilog_tb_gen - INFO - Finished vcs_simulate in 0.32 seconds
2025-03-11 17:05:40,833 - verilog_tb_gen - INFO - Finished llm_testbench_align in 52.11 seconds
2025-03-11 17:05:41,585 - verilog_tb_gen - INFO - ===== Error for 7754 =====
2025-03-11 17:05:41,585 - verilog_tb_gen - INFO - list index out of range
2025-03-11 17:05:41,585 - verilog_tb_gen - INFO - ==================== Time Cost: 129.8926432132721 ====================
2025-03-11 17:06:35,244 - verilog_tb_gen - INFO - Save graph to ./outputs/lang/graph.mmd You can paste this code to https://mermaid.live to generate the chart.
2025-03-11 17:06:35,587 - verilog_tb_gen - INFO - ==================== Generate data: 7737 ====================
2025-03-11 17:06:42,084 - verilog_tb_gen - INFO - Finished llm_function_points in 6.45 seconds
2025-03-11 17:06:48,959 - verilog_tb_gen - INFO - Finished llm_testcases in 6.87 seconds
2025-03-11 17:07:05,292 - verilog_tb_gen - INFO - Finished llm_testbench in 16.33 seconds
2025-03-11 17:07:07,182 - verilog_tb_gen - INFO - Finished vcs_compile in 1.89 seconds
2025-03-11 17:07:08,756 - verilog_tb_gen - INFO - Line coverage at iteration 0 is 85.19%
2025-03-11 17:07:08,756 - verilog_tb_gen - INFO - Finished vcs_coverage in 1.57 seconds
2025-03-11 17:07:27,008 - verilog_tb_gen - INFO - Finished llm_coverage in 18.25 seconds
2025-03-11 17:07:29,332 - verilog_tb_gen - INFO - Line coverage at iteration 1 is 100.0%
2025-03-11 17:07:29,333 - verilog_tb_gen - INFO - Finished vcs_coverage in 2.32 seconds
2025-03-11 17:07:29,646 - verilog_tb_gen - INFO - Finished vcs_simulate in 0.31 seconds
2025-03-11 17:08:08,063 - verilog_tb_gen - INFO - Finished llm_testbench_align in 38.42 seconds
2025-03-11 17:08:09,974 - verilog_tb_gen - INFO - Finished vcs_simulate_align in 1.91 seconds
2025-03-11 17:08:09,977 - verilog_tb_gen - INFO - Successfully generated testbench for 7737
2025-03-11 17:08:09,987 - verilog_tb_gen - INFO - ==================== Time Cost: 94.40004229545593 ====================
2025-03-11 17:09:17,501 - verilog_tb_gen - INFO - Save graph to ./outputs/lang/graph.mmd You can paste this code to https://mermaid.live to generate the chart.
2025-03-11 17:09:17,845 - verilog_tb_gen - INFO - ==================== Generate data: 7737 ====================
2025-03-11 17:09:24,034 - verilog_tb_gen - INFO - Finished llm_function_points in 6.14 seconds
2025-03-11 17:09:31,742 - verilog_tb_gen - INFO - Finished llm_testcases in 7.71 seconds
2025-03-11 17:09:53,398 - verilog_tb_gen - INFO - Finished llm_testbench in 21.65 seconds
2025-03-11 17:09:55,294 - verilog_tb_gen - INFO - Finished vcs_compile in 1.89 seconds
2025-03-11 17:09:56,800 - verilog_tb_gen - INFO - Line coverage at iteration 0 is 66.67%
2025-03-11 17:09:56,801 - verilog_tb_gen - INFO - Finished vcs_coverage in 1.50 seconds
2025-03-11 17:10:12,225 - verilog_tb_gen - INFO - Finished llm_coverage in 15.42 seconds
2025-03-11 17:10:14,608 - verilog_tb_gen - INFO - Line coverage at iteration 1 is 88.89%
2025-03-11 17:10:14,608 - verilog_tb_gen - INFO - Finished vcs_coverage in 2.38 seconds
2025-03-11 17:10:33,832 - verilog_tb_gen - INFO - Finished llm_coverage in 19.22 seconds
2025-03-11 17:10:36,180 - verilog_tb_gen - INFO - Line coverage at iteration 2 is 88.89%
2025-03-11 17:10:36,181 - verilog_tb_gen - INFO - Finished vcs_coverage in 2.35 seconds
2025-03-11 17:10:58,188 - verilog_tb_gen - INFO - Finished llm_coverage in 22.01 seconds
2025-03-11 17:11:00,493 - verilog_tb_gen - INFO - Line coverage at iteration 3 is 88.89%
2025-03-11 17:11:00,493 - verilog_tb_gen - INFO - Finished vcs_coverage in 2.30 seconds
2025-03-11 17:11:00,494 - verilog_tb_gen - INFO - Reached maximum iterations (3). Stopping retry loop.
2025-03-11 17:11:00,814 - verilog_tb_gen - INFO - Finished vcs_simulate in 0.32 seconds
2025-03-11 17:11:05,668 - verilog_tb_gen - INFO - Save graph to ./outputs/lang/graph.mmd You can paste this code to https://mermaid.live to generate the chart.
2025-03-11 17:11:06,010 - verilog_tb_gen - INFO - ==================== Generate data: 7737 ====================
2025-03-11 17:11:11,833 - verilog_tb_gen - INFO - Finished llm_function_points in 5.77 seconds
2025-03-11 17:11:20,939 - verilog_tb_gen - INFO - Finished llm_testcases in 9.10 seconds
2025-03-11 17:11:32,418 - verilog_tb_gen - INFO - Finished llm_testbench in 11.48 seconds
2025-03-11 17:11:34,310 - verilog_tb_gen - INFO - Finished vcs_compile in 1.89 seconds
2025-03-11 17:11:35,936 - verilog_tb_gen - INFO - Line coverage at iteration 0 is 88.89%
2025-03-11 17:11:35,936 - verilog_tb_gen - INFO - Finished vcs_coverage in 1.62 seconds
2025-03-11 17:12:02,663 - verilog_tb_gen - INFO - Finished llm_coverage in 26.72 seconds
2025-03-11 17:12:05,110 - verilog_tb_gen - INFO - Line coverage at iteration 1 is 100.0%
2025-03-11 17:12:05,110 - verilog_tb_gen - INFO - Finished vcs_coverage in 2.44 seconds
2025-03-11 17:12:05,431 - verilog_tb_gen - INFO - Finished vcs_simulate in 0.32 seconds
2025-03-11 17:12:25,325 - verilog_tb_gen - INFO - Finished llm_testbench_align in 19.89 seconds
2025-03-11 17:12:27,286 - verilog_tb_gen - INFO - Finished vcs_simulate_align in 1.96 seconds
2025-03-11 17:12:27,289 - verilog_tb_gen - INFO - Successfully generated testbench for 7737
2025-03-11 17:12:27,298 - verilog_tb_gen - INFO - ==================== Time Cost: 81.28830981254578 ====================
2025-03-11 17:29:46,503 - verilog_tb_gen - INFO - Save graph to ./outputs/lang/graph.mmd You can paste this code to https://mermaid.live to generate the chart.
2025-03-11 17:29:46,843 - verilog_tb_gen - INFO - ==================== Generate data: 7737 ====================
2025-03-11 17:29:57,761 - verilog_tb_gen - INFO - Finished llm_function_points in 10.86 seconds
2025-03-11 17:30:58,196 - verilog_tb_gen - INFO - Finished llm_testcases in 60.43 seconds
2025-03-11 17:31:47,024 - verilog_tb_gen - INFO - Finished llm_testbench in 48.83 seconds
2025-03-11 17:31:48,866 - verilog_tb_gen - INFO - Finished vcs_compile in 1.84 seconds
2025-03-11 17:31:50,382 - verilog_tb_gen - INFO - Line coverage at iteration 0 is 74.07%
2025-03-11 17:32:56,116 - verilog_tb_gen - INFO - Save graph to ./outputs/lang/graph.mmd You can paste this code to https://mermaid.live to generate the chart.
2025-03-11 17:32:56,456 - verilog_tb_gen - INFO - ==================== Generate data: 7737 ====================
2025-03-11 17:33:02,013 - verilog_tb_gen - INFO - Finished llm_function_points in 5.50 seconds
2025-03-11 17:33:15,130 - verilog_tb_gen - INFO - Finished llm_testcases in 13.12 seconds
2025-03-11 17:33:41,916 - verilog_tb_gen - INFO - Finished llm_testbench in 26.78 seconds
2025-03-11 17:33:43,838 - verilog_tb_gen - INFO - Finished vcs_compile in 1.92 seconds
2025-03-11 17:33:45,311 - verilog_tb_gen - INFO - Line coverage at iteration 0 is 88.89%
2025-03-11 17:38:55,165 - verilog_tb_gen - INFO - Save graph to ./outputs/lang/graph.mmd You can paste this code to https://mermaid.live to generate the chart.
2025-03-11 17:38:55,510 - verilog_tb_gen - INFO - ==================== Generate data: 7737 ====================
2025-03-11 17:39:54,523 - verilog_tb_gen - INFO - Finished llm_function_points in 58.96 seconds
2025-03-11 17:40:04,327 - verilog_tb_gen - INFO - Finished llm_testcases in 9.80 seconds
2025-03-11 17:40:29,486 - verilog_tb_gen - INFO - Finished llm_testbench in 25.16 seconds
2025-03-11 17:40:31,390 - verilog_tb_gen - INFO - Finished vcs_compile in 1.90 seconds
2025-03-11 17:40:32,912 - verilog_tb_gen - INFO - Line coverage at iteration 0 is 85.19%
2025-03-11 17:40:32,912 - verilog_tb_gen - INFO - Finished vcs_coverage in 1.52 seconds
2025-03-11 17:41:04,202 - verilog_tb_gen - INFO - Finished llm_coverage in 31.29 seconds
2025-03-11 17:41:06,596 - verilog_tb_gen - INFO - Line coverage at iteration 1 is 96.3%
2025-03-11 17:41:06,597 - verilog_tb_gen - INFO - Finished vcs_coverage in 2.39 seconds
2025-03-11 17:41:06,917 - verilog_tb_gen - INFO - Finished vcs_simulate in 0.32 seconds
2025-03-11 17:41:49,759 - verilog_tb_gen - INFO - Finished llm_testbench_align in 42.84 seconds
2025-03-11 17:41:51,730 - verilog_tb_gen - INFO - Finished vcs_simulate_align in 1.97 seconds
2025-03-11 17:41:51,733 - verilog_tb_gen - INFO - Successfully generated testbench for 7737
2025-03-11 17:41:51,741 - verilog_tb_gen - INFO - ==================== Time Cost: 176.23157143592834 ====================
2025-03-11 17:47:59,313 - verilog_tb_gen - INFO - Save graph to ./outputs/lang/graph.mmd You can paste this code to https://mermaid.live to generate the chart.
2025-03-11 17:47:59,649 - verilog_tb_gen - INFO - ==================== Generate data: 7737 ====================
2025-03-11 17:48:07,291 - verilog_tb_gen - INFO - Finished llm_function_points in 7.59 seconds
2025-03-11 17:48:17,668 - verilog_tb_gen - INFO - Finished llm_testcases in 10.38 seconds
2025-03-11 17:48:33,811 - verilog_tb_gen - INFO - Finished llm_testbench in 16.14 seconds
2025-03-11 17:48:35,682 - verilog_tb_gen - INFO - Finished vcs_compile in 1.87 seconds
2025-03-11 17:48:37,247 - verilog_tb_gen - INFO - Line coverage at iteration 0 is 66.67%
2025-03-11 17:48:37,247 - verilog_tb_gen - INFO - Finished vcs_coverage in 1.56 seconds
2025-03-11 17:48:49,966 - verilog_tb_gen - INFO - Finished llm_coverage in 12.72 seconds
2025-03-11 17:48:52,361 - verilog_tb_gen - INFO - Line coverage at iteration 1 is 92.59%
2025-03-11 17:48:52,362 - verilog_tb_gen - INFO - Finished vcs_coverage in 2.39 seconds
2025-03-11 17:48:52,682 - verilog_tb_gen - INFO - Finished vcs_simulate in 0.32 seconds
2025-03-11 17:49:11,662 - verilog_tb_gen - INFO - Finished llm_testbench_align in 18.98 seconds
2025-03-11 17:51:38,181 - verilog_tb_gen - INFO - Save graph to ./outputs/lang/graph.mmd You can paste this code to https://mermaid.live to generate the chart.
2025-03-11 17:51:38,523 - verilog_tb_gen - INFO - ==================== Generate data: 7737 ====================
2025-03-11 17:51:48,764 - verilog_tb_gen - INFO - Finished llm_function_points in 10.18 seconds
2025-03-11 17:51:53,945 - verilog_tb_gen - INFO - Finished llm_testcases in 5.18 seconds
2025-03-11 17:52:07,758 - verilog_tb_gen - INFO - Finished llm_testbench in 13.81 seconds
2025-03-11 17:52:09,745 - verilog_tb_gen - INFO - Finished vcs_compile in 1.99 seconds
2025-03-11 17:52:11,224 - verilog_tb_gen - INFO - Line coverage at iteration 0 is 66.67%
2025-03-11 17:52:11,224 - verilog_tb_gen - INFO - Finished vcs_coverage in 1.47 seconds
2025-03-11 17:52:29,763 - verilog_tb_gen - INFO - Finished llm_coverage in 18.54 seconds
2025-03-11 17:52:32,105 - verilog_tb_gen - INFO - Line coverage at iteration 1 is 88.89%
2025-03-11 17:52:32,106 - verilog_tb_gen - INFO - Finished vcs_coverage in 2.34 seconds
2025-03-11 17:53:00,125 - verilog_tb_gen - INFO - Finished llm_coverage in 28.02 seconds
2025-03-11 17:53:02,467 - verilog_tb_gen - INFO - Line coverage at iteration 2 is 100.0%
2025-03-11 17:53:02,468 - verilog_tb_gen - INFO - Finished vcs_coverage in 2.34 seconds
2025-03-11 17:53:02,789 - verilog_tb_gen - INFO - Finished vcs_simulate in 0.32 seconds
2025-03-11 17:53:35,505 - verilog_tb_gen - INFO - Finished llm_testbench_align in 32.71 seconds
2025-03-11 17:53:37,464 - verilog_tb_gen - INFO - Finished vcs_simulate_align in 1.96 seconds
2025-03-11 17:53:37,465 - verilog_tb_gen - INFO - Successfully generated testbench for 7737
2025-03-11 17:53:37,475 - verilog_tb_gen - INFO - ==================== Time Cost: 118.95139026641846 ====================
2025-05-26 16:01:46,094 - verilog_tb_gen - INFO - Save graph to ./outputs/lang/graph.mmd You can paste this code to https://mermaid.live to generate the chart.
2025-05-26 16:13:55,746 - verilog_tb_gen - INFO - Save graph to ./outputs/lang/graph.mmd You can paste this code to https://mermaid.live to generate the chart.
2025-05-26 16:13:57,060 - verilog_tb_gen - INFO - ==================== Generate data: 0 ====================
2025-05-26 16:39:47,998 - verilog_tb_gen - INFO - Save graph to ./outputs/lang/graph.mmd You can paste this code to https://mermaid.live to generate the chart.
2025-05-26 16:39:49,447 - verilog_tb_gen - INFO - ==================== Generate data: 0 ====================
2025-05-26 16:39:49,457 - verilog_tb_gen - INFO - ===== Error for 0 =====
2025-05-26 16:39:49,457 - verilog_tb_gen - INFO - 'BedrockRuntime' object has no attribute 'invoke'
2025-05-26 16:39:49,457 - verilog_tb_gen - INFO - ==================== Time Cost: 0.010592222213745117 ====================
2025-05-26 16:39:49,457 - verilog_tb_gen - INFO - ==================== Generate data: 1 ====================
2025-05-26 16:39:49,461 - verilog_tb_gen - INFO - ===== Error for 1 =====
2025-05-26 16:39:49,461 - verilog_tb_gen - INFO - 'BedrockRuntime' object has no attribute 'invoke'
2025-05-26 16:39:49,461 - verilog_tb_gen - INFO - ==================== Time Cost: 0.0037689208984375 ====================
2025-05-26 16:39:49,461 - verilog_tb_gen - INFO - ==================== Generate data: 2 ====================
2025-05-26 16:39:49,466 - verilog_tb_gen - INFO - ===== Error for 2 =====
2025-05-26 16:39:49,466 - verilog_tb_gen - INFO - 'BedrockRuntime' object has no attribute 'invoke'
2025-05-26 16:39:49,466 - verilog_tb_gen - INFO - ==================== Time Cost: 0.004731655120849609 ====================
2025-05-26 16:39:49,466 - verilog_tb_gen - INFO - ==================== Generate data: 3 ====================
2025-05-26 16:39:49,470 - verilog_tb_gen - INFO - ===== Error for 3 =====
2025-05-26 16:39:49,470 - verilog_tb_gen - INFO - 'BedrockRuntime' object has no attribute 'invoke'
2025-05-26 16:39:49,470 - verilog_tb_gen - INFO - ==================== Time Cost: 0.004034519195556641 ====================
2025-05-26 16:39:49,470 - verilog_tb_gen - INFO - ==================== Generate data: 4 ====================
2025-05-26 16:39:49,473 - verilog_tb_gen - INFO - ===== Error for 4 =====
2025-05-26 16:39:49,473 - verilog_tb_gen - INFO - 'BedrockRuntime' object has no attribute 'invoke'
2025-05-26 16:39:49,473 - verilog_tb_gen - INFO - ==================== Time Cost: 0.0034554004669189453 ====================
2025-05-26 16:39:49,473 - verilog_tb_gen - INFO - ==================== Generate data: 5 ====================
2025-05-26 16:39:49,477 - verilog_tb_gen - INFO - ===== Error for 5 =====
2025-05-26 16:39:49,477 - verilog_tb_gen - INFO - 'BedrockRuntime' object has no attribute 'invoke'
2025-05-26 16:39:49,477 - verilog_tb_gen - INFO - ==================== Time Cost: 0.0036592483520507812 ====================
2025-05-26 16:39:49,477 - verilog_tb_gen - INFO - ==================== Generate data: 6 ====================
2025-05-26 16:39:49,480 - verilog_tb_gen - INFO - ===== Error for 6 =====
2025-05-26 16:39:49,480 - verilog_tb_gen - INFO - 'BedrockRuntime' object has no attribute 'invoke'
2025-05-26 16:39:49,480 - verilog_tb_gen - INFO - ==================== Time Cost: 0.003458738327026367 ====================
2025-05-26 16:39:49,480 - verilog_tb_gen - INFO - ==================== Generate data: 7 ====================
2025-05-26 16:39:49,485 - verilog_tb_gen - INFO - ===== Error for 7 =====
2025-05-26 16:39:49,485 - verilog_tb_gen - INFO - 'BedrockRuntime' object has no attribute 'invoke'
2025-05-26 16:39:49,485 - verilog_tb_gen - INFO - ==================== Time Cost: 0.004874229431152344 ====================
2025-05-26 16:39:49,485 - verilog_tb_gen - INFO - ==================== Generate data: 8 ====================
2025-05-26 16:39:49,489 - verilog_tb_gen - INFO - ===== Error for 8 =====
2025-05-26 16:39:49,489 - verilog_tb_gen - INFO - 'BedrockRuntime' object has no attribute 'invoke'
2025-05-26 16:39:49,489 - verilog_tb_gen - INFO - ==================== Time Cost: 0.0034308433532714844 ====================
2025-05-26 16:39:49,489 - verilog_tb_gen - INFO - ==================== Generate data: 9 ====================
2025-05-26 16:39:49,492 - verilog_tb_gen - INFO - ===== Error for 9 =====
2025-05-26 16:39:49,492 - verilog_tb_gen - INFO - 'BedrockRuntime' object has no attribute 'invoke'
2025-05-26 16:39:49,492 - verilog_tb_gen - INFO - ==================== Time Cost: 0.003529071807861328 ====================
2025-05-26 16:41:51,986 - verilog_tb_gen - INFO - Save graph to ./outputs/lang/graph.mmd You can paste this code to https://mermaid.live to generate the chart.
2025-05-26 16:41:53,440 - verilog_tb_gen - INFO - ==================== Generate data: 0 ====================
2025-05-26 16:41:53,449 - verilog_tb_gen - INFO - ===== Error for 0 =====
2025-05-26 16:41:53,449 - verilog_tb_gen - INFO - 'BedrockRuntime' object has no attribute 'invoke'
2025-05-26 16:41:53,449 - verilog_tb_gen - INFO - ==================== Time Cost: 0.008967876434326172 ====================
2025-05-26 16:43:23,292 - verilog_tb_gen - INFO - Save graph to ./outputs/lang/graph.mmd You can paste this code to https://mermaid.live to generate the chart.
2025-05-26 16:43:24,736 - verilog_tb_gen - INFO - ==================== Generate data: 0 ====================
2025-05-26 16:43:24,746 - verilog_tb_gen - INFO - ===== Error for 0 =====
2025-05-26 16:43:24,746 - verilog_tb_gen - INFO - Parameter validation failed:
Missing required parameter in input: "modelId"
Unknown parameter in input: "mdoelId", must be one of: body, contentType, accept, modelId, trace, guardrailIdentifier, guardrailVersion, performanceConfigLatency
Invalid type for parameter body, value: {'anthropic_version': 'bedrock-2023-05-31', 'max_tokens': 4096, 'messages': [HumanMessage(content='You are a digital IC verification engineer, please analyze the function points of the module in detail according to the content of the document, in the analysis process to consider a variety of typical application scenarios such as the input port incentive scenario, supported working mode, register configuration options, Timing behavior, reset operations, boundary conditions, overflow scenarios, interrupt operations, abnormal scenarios, idle states, etc. \n\nYou will have module specification.\n\nYou only need to return the top-3 most important functional points.\n\nYou should return the function points in JSON format with the following structure:\n{\n    1: [\n        "Point": "[Function Point Category]",\n        "Scenario": "[Detailed description of the functional scenario]",\n        "Application": "[Practical application or use case for this functionality]"\n    ],\n    2: ...\n}\n\n\nThis is the specification:\nDesign a Verilog module that implements a configurable 32-bit register with comprehensive control signals. The module should include the following features: \n\n1. A 32-bit input bus (`in1`) and a 32-bit output bus (`out1`).\n2. A clock input (`clk`) that triggers data latching on the positive edge.\n3. A reset input (`reset`) that asynchronously clears the stored value when asserted high.\n4. A write control input (`write`) that, when high, allows the input data to be latched into the register on the positive edge of the clock.\n5. A read control input (`read`) that, when high, enables the output `out1` to present the currently stored value on the positive edge of the clock.\n\nThe register should be constructed from 32 positive-edge triggered D flip-flops, leveraging lower-level SR latch and D latch modules to manage data storage. The design should ensure that when the clock signal is high, the D inputs are evaluated, and the appropriate behavior is conducted based on the states of the `write` and `read` control signals. The `reset` signal should clear the stored data immediately when activated. \n\nAdditionally, the testbench for this module should establish a clock signal and seamlessly apply various input patterns, demonstrating the complete functionality of writing to, reading from, and resetting the register. The design should incorporate structured simulation elements, including waveform dump and monitoring for verification.\n\nGive me the complete code.\n\nmodule sr_schematic(s, r, q, _q);\n', additional_kwargs={}, response_metadata={})]}, type: <class 'dict'>, valid types: <class 'bytes'>, <class 'bytearray'>, file-like object
2025-05-26 16:43:24,746 - verilog_tb_gen - INFO - ==================== Time Cost: 0.009885311126708984 ====================
2025-05-26 16:43:58,425 - verilog_tb_gen - INFO - Save graph to ./outputs/lang/graph.mmd You can paste this code to https://mermaid.live to generate the chart.
2025-05-26 16:43:59,867 - verilog_tb_gen - INFO - ==================== Generate data: 0 ====================
2025-05-26 16:43:59,877 - verilog_tb_gen - INFO - ===== Error for 0 =====
2025-05-26 16:43:59,877 - verilog_tb_gen - INFO - Parameter validation failed:
Missing required parameter in input: "modelId"
Unknown parameter in input: "mdoelId", must be one of: body, contentType, accept, modelId, trace, guardrailIdentifier, guardrailVersion, performanceConfigLatency
Invalid type for parameter body, value: {'anthropic_version': 'bedrock-2023-05-31', 'max_tokens': 4096, 'messages': [{'role': 'user', 'content': [{'type': 'text', 'text': 'You are a digital IC verification engineer, please analyze the function points of the module in detail according to the content of the document, in the analysis process to consider a variety of typical application scenarios such as the input port incentive scenario, supported working mode, register configuration options, Timing behavior, reset operations, boundary conditions, overflow scenarios, interrupt operations, abnormal scenarios, idle states, etc. \n\nYou will have module specification.\n\nYou only need to return the top-3 most important functional points.\n\nYou should return the function points in JSON format with the following structure:\n{\n    1: [\n        "Point": "[Function Point Category]",\n        "Scenario": "[Detailed description of the functional scenario]",\n        "Application": "[Practical application or use case for this functionality]"\n    ],\n    2: ...\n}\n\n\nThis is the specification:\nDesign a Verilog module that implements a configurable 32-bit register with comprehensive control signals. The module should include the following features: \n\n1. A 32-bit input bus (`in1`) and a 32-bit output bus (`out1`).\n2. A clock input (`clk`) that triggers data latching on the positive edge.\n3. A reset input (`reset`) that asynchronously clears the stored value when asserted high.\n4. A write control input (`write`) that, when high, allows the input data to be latched into the register on the positive edge of the clock.\n5. A read control input (`read`) that, when high, enables the output `out1` to present the currently stored value on the positive edge of the clock.\n\nThe register should be constructed from 32 positive-edge triggered D flip-flops, leveraging lower-level SR latch and D latch modules to manage data storage. The design should ensure that when the clock signal is high, the D inputs are evaluated, and the appropriate behavior is conducted based on the states of the `write` and `read` control signals. The `reset` signal should clear the stored data immediately when activated. \n\nAdditionally, the testbench for this module should establish a clock signal and seamlessly apply various input patterns, demonstrating the complete functionality of writing to, reading from, and resetting the register. The design should incorporate structured simulation elements, including waveform dump and monitoring for verification.\n\nGive me the complete code.\n\nmodule sr_schematic(s, r, q, _q);\n'}]}]}, type: <class 'dict'>, valid types: <class 'bytes'>, <class 'bytearray'>, file-like object
2025-05-26 16:43:59,877 - verilog_tb_gen - INFO - ==================== Time Cost: 0.009815454483032227 ====================
2025-05-26 16:44:19,643 - verilog_tb_gen - INFO - Save graph to ./outputs/lang/graph.mmd You can paste this code to https://mermaid.live to generate the chart.
2025-05-26 16:44:21,079 - verilog_tb_gen - INFO - ==================== Generate data: 0 ====================
2025-05-26 16:44:21,089 - verilog_tb_gen - INFO - ===== Error for 0 =====
2025-05-26 16:44:21,089 - verilog_tb_gen - INFO - Parameter validation failed:
Invalid type for parameter body, value: {'anthropic_version': 'bedrock-2023-05-31', 'max_tokens': 4096, 'messages': [{'role': 'user', 'content': [{'type': 'text', 'text': 'You are a digital IC verification engineer, please analyze the function points of the module in detail according to the content of the document, in the analysis process to consider a variety of typical application scenarios such as the input port incentive scenario, supported working mode, register configuration options, Timing behavior, reset operations, boundary conditions, overflow scenarios, interrupt operations, abnormal scenarios, idle states, etc. \n\nYou will have module specification.\n\nYou only need to return the top-3 most important functional points.\n\nYou should return the function points in JSON format with the following structure:\n{\n    1: [\n        "Point": "[Function Point Category]",\n        "Scenario": "[Detailed description of the functional scenario]",\n        "Application": "[Practical application or use case for this functionality]"\n    ],\n    2: ...\n}\n\n\nThis is the specification:\nDesign a Verilog module that implements a configurable 32-bit register with comprehensive control signals. The module should include the following features: \n\n1. A 32-bit input bus (`in1`) and a 32-bit output bus (`out1`).\n2. A clock input (`clk`) that triggers data latching on the positive edge.\n3. A reset input (`reset`) that asynchronously clears the stored value when asserted high.\n4. A write control input (`write`) that, when high, allows the input data to be latched into the register on the positive edge of the clock.\n5. A read control input (`read`) that, when high, enables the output `out1` to present the currently stored value on the positive edge of the clock.\n\nThe register should be constructed from 32 positive-edge triggered D flip-flops, leveraging lower-level SR latch and D latch modules to manage data storage. The design should ensure that when the clock signal is high, the D inputs are evaluated, and the appropriate behavior is conducted based on the states of the `write` and `read` control signals. The `reset` signal should clear the stored data immediately when activated. \n\nAdditionally, the testbench for this module should establish a clock signal and seamlessly apply various input patterns, demonstrating the complete functionality of writing to, reading from, and resetting the register. The design should incorporate structured simulation elements, including waveform dump and monitoring for verification.\n\nGive me the complete code.\n\nmodule sr_schematic(s, r, q, _q);\n'}]}]}, type: <class 'dict'>, valid types: <class 'bytes'>, <class 'bytearray'>, file-like object
2025-05-26 16:44:21,089 - verilog_tb_gen - INFO - ==================== Time Cost: 0.00994420051574707 ====================
2025-05-26 16:45:31,341 - verilog_tb_gen - INFO - Save graph to ./outputs/lang/graph.mmd You can paste this code to https://mermaid.live to generate the chart.
2025-05-26 16:45:32,780 - verilog_tb_gen - INFO - ==================== Generate data: 0 ====================
2025-05-26 16:46:27,446 - verilog_tb_gen - INFO - ===== Error for 0 =====
2025-05-26 16:46:27,446 - verilog_tb_gen - INFO - An error occurred (ValidationException) when calling the InvokeModel operation: Access to Anthropic models is not allowed from unsupported countries, regions, or territories. Please refer to https://www.anthropic.com/supported-countries for more information on the countries and regions Anthropic currently supports.
2025-05-26 16:46:27,446 - verilog_tb_gen - INFO - ==================== Time Cost: 54.666428565979004 ====================
2025-05-26 17:03:15,796 - verilog_tb_gen - INFO - Save graph to ./outputs/lang/graph.mmd You can paste this code to https://mermaid.live to generate the chart.
2025-05-26 17:03:17,221 - verilog_tb_gen - INFO - ==================== Generate data: 0 ====================
2025-05-26 17:04:23,330 - verilog_tb_gen - INFO - Save graph to ./outputs/lang/graph.mmd You can paste this code to https://mermaid.live to generate the chart.
2025-05-26 17:04:24,755 - verilog_tb_gen - INFO - ==================== Generate data: 0 ====================
2025-05-26 17:07:40,831 - verilog_tb_gen - INFO - Save graph to ./outputs/lang/graph.mmd You can paste this code to https://mermaid.live to generate the chart.
2025-05-26 17:07:42,266 - verilog_tb_gen - INFO - ==================== Generate data: 0 ====================
2025-05-26 17:08:30,271 - verilog_tb_gen - INFO - ===== Error for 0 =====
2025-05-26 17:08:30,272 - verilog_tb_gen - INFO - 'dict' object has no attribute 'content'
2025-05-26 17:08:30,272 - verilog_tb_gen - INFO - ==================== Time Cost: 48.00548195838928 ====================
2025-05-26 17:09:32,812 - verilog_tb_gen - INFO - Save graph to ./outputs/lang/graph.mmd You can paste this code to https://mermaid.live to generate the chart.
2025-05-26 17:09:34,220 - verilog_tb_gen - INFO - ==================== Generate data: 0 ====================
2025-05-26 17:10:24,329 - verilog_tb_gen - INFO - ===== Error for 0 =====
2025-05-26 17:10:24,330 - verilog_tb_gen - INFO - 'dict' object has no attribute 'split'
2025-05-26 17:10:24,330 - verilog_tb_gen - INFO - ==================== Time Cost: 50.10992383956909 ====================
2025-05-26 17:10:39,783 - verilog_tb_gen - INFO - Save graph to ./outputs/lang/graph.mmd You can paste this code to https://mermaid.live to generate the chart.
2025-05-26 17:10:41,197 - verilog_tb_gen - INFO - ==================== Generate data: 0 ====================
2025-05-26 17:11:36,539 - verilog_tb_gen - INFO - ===== Error for 0 =====
2025-05-26 17:11:36,540 - verilog_tb_gen - INFO - 'dict' object has no attribute 'content'
2025-05-26 17:11:36,540 - verilog_tb_gen - INFO - ==================== Time Cost: 55.34318542480469 ====================
2025-05-26 17:13:06,982 - verilog_tb_gen - INFO - Save graph to ./outputs/lang/graph.mmd You can paste this code to https://mermaid.live to generate the chart.
2025-05-26 17:13:08,374 - verilog_tb_gen - INFO - ==================== Generate data: 0 ====================
2025-05-26 17:13:37,952 - verilog_tb_gen - INFO - ===== Error for 0 =====
2025-05-26 17:13:37,952 - verilog_tb_gen - INFO - SSL validation failed for https://bedrock-runtime.us-west-2.amazonaws.com/model/us.anthropic.claude-sonnet-4-20250514-v1%3A0/invoke-with-response-stream [SSL: UNEXPECTED_EOF_WHILE_READING] EOF occurred in violation of protocol (_ssl.c:1000)
2025-05-26 17:13:37,952 - verilog_tb_gen - INFO - ==================== Time Cost: 29.578065156936646 ====================
